avg_temperature,avg_humidity,avg_soil_moisture,avg_ph_level,avg_salinity,avg_light_intensity,avg_health_score,fruit_count,total_weight_g,yield_class
35.99,40.07,13.45,4.18,2.43,151.55,0.0,0,15.9,Low
25.16,67.55,23.6,6.41,1.28,787.15,100.0,10,150.9,Low
25.29,69.51,24.58,6.4,1.28,976.43,100.0,30,452.1,High
33.86,36.25,21.94,5.21,3.15,109.17,1.11,0,17.3,Low
29.89,72.28,25.84,6.58,0.62,872.05,100.0,30,437.3,High
24.79,73.46,26.3,6.55,0.76,818.27,100.0,22,330.4,High
29.45,67.9,26.34,4.57,2.83,2.24,0.0,0,17.1,Low
35.52,52.3,16.92,5.46,2.98,148.22,0.0,0,14.6,Low
22.84,78.22,21.84,6.28,0.93,839.82,50.0,7,109.4,Low
26.82,73.21,24.16,6.75,0.67,1081.39,100.0,30,433.2,High
34.6,72.31,17.83,5.22,3.61,190.18,5.08,1,14.7,Low
26.45,74.93,16.74,5.05,2.17,55.63,10.88,2,29.4,Low
24.59,64.94,23.66,6.35,1.18,713.63,70.0,10,157.2,Low
25.53,69.57,26.63,5.58,0.78,615.77,100.0,30,446.7,High
23.52,72.39,25.05,5.94,0.75,773.87,100.0,26,407.9,High
32.13,55.75,9.61,3.79,1.28,77.93,0.0,0,10.4,Low
25.65,70.86,24.84,6.2,0.97,836.7,100.0,30,468.2,High
29.52,71.0,16.42,5.65,1.09,450.02,20.0,4,61.5,Low
31.28,58.5,16.28,4.54,2.36,62.59,4.43,1,16.3,Low
24.06,70.01,26.63,6.17,1.07,816.81,100.0,30,448.0,High
30.22,75.92,21.31,5.34,1.48,268.35,7.2,2,27.5,Low
33.78,74.5,20.58,4.95,1.89,397.23,6.81,1,15.1,Low
30.58,83.75,21.73,5.62,0.4,482.22,12.0,3,53.0,Low
30.53,43.37,19.56,6.31,1.19,312.41,8.4,1,16.3,Low
32.14,60.82,23.55,6.32,2.29,119.51,14.95,3,42.9,Low
29.0,33.72,18.21,4.42,1.5,177.15,2.4,0,11.4,Low
25.94,81.61,26.83,6.37,0.63,672.78,100.0,30,466.8,High
26.78,60.63,18.55,5.75,0.68,439.91,14.0,1,19.9,Low
32.84,67.76,14.95,5.29,1.43,56.4,7.2,2,36.0,Low
32.1,75.5,8.59,4.47,1.76,68.48,0.0,0,17.9,Low
27.8,50.28,22.94,5.06,0.88,381.57,8.4,2,33.1,Low
25.17,67.35,21.23,6.39,0.76,872.42,50.0,15,219.7,Medium
31.87,68.34,20.19,5.51,1.29,380.17,12.0,2,27.5,Low
30.37,44.32,11.39,5.54,4.74,104.78,0.0,0,15.5,Low
31.18,49.64,16.78,3.82,2.31,82.74,0.0,0,5.9,Low
35.07,64.3,12.87,5.59,1.21,133.48,0.0,0,15.3,Low
27.81,71.96,21.07,5.41,1.63,392.99,11.78,1,9.3,Low
23.83,74.17,26.0,6.05,0.8,876.28,100.0,28,402.7,High
27.47,70.0,19.53,5.93,1.27,512.11,20.0,5,78.0,Low
24.52,71.16,23.41,5.66,0.94,838.16,100.0,14,221.5,Medium
27.15,57.89,24.25,6.38,0.74,276.83,28.0,8,129.4,Low
28.34,65.27,17.27,4.85,1.93,539.86,11.28,2,24.5,Low
25.69,67.08,27.58,5.96,0.85,756.9,50.0,8,128.8,Low
25.86,71.51,19.02,6.35,0.97,172.33,20.0,2,28.5,Low
24.31,73.79,24.98,5.96,0.68,969.58,100.0,15,244.9,Medium
28.0,57.68,22.97,5.61,0.61,524.99,14.0,4,68.6,Low
33.04,68.9,24.33,5.79,0.94,295.85,24.0,7,99.6,Low
25.3,67.0,27.0,6.32,1.03,778.04,50.0,15,223.9,Medium
28.19,55.56,18.63,5.8,1.13,205.63,14.0,2,38.9,Low
26.77,60.07,11.82,5.71,1.18,32.25,0.0,0,18.6,Low
27.88,62.86,17.15,3.77,4.05,157.1,0.0,0,11.5,Low
34.73,51.28,21.83,5.61,1.78,414.82,8.07,2,24.2,Low
29.98,52.28,19.3,5.15,3.17,104.8,6.44,1,18.6,Low
26.3,69.91,22.18,5.58,0.86,796.1,50.0,8,108.9,Low
30.14,65.92,16.44,6.14,1.4,491.53,12.0,2,28.5,Low
30.93,56.17,18.64,5.31,1.48,69.69,5.04,1,13.5,Low
34.16,61.62,9.03,5.06,3.35,173.45,0.0,0,15.3,Low
26.91,46.32,20.32,5.1,1.29,247.57,8.4,1,18.5,Low
22.47,72.11,22.67,6.5,1.02,967.77,50.0,12,171.5,Medium
23.08,75.48,24.48,6.58,0.68,1003.93,100.0,30,455.0,High
30.49,63.26,19.64,6.25,0.8,319.77,8.4,2,34.1,Low
25.7,65.05,21.29,6.18,1.44,510.81,20.0,4,53.5,Low
35.38,61.76,16.11,5.13,1.05,131.74,0.0,0,16.1,Low
20.3,70.3,25.54,6.12,0.36,736.31,100.0,30,458.1,High
29.99,60.05,18.27,6.42,1.28,450.88,14.0,2,30.2,Low
25.17,50.65,14.25,5.63,0.47,138.32,14.0,1,17.2,Low
27.34,61.53,20.81,5.13,0.73,269.92,8.4,2,37.0,Low
27.87,66.86,18.84,5.94,1.66,350.5,19.56,5,86.8,Low
26.62,63.5,19.44,5.43,1.18,303.46,8.4,1,16.3,Low
29.48,54.81,27.16,5.37,3.72,156.41,5.78,0,18.3,Low
25.58,55.32,24.69,5.17,1.25,317.4,16.8,5,66.7,Low
28.41,61.58,21.29,5.7,1.43,314.33,14.0,4,64.1,Low
23.35,73.62,24.0,6.27,1.49,781.29,100.0,16,245.1,Medium
25.44,60.14,13.2,4.28,4.17,89.4,0.0,0,15.3,Low
30.13,73.62,23.9,5.73,1.64,610.67,58.81,15,210.3,Medium
30.5,76.4,20.96,5.82,0.95,313.7,12.0,3,48.6,Low
38.01,64.62,13.97,4.91,1.84,19.8,0.0,0,13.2,Low
37.18,75.71,12.31,5.39,2.25,88.42,0.0,0,12.5,Low
36.57,42.61,19.29,5.24,2.84,163.78,0.0,0,11.6,Low
32.7,50.19,16.24,3.39,2.95,23.92,0.0,0,16.3,Low
26.12,63.7,26.39,6.17,0.88,799.99,70.0,21,333.3,High
37.5,60.97,25.02,4.76,2.93,44.61,0.0,0,12.1,Low
29.21,53.43,15.69,6.16,1.59,293.95,13.83,4,62.6,Low
32.1,40.67,13.1,4.7,2.47,124.85,4.36,0,15.2,Low
32.37,71.57,18.53,6.51,4.02,73.02,7.77,1,16.8,Low
24.51,53.49,18.71,5.5,1.18,165.3,8.4,2,30.2,Low
23.98,75.01,26.71,5.81,1.15,898.13,100.0,18,260.9,Medium
32.55,67.97,12.99,3.55,1.12,68.36,0.0,0,18.5,Low
21.13,71.27,28.08,6.07,0.98,738.13,50.0,11,160.6,Medium
32.47,74.33,11.24,5.29,2.97,67.6,0.0,0,12.2,Low
29.37,67.42,17.09,5.13,0.76,454.66,12.0,1,16.6,Low
19.1,70.16,24.03,5.88,0.92,925.64,100.0,26,387.7,High
31.6,51.94,15.93,5.94,3.98,57.08,5.48,1,14.8,Low
35.77,58.16,19.24,5.15,1.94,72.87,0.0,0,16.9,Low
25.43,86.29,18.21,6.23,1.23,335.49,14.0,4,57.5,Low
18.73,71.79,25.63,6.29,1.01,636.99,100.0,18,273.8,Medium
30.92,57.73,16.66,6.06,2.62,217.19,7.08,0,15.8,Low
28.16,70.67,9.58,5.76,2.88,71.91,0.0,0,16.1,Low
27.62,58.25,19.97,6.16,1.87,626.21,33.19,4,54.3,Low
24.71,75.86,27.31,6.76,0.82,751.23,50.0,10,155.8,Low
26.54,71.67,24.91,6.62,0.33,874.44,100.0,21,304.8,High
26.99,64.13,15.9,6.32,1.05,544.06,14.0,4,54.2,Low
21.92,53.79,19.66,5.11,1.86,280.52,7.98,2,37.9,Low
24.68,71.8,27.1,5.97,0.42,895.08,50.0,7,108.4,Low
23.84,71.8,23.38,6.19,0.65,769.33,100.0,13,204.9,Medium
23.13,69.46,25.25,5.75,0.54,824.53,100.0,24,376.6,High
36.73,64.51,20.02,4.32,3.08,76.68,0.0,0,17.6,Low
22.05,76.03,22.8,6.09,0.83,753.41,50.0,14,207.0,Medium
22.91,78.03,26.49,6.64,1.22,722.03,100.0,13,188.6,Medium
22.4,68.48,25.07,6.07,0.87,871.94,100.0,20,306.2,Medium
26.4,71.61,26.48,6.58,1.19,803.21,100.0,30,447.4,High
25.05,69.28,24.14,6.19,0.56,882.88,100.0,29,428.7,High
33.84,72.58,19.53,4.94,1.04,118.65,7.2,1,17.1,Low
23.3,65.08,25.7,6.14,0.63,838.61,100.0,15,222.0,Medium
34.13,52.52,9.39,4.59,1.05,126.9,0.0,0,12.1,Low
32.15,72.64,2.19,5.24,2.44,51.3,0.0,0,16.1,Low
26.07,71.08,25.04,6.15,0.58,666.6,100.0,18,279.9,Medium
28.71,71.64,27.22,6.07,0.71,991.21,50.0,14,213.0,Medium
27.68,61.65,22.0,4.8,1.06,588.82,8.4,2,32.3,Low
34.9,75.72,18.51,5.37,2.94,47.12,5.75,1,18.8,Low
38.06,63.96,16.28,4.44,3.91,43.16,0.0,0,14.7,Low
30.19,67.56,18.32,4.03,1.42,80.04,0.0,0,15.3,Low
22.67,70.81,26.3,6.28,0.7,792.83,100.0,30,456.4,High
30.99,57.85,21.87,6.06,1.68,294.17,8.19,2,24.0,Low
25.77,73.83,25.77,6.59,1.11,785.94,100.0,30,465.6,High
32.51,59.3,16.21,4.94,1.21,44.18,5.04,1,17.0,Low
26.76,82.09,25.03,6.25,0.48,733.13,100.0,30,433.8,High
34.73,48.77,10.38,4.32,1.29,65.83,0.0,0,19.5,Low
33.56,50.94,4.97,4.65,2.97,169.09,0.0,0,16.0,Low
28.6,69.62,22.07,6.46,0.83,856.15,50.0,8,114.8,Low
28.16,54.89,22.58,7.55,1.3,349.15,8.4,0,16.2,Low
27.74,75.67,21.88,6.36,1.34,334.27,20.0,4,60.3,Low
27.22,72.58,23.03,6.31,0.49,835.17,100.0,17,263.5,Medium
31.87,52.32,13.37,5.32,2.69,50.55,4.2,1,11.9,Low
26.7,68.18,23.5,5.77,1.12,862.9,100.0,30,445.2,High
26.59,74.29,24.99,6.75,1.06,882.54,100.0,13,210.9,Medium
30.54,55.65,8.07,6.42,2.89,125.52,0.0,0,15.2,Low
24.37,77.81,24.91,6.0,1.17,772.53,100.0,10,163.0,Low
29.48,60.4,25.33,5.71,1.09,492.85,28.0,3,49.3,Low
24.39,58.87,10.14,4.77,2.14,119.01,0.0,0,15.7,Low
22.95,69.04,28.41,6.52,1.15,734.63,50.0,14,208.1,Medium
26.58,77.67,17.98,5.41,1.51,446.98,11.99,2,31.9,Low
28.82,61.23,20.35,6.54,1.18,190.23,14.0,4,66.1,Low
24.58,71.12,23.84,6.4,0.61,775.32,100.0,30,451.3,High
26.08,67.58,20.59,4.8,0.98,685.7,30.0,8,111.2,Low
26.88,49.84,16.27,6.98,2.13,442.79,7.65,1,11.9,Low
27.14,67.73,25.16,5.74,1.05,806.47,100.0,25,376.5,High
28.13,45.22,21.05,5.4,1.22,342.26,8.4,2,21.9,Low
31.3,70.2,14.08,5.61,1.95,302.26,11.24,2,37.8,Low
29.26,68.31,22.85,5.43,1.55,227.55,11.92,1,14.5,Low
23.85,73.93,26.9,6.29,0.69,752.3,100.0,15,209.3,Medium
33.24,68.77,24.63,5.03,2.69,146.93,12.01,3,43.3,Low
32.28,61.97,20.94,5.33,1.73,267.13,4.88,1,14.1,Low
28.64,52.78,9.83,6.18,4.06,197.12,0.0,0,11.6,Low
26.33,66.12,20.74,5.58,0.38,224.9,20.0,4,58.7,Low
26.25,75.14,24.37,6.42,0.87,919.68,100.0,18,260.0,Medium
28.94,72.36,23.46,6.01,0.91,835.91,100.0,16,248.3,Medium
33.46,53.12,12.64,5.05,0.43,70.86,0.0,0,12.4,Low
25.29,76.53,24.22,5.99,0.53,942.68,100.0,26,377.6,High
26.53,67.89,26.26,6.02,0.85,748.04,100.0,22,337.4,High
27.0,73.25,26.69,6.14,0.26,723.58,100.0,30,476.8,High
29.03,69.1,21.93,6.24,1.22,271.66,20.0,2,37.7,Low
26.66,63.76,19.57,5.76,1.27,383.02,14.0,2,24.1,Low
36.29,32.0,13.91,4.51,1.34,114.07,0.0,0,12.5,Low
30.67,42.93,4.56,5.34,2.18,200.21,0.0,0,17.7,Low
25.55,62.28,17.95,5.69,0.64,401.15,14.0,4,59.5,Low
26.85,67.75,22.5,6.32,1.25,378.89,20.0,4,62.4,Low
24.3,66.11,25.76,5.92,0.48,882.27,100.0,11,173.8,Medium
25.57,74.24,23.67,6.17,0.7,837.34,100.0,19,273.1,Medium
37.3,52.0,15.81,6.31,2.8,102.51,0.0,0,14.3,Low
36.85,22.95,19.95,3.43,2.68,99.45,0.0,0,16.0,Low
25.98,69.94,25.1,6.36,0.97,782.27,100.0,12,190.2,Medium
35.27,71.0,14.24,4.22,0.99,63.12,0.0,0,12.1,Low
32.61,58.5,15.84,5.15,2.34,167.37,4.45,1,14.4,Low
29.91,54.32,20.68,6.02,1.26,418.91,14.0,1,14.1,Low
27.94,83.46,20.1,4.77,0.9,359.25,12.0,3,35.9,Low
32.13,49.94,13.78,4.63,2.44,117.74,4.38,1,15.9,Low
29.45,51.74,25.37,5.67,1.8,633.52,67.08,20,315.6,Medium
31.11,64.6,21.1,5.97,1.5,443.83,8.4,2,23.3,Low
22.06,63.79,25.53,6.16,0.64,898.52,70.0,14,195.0,Medium
32.75,38.17,16.17,5.82,2.83,50.24,1.95,0,13.5,Low
26.66,61.76,17.71,4.13,1.8,133.87,0.0,0,12.1,Low
29.48,57.24,23.08,4.78,1.84,342.84,15.99,1,14.0,Low
30.12,84.02,21.38,5.17,0.93,479.76,7.2,1,13.9,Low
22.42,73.11,25.26,6.53,1.35,748.03,100.0,16,237.4,Medium
31.29,65.74,1.33,4.5,2.65,112.87,0.0,0,9.3,Low
28.19,54.97,22.21,5.57,1.82,410.63,13.37,4,64.6,Low
24.43,65.58,23.77,5.61,1.44,321.46,40.0,12,156.2,Medium
26.68,60.0,22.41,5.52,1.06,245.1,14.0,4,49.0,Low
23.56,71.47,24.26,6.45,1.25,753.53,100.0,30,479.1,High
22.79,70.88,26.49,6.08,0.39,687.21,100.0,12,184.2,Medium
31.26,68.58,22.15,6.29,1.86,418.37,11.39,2,23.8,Low
27.93,67.9,20.93,6.13,1.15,502.66,20.0,6,96.0,Low
27.72,54.92,18.05,4.53,3.22,0.0,0.0,0,13.2,Low
22.4,71.37,25.49,6.07,0.62,797.83,100.0,28,433.5,High
24.85,69.99,19.61,5.76,0.4,372.72,20.0,2,33.7,Low
34.65,74.68,20.89,3.32,3.78,97.27,0.0,0,13.7,Low
33.41,62.37,16.81,4.13,3.17,105.92,0.0,0,14.6,Low
24.91,74.68,27.52,6.0,0.82,937.04,50.0,11,166.5,Medium
23.68,72.42,25.16,6.29,0.58,804.42,100.0,22,339.3,High
24.4,73.92,22.97,6.01,0.93,901.79,50.0,8,114.4,Low
25.63,73.98,8.61,4.29,1.5,68.33,0.0,0,20.3,Low
28.75,52.64,7.78,4.95,3.42,75.64,0.0,0,18.9,Low
26.61,77.66,23.41,6.36,0.58,891.91,100.0,30,452.1,High
24.21,64.83,18.28,5.7,0.96,305.02,14.0,4,50.6,Low
26.49,78.36,15.21,5.8,1.12,455.86,20.0,6,80.7,Low
32.29,65.08,14.4,4.82,2.41,157.07,6.28,1,11.5,Low
31.07,50.21,23.58,3.72,2.19,128.48,0.0,0,20.1,Low
26.66,52.88,9.95,4.95,2.66,166.03,0.0,0,17.1,Low
28.54,47.15,23.02,3.66,2.68,45.35,0.0,0,10.9,Low
38.81,56.11,5.98,5.28,0.81,122.44,0.0,0,14.9,Low
25.22,69.3,25.82,6.41,0.8,843.98,100.0,17,260.0,Medium
24.44,87.27,25.53,5.55,1.48,278.14,28.0,4,70.9,Low
24.37,66.21,17.1,5.72,1.32,164.66,20.0,3,48.0,Low
24.04,74.52,23.79,6.36,0.7,800.36,100.0,27,381.0,High
19.92,68.42,24.89,6.29,0.9,880.87,100.0,30,475.7,High
26.13,67.0,25.21,6.26,0.76,636.37,100.0,23,370.2,High
24.96,68.57,22.75,6.62,0.88,691.18,50.0,10,158.4,Low
22.55,67.57,23.38,6.45,0.2,791.62,100.0,12,172.6,Medium
34.77,51.07,12.61,3.8,3.2,174.81,0.0,0,11.7,Low
24.47,52.45,21.42,2.34,1.8,183.56,0.0,0,12.2,Low
37.21,70.06,19.26,5.48,1.01,340.0,0.0,0,16.7,Low
31.01,67.64,17.72,6.13,1.36,474.03,12.0,2,28.0,Low
26.22,73.54,25.25,6.0,0.76,750.43,100.0,21,326.3,High
22.52,64.89,18.01,5.21,1.58,190.74,8.31,2,31.2,Low
33.1,52.35,10.86,4.33,3.62,66.47,0.0,0,17.6,Low
26.45,71.42,27.19,5.92,0.22,993.89,50.0,9,129.5,Low
25.57,78.34,26.48,5.73,0.47,901.91,100.0,30,415.3,High
31.18,68.1,8.47,5.5,3.48,55.36,0.0,0,17.3,Low
26.9,67.03,19.34,5.75,0.33,641.31,50.0,15,234.2,Medium
35.38,52.71,9.66,5.19,1.97,158.87,0.0,0,18.0,Low
24.46,62.91,22.24,6.13,0.66,476.05,14.0,2,29.7,Low
33.25,71.84,10.7,4.22,2.9,110.58,0.0,0,10.0,Low
23.42,57.31,13.84,6.57,1.66,0.0,0.0,0,12.4,Low
35.03,42.89,17.21,4.38,0.91,70.09,0.0,0,16.8,Low
25.3,65.62,17.59,5.79,1.12,515.98,20.0,3,45.8,Low
25.4,75.39,25.43,6.28,0.63,723.93,100.0,21,343.1,High
34.53,70.13,20.78,5.23,0.94,121.49,7.2,0,12.2,Low
26.6,55.27,23.81,5.86,0.71,526.89,28.0,8,123.1,Low
32.41,62.32,18.42,5.99,1.76,147.07,8.09,2,28.4,Low
24.53,68.94,26.51,6.65,1.23,734.75,100.0,15,232.8,Medium
20.15,72.0,27.46,6.37,0.91,744.36,50.0,15,236.3,Medium
29.04,65.73,18.41,5.54,0.81,0.0,0.0,0,17.5,Low
22.57,73.36,24.33,6.13,0.69,625.58,100.0,30,449.8,High
26.18,71.07,23.01,6.6,0.76,905.9,100.0,25,380.6,High
25.9,66.14,25.9,6.19,0.27,884.75,100.0,13,215.2,Medium
32.05,63.45,11.24,4.89,3.18,56.64,0.0,0,11.4,Low
27.78,68.74,19.45,5.49,1.01,187.35,12.0,3,42.2,Low
29.08,63.16,21.45,5.92,0.82,58.47,14.0,2,28.5,Low
26.51,70.75,23.58,6.25,1.09,778.9,100.0,30,421.8,High
29.61,70.71,18.96,4.92,1.75,364.68,11.58,3,48.8,Low
24.48,77.62,26.55,6.31,1.32,868.61,100.0,30,456.4,High
21.94,71.77,23.52,6.19,1.22,760.17,100.0,30,429.8,High
30.88,71.59,19.13,6.2,0.62,488.4,12.0,3,47.4,Low
24.95,76.31,25.35,6.24,0.69,765.28,100.0,30,473.5,High
30.8,64.5,22.32,6.19,1.64,435.36,8.23,2,35.3,Low
27.59,64.09,25.92,6.85,1.11,970.79,42.0,9,133.2,Low
27.97,45.76,12.93,4.63,1.24,90.19,0.0,0,14.1,Low
24.34,80.28,25.59,6.3,0.93,801.79,100.0,10,135.1,Low
40.43,29.54,23.11,5.18,3.47,99.95,0.0,0,15.6,Low
28.58,58.06,17.93,6.53,1.62,341.87,13.77,4,55.1,Low
34.56,64.15,13.88,4.67,1.28,204.27,5.04,1,20.7,Low
28.58,62.87,17.63,4.61,1.03,631.72,21.0,6,99.7,Low
30.36,49.92,10.49,5.21,1.5,150.89,0.0,0,18.9,Low
23.07,69.1,24.42,6.03,1.26,584.5,40.0,6,98.0,Low
25.47,67.17,22.64,6.18,0.62,855.22,50.0,8,116.0,Low
31.98,77.16,22.45,6.15,1.56,664.37,29.75,5,83.4,Low
31.74,53.46,18.55,5.15,2.61,158.24,4.26,1,17.9,Low
30.4,44.28,8.28,4.79,3.04,0.0,0.0,0,20.9,Low
24.47,67.88,24.47,5.99,1.23,761.76,100.0,14,195.8,Medium
22.73,83.27,24.43,6.6,0.32,905.02,100.0,30,469.6,High
27.27,73.63,19.27,6.13,1.49,456.88,20.0,4,60.5,Low
22.75,67.73,23.26,5.98,0.68,806.01,100.0,30,476.0,High
26.43,60.45,12.78,5.41,0.97,113.0,0.0,0,12.3,Low
25.23,73.06,23.77,6.13,0.62,705.07,100.0,30,484.4,High
35.17,26.9,18.69,4.0,3.69,85.42,0.0,0,14.0,Low
25.92,70.39,19.72,5.9,0.32,582.14,20.0,3,44.3,Low
24.49,79.04,26.61,6.43,0.38,979.58,100.0,10,150.4,Low
31.37,58.4,20.55,6.38,1.4,304.33,8.4,1,12.0,Low
28.65,64.7,21.15,6.13,1.72,248.11,13.58,4,56.4,Low
33.78,68.78,26.2,6.07,1.74,438.18,23.19,6,96.7,Low
28.46,55.95,15.06,6.23,-0.13,456.41,14.0,3,45.6,Low
23.75,46.81,18.9,5.64,1.55,444.29,13.91,1,18.0,Low
23.44,77.81,24.52,5.76,0.55,823.79,100.0,24,352.8,High
28.34,71.91,23.2,5.93,0.81,404.42,40.0,7,105.0,Low
26.64,70.87,22.12,6.02,0.61,793.03,50.0,7,109.1,Low
23.89,70.76,16.95,5.97,1.84,321.84,19.04,2,27.9,Low
23.52,70.86,24.93,6.41,0.84,777.69,100.0,26,384.3,High
21.92,68.6,25.68,5.97,1.13,904.62,100.0,22,342.5,High
28.27,47.42,15.19,5.63,4.36,170.2,8.38,1,9.1,Low
26.77,59.83,18.89,6.74,1.1,498.59,14.0,1,15.1,Low
22.88,68.68,25.02,6.47,0.77,668.65,100.0,11,164.0,Medium
28.34,73.57,12.31,4.72,1.75,65.41,0.0,0,9.8,Low
30.23,48.05,13.02,5.76,1.89,114.99,0.0,0,16.2,Low
26.5,77.13,26.59,6.38,0.56,919.56,100.0,30,452.6,High
27.23,50.46,7.54,4.99,3.6,152.46,0.0,0,13.9,Low
25.89,75.75,23.33,6.2,0.94,811.35,100.0,30,447.1,High
24.9,74.87,25.84,6.29,0.65,902.01,100.0,11,150.3,Medium
36.12,36.21,16.45,3.88,3.62,24.83,0.0,0,19.7,Low
31.48,80.15,16.07,6.51,0.83,462.9,12.0,3,36.7,Low
26.25,53.97,19.13,5.4,1.87,498.15,7.96,2,32.3,Low
31.29,29.75,21.42,5.53,3.24,67.26,1.81,0,20.4,Low
24.35,72.39,24.58,6.28,0.44,860.69,100.0,18,273.7,Medium
30.47,68.0,15.64,4.42,4.22,118.14,4.46,1,12.4,Low
26.39,69.07,19.07,5.56,1.64,314.56,19.6,3,42.5,Low
23.31,74.75,24.2,6.4,0.92,907.68,100.0,29,450.0,High
24.64,66.65,25.22,6.08,1.13,631.59,100.0,30,457.9,High
21.86,66.41,25.5,6.23,1.18,917.94,100.0,24,391.4,High
23.54,61.68,24.06,5.81,0.79,364.64,28.0,8,102.0,Low
30.0,73.12,20.16,5.34,1.3,406.67,12.0,3,40.1,Low
28.68,63.05,19.37,6.21,1.62,564.03,13.76,3,46.8,Low
29.16,64.13,8.25,6.02,2.04,20.34,0.0,0,13.9,Low
29.2,65.05,16.7,6.61,0.76,328.15,20.0,6,96.8,Low
31.86,62.54,18.02,5.68,1.34,504.56,8.4,0,13.6,Low
20.57,62.81,22.62,5.75,1.46,347.28,14.0,3,44.1,Low
27.12,72.02,22.67,6.49,1.09,895.0,50.0,15,237.0,Medium
26.32,80.83,24.86,5.95,0.51,885.09,100.0,30,443.5,High
27.86,65.28,16.26,5.75,0.96,512.6,20.0,5,75.6,Low
28.12,67.26,19.19,5.25,2.35,64.61,10.57,2,33.2,Low
28.91,65.78,7.73,5.44,2.46,73.8,0.0,0,13.7,Low
29.64,52.58,20.26,5.11,1.74,84.88,8.12,2,30.9,Low
28.66,50.32,12.66,4.53,3.06,25.58,0.0,0,11.5,Low
38.27,48.49,11.35,4.98,3.12,103.11,0.0,0,13.6,Low
25.23,75.58,23.46,6.13,0.94,655.31,100.0,29,439.6,High
23.97,71.25,22.83,5.51,0.7,623.86,50.0,15,205.4,Medium
36.87,62.95,23.2,5.03,1.32,362.59,0.0,0,15.9,Low
31.34,64.24,24.71,5.78,0.97,422.87,16.8,4,51.3,Low
24.43,70.87,23.16,6.51,0.68,814.93,100.0,25,371.0,High
26.5,58.72,19.65,5.44,1.65,161.54,8.22,2,26.1,Low
22.24,71.3,23.99,6.29,0.47,863.08,100.0,14,198.3,Medium
27.34,54.28,17.61,6.2,1.36,546.15,14.0,2,32.9,Low
37.33,71.38,9.74,5.28,1.89,92.46,0.0,0,14.4,Low
25.88,67.88,24.44,6.03,0.19,917.3,100.0,30,421.2,High
28.81,44.73,2.66,4.31,3.97,98.28,0.0,0,20.2,Low
26.88,78.73,17.6,6.26,1.01,323.3,20.0,2,33.4,Low
31.57,54.72,10.24,5.84,1.28,159.36,0.0,0,13.6,Low
26.99,69.7,22.78,6.15,0.78,839.84,50.0,15,215.0,Medium
27.0,72.74,23.64,5.98,0.36,752.28,100.0,11,169.9,Medium
29.94,72.03,10.93,5.88,1.68,0.0,0.0,0,16.2,Low
26.98,63.96,18.85,5.75,0.68,638.0,35.0,10,143.5,Low
32.42,66.15,24.19,5.77,1.37,558.72,24.0,3,43.4,Low
26.93,38.95,11.83,4.94,0.89,117.98,0.0,0,10.7,Low
23.21,67.2,24.14,6.06,1.04,809.48,100.0,22,319.9,High
27.07,65.96,18.79,5.6,1.4,478.23,20.0,6,89.6,Low
31.92,56.75,10.41,4.55,3.07,98.44,0.0,0,17.0,Low
23.74,70.33,29.34,6.25,0.85,643.51,50.0,11,172.2,Medium
28.98,56.12,23.02,6.47,1.66,336.33,27.36,8,114.8,Low
24.65,77.04,26.14,6.27,0.92,881.4,100.0,29,420.7,High
23.7,76.07,24.82,6.67,1.05,672.15,100.0,12,185.2,Medium
32.48,57.2,18.56,5.51,2.61,157.39,7.09,1,15.4,Low
26.01,52.69,15.31,5.03,2.71,100.6,6.97,2,27.4,Low
26.89,74.95,26.78,5.64,0.71,816.81,100.0,20,300.6,Medium
27.83,50.75,16.63,5.74,2.18,23.24,12.67,1,10.1,Low
23.53,78.52,26.56,6.19,1.25,929.41,100.0,30,466.7,High
27.03,69.66,23.93,5.86,0.94,790.16,100.0,11,180.0,Medium
22.79,71.63,24.19,6.09,0.62,853.23,100.0,13,188.5,Medium
29.5,58.43,18.44,5.69,1.17,465.71,14.0,1,17.0,Low
24.32,71.49,25.08,6.37,0.6,762.76,100.0,12,185.6,Medium
25.51,72.12,27.95,6.97,0.77,816.61,30.0,5,74.3,Low
25.69,75.87,26.62,6.74,0.48,930.76,100.0,28,428.5,High
23.49,69.72,24.37,6.51,1.17,875.03,100.0,20,324.1,Medium
34.14,64.95,8.03,5.03,1.68,29.63,0.0,0,18.0,Low
29.53,65.41,22.48,7.57,1.09,352.91,12.0,1,13.3,Low
32.55,71.87,19.5,5.33,1.21,316.11,7.2,0,16.4,Low
27.18,63.61,19.9,6.58,1.23,247.14,14.0,3,43.6,Low
26.71,79.16,22.23,4.9,1.26,261.95,12.0,2,31.7,Low
35.18,54.09,18.21,5.13,2.19,80.12,0.0,0,18.9,Low
30.45,75.21,19.4,5.5,1.47,277.44,12.0,1,12.0,Low
25.56,71.91,25.46,6.61,0.87,801.03,100.0,30,418.8,High
27.47,74.16,24.79,6.47,0.77,769.8,100.0,22,318.2,High
26.57,72.88,29.02,6.2,0.78,801.28,50.0,7,89.0,Low
34.43,58.5,17.54,4.52,1.33,139.22,5.04,1,14.3,Low
31.73,69.09,23.65,5.89,1.31,257.35,24.0,4,65.1,Low
34.05,70.09,16.43,6.07,1.62,442.39,11.8,3,42.5,Low
21.56,75.36,23.15,6.24,0.28,847.41,100.0,17,246.4,Medium
26.12,71.26,18.77,4.82,1.87,316.32,11.37,3,47.2,Low
23.96,62.66,21.61,6.42,0.67,806.86,35.0,10,138.5,Low
24.49,73.6,26.31,6.73,0.87,781.92,100.0,12,193.3,Medium
25.53,64.34,24.7,6.38,0.81,823.19,70.0,10,126.4,Low
24.29,74.23,29.22,6.44,0.14,610.41,50.0,10,153.8,Low
23.18,67.95,22.89,5.9,0.94,756.28,50.0,8,122.9,Low
27.52,72.59,26.23,5.99,0.28,558.9,40.0,8,135.6,Low
29.45,59.79,13.18,5.09,1.56,164.27,8.32,2,32.7,Low
36.17,69.5,19.48,4.97,1.64,0.0,0.0,0,19.7,Low
28.11,64.55,20.28,5.76,1.46,512.83,14.0,4,47.5,Low
25.44,72.62,24.76,6.33,0.68,827.48,100.0,30,474.4,High
31.37,75.26,19.86,5.73,1.29,332.3,12.0,2,32.6,Low
27.7,78.31,15.44,6.98,1.14,347.46,12.0,1,15.0,Low
32.56,66.61,20.0,6.59,3.28,126.54,9.0,2,24.3,Low
25.84,67.87,21.05,5.57,1.02,326.78,20.0,6,95.4,Low
31.69,44.51,20.49,5.26,3.18,111.38,3.85,1,15.1,Low
23.13,77.89,23.58,6.2,0.94,852.75,100.0,24,363.3,High
37.26,57.11,16.81,5.41,2.45,0.0,0.0,0,13.1,Low
22.92,64.06,23.5,5.65,0.95,337.41,28.0,7,99.8,Low
29.32,48.91,12.15,6.93,2.6,177.76,0.0,0,20.2,Low
29.82,45.0,14.96,3.76,1.62,51.44,0.0,0,17.2,Low
27.18,55.14,19.4,5.96,2.84,48.0,11.37,3,38.2,Low
25.53,73.99,26.45,6.37,0.79,842.83,100.0,15,228.3,Medium
22.96,47.07,9.55,3.7,2.8,149.84,0.0,0,18.4,Low
27.41,69.89,18.96,5.48,1.73,446.71,11.62,1,16.2,Low
30.67,57.78,11.06,5.26,1.92,108.46,0.0,0,14.0,Low
28.15,76.91,25.01,6.37,0.51,917.32,100.0,19,274.3,Medium
30.81,61.36,16.4,5.91,1.5,308.39,8.4,2,28.9,Low
36.87,43.28,17.16,4.33,2.96,43.49,0.0,0,14.0,Low
27.19,70.93,22.44,4.82,1.46,497.55,12.0,3,43.4,Low
35.55,45.83,10.0,6.63,1.94,84.77,0.0,0,12.5,Low
24.14,69.9,23.61,6.29,0.54,618.95,100.0,18,268.5,Medium
32.68,46.26,17.22,6.35,2.42,108.44,7.31,1,13.1,Low
33.35,61.39,19.77,6.42,1.39,409.56,8.4,2,35.4,Low
27.81,47.14,16.57,5.84,0.86,465.49,14.0,2,30.1,Low
24.99,72.93,29.01,6.25,0.49,820.43,50.0,15,222.9,Medium
25.18,75.35,24.01,6.28,1.01,870.6,100.0,26,383.5,High
24.38,70.37,25.76,6.34,0.96,928.35,100.0,30,451.2,High
31.38,68.2,13.82,5.15,1.49,418.5,7.2,2,29.6,Low
25.97,54.89,21.17,5.08,1.31,462.64,8.4,1,18.3,Low
28.58,76.68,20.15,6.28,2.44,561.66,17.36,3,34.7,Low
25.4,70.1,24.41,6.19,0.83,752.48,100.0,30,425.3,High
25.27,53.32,17.28,5.5,1.52,408.32,8.37,1,12.9,Low
31.2,47.14,22.52,4.99,1.05,53.2,5.04,0,13.3,Low
27.65,41.92,5.39,4.33,1.32,83.98,0.0,0,10.9,Low
24.89,68.8,27.53,6.24,1.19,807.23,50.0,15,228.1,Medium
19.64,65.85,24.44,6.19,0.6,767.82,100.0,13,199.3,Medium
24.87,54.61,23.1,5.41,1.23,439.27,16.8,5,84.4,Low
32.07,35.34,23.08,4.8,3.33,183.6,2.14,0,14.2,Low
24.61,51.56,7.56,5.75,1.89,88.2,0.0,0,13.5,Low
26.66,77.26,25.92,5.99,1.4,664.23,100.0,30,412.2,High
27.74,42.32,11.8,4.94,3.9,32.75,0.0,0,10.0,Low
33.54,36.78,10.57,4.15,1.57,156.02,0.0,0,17.7,Low
25.06,68.68,22.97,6.27,0.79,848.15,50.0,15,226.3,Medium
30.76,47.55,12.97,5.24,0.44,128.05,0.0,0,18.5,Low
26.12,35.66,15.38,4.56,3.91,105.95,1.59,0,16.2,Low
27.97,51.14,16.53,6.02,1.17,288.89,14.0,1,13.7,Low
23.61,67.92,24.65,6.29,0.8,815.53,100.0,13,187.9,Medium
26.27,66.18,20.72,5.77,1.36,487.77,20.0,6,84.6,Low
33.11,63.24,15.48,5.05,1.2,146.59,5.04,0,20.0,Low
39.56,59.73,11.5,5.73,1.99,51.52,0.0,0,10.8,Low
30.29,51.36,16.72,6.33,3.28,188.14,6.3,0,18.5,Low
41.84,43.0,9.21,6.17,1.63,147.28,0.0,0,16.2,Low
33.45,39.78,15.54,5.9,1.41,105.99,2.4,0,13.7,Low
26.87,66.86,25.97,5.82,1.41,783.43,100.0,30,428.0,High
34.34,34.04,6.44,6.31,3.97,196.18,0.0,0,15.0,Low
23.45,77.83,25.76,5.89,0.59,629.85,100.0,30,452.8,High
23.86,74.05,16.31,5.43,3.04,151.38,9.41,2,32.9,Low
28.8,56.07,22.29,4.95,0.97,430.07,8.4,2,25.5,Low
24.53,68.84,19.68,6.37,1.09,428.76,20.0,6,86.8,Low
24.1,55.38,19.58,5.3,-0.18,509.85,8.4,0,19.6,Low
24.31,77.9,24.35,5.99,0.6,682.59,100.0,15,215.0,Medium
32.29,43.54,11.8,4.76,3.54,101.67,0.0,0,14.5,Low
35.92,66.91,19.17,5.36,2.84,68.95,0.0,0,15.4,Low
35.68,65.33,7.86,4.02,3.54,70.51,0.0,0,18.6,Low
21.36,74.86,24.34,6.05,0.84,725.31,100.0,27,413.6,High
29.34,61.63,18.94,5.58,1.34,621.9,35.0,10,154.4,Low
27.92,69.88,16.89,5.88,0.83,271.13,20.0,6,84.9,Low
30.9,59.45,16.05,2.48,1.77,178.77,0.0,0,11.1,Low
33.25,34.93,15.73,4.58,3.2,110.83,1.1,0,12.1,Low
26.7,73.0,22.97,6.01,0.85,897.71,50.0,9,134.8,Low
38.13,51.79,16.35,5.64,3.59,85.91,0.0,0,9.8,Low
21.36,55.59,16.61,4.75,1.56,149.52,8.33,1,14.7,Low
31.78,55.28,20.24,5.02,2.17,53.58,4.57,1,13.2,Low
31.27,69.09,11.02,3.79,3.28,90.7,0.0,0,10.2,Low
27.56,47.16,18.81,5.31,1.3,387.05,8.4,2,31.0,Low
25.01,69.62,25.7,6.68,1.14,777.43,100.0,21,306.4,High
37.17,57.64,11.6,4.92,1.3,151.35,0.0,0,18.5,Low
35.83,50.35,13.92,5.1,3.84,150.41,0.0,0,18.4,Low
21.78,69.39,25.32,5.78,1.49,714.38,100.0,18,289.1,Medium
32.22,82.77,10.8,5.83,1.55,121.48,0.0,0,15.1,Low
35.32,63.71,11.15,6.93,3.56,75.52,0.0,0,15.2,Low
26.53,71.04,25.59,5.56,0.59,876.79,100.0,20,289.4,Medium
27.08,67.04,25.64,6.15,0.74,871.44,100.0,12,173.9,Medium
28.59,74.01,26.54,6.28,1.46,460.35,40.0,10,152.0,Low
29.73,60.42,19.9,5.44,2.07,550.66,7.73,2,20.9,Low
31.08,56.91,19.99,3.38,1.89,101.92,0.0,0,11.1,Low
23.2,67.02,23.93,6.42,1.39,576.21,40.0,5,71.5,Low
22.16,57.06,23.53,5.69,1.19,280.22,28.0,7,104.6,Low
22.93,69.02,23.53,6.0,1.49,221.97,40.0,7,104.9,Low
24.27,61.17,12.48,5.41,1.81,15.04,0.0,0,13.4,Low
25.95,75.48,24.83,6.06,1.03,976.94,100.0,13,184.5,Medium
24.14,77.14,26.1,6.55,0.36,878.75,100.0,22,321.8,High
26.47,41.36,11.02,5.93,2.88,105.66,0.0,0,15.9,Low
34.47,42.61,16.74,5.56,2.13,104.79,7.65,2,35.1,Low
27.44,65.82,28.06,5.67,0.97,289.97,20.0,6,93.1,Low
23.26,75.08,24.63,5.86,0.69,810.13,100.0,10,158.2,Low
25.33,65.92,22.87,6.02,0.93,998.7,50.0,15,240.5,Medium
37.37,16.57,15.37,5.32,1.65,23.25,0.0,0,10.4,Low
39.36,58.09,12.51,4.95,3.19,50.92,0.0,0,15.8,Low
25.7,72.28,24.98,6.17,0.4,702.76,100.0,14,209.1,Medium
35.64,57.9,14.55,4.32,3.37,135.75,0.0,0,11.1,Low
31.48,35.08,14.21,5.32,2.84,130.26,1.17,0,16.9,Low
27.28,78.27,28.03,5.56,0.62,722.98,50.0,7,97.2,Low
25.42,76.12,22.41,6.04,0.46,833.81,50.0,9,135.0,Low
29.41,68.64,22.69,6.63,1.09,795.96,50.0,9,144.8,Low
27.37,62.46,10.92,5.14,2.12,166.77,0.0,0,16.8,Low
27.56,61.41,16.72,6.06,1.34,420.91,14.0,2,23.7,Low
28.86,60.31,23.15,5.9,0.57,262.1,28.0,5,79.8,Low
34.02,58.61,20.48,5.86,1.45,329.31,8.4,1,11.7,Low
22.43,74.31,26.63,6.38,0.94,964.89,100.0,30,437.8,High
20.08,55.54,21.87,5.46,1.67,715.11,20.5,6,82.2,Low
27.41,67.77,22.66,6.35,1.1,751.28,50.0,15,222.1,Medium
31.13,49.35,19.55,5.66,1.62,213.53,8.25,1,14.6,Low
35.74,60.9,17.36,4.51,2.05,153.87,0.0,0,18.2,Low
28.19,72.75,27.3,6.36,1.08,810.94,50.0,15,223.9,Medium
27.74,76.08,24.51,6.17,1.66,666.18,97.75,29,460.8,High
29.81,49.54,15.41,4.15,1.95,18.68,0.0,0,9.1,Low
23.76,68.98,23.19,6.23,0.65,706.98,100.0,30,472.6,High
27.48,71.49,23.67,6.15,1.12,731.89,100.0,30,449.5,High
36.5,53.27,13.02,4.1,2.28,98.13,0.0,0,14.3,Low
28.24,73.74,25.86,5.82,0.98,630.82,100.0,30,459.0,High
25.66,69.74,25.96,6.28,0.68,732.69,100.0,30,454.6,High
28.55,60.35,19.44,6.36,1.68,197.45,13.65,4,56.4,Low
36.81,50.45,11.69,4.39,2.11,133.68,0.0,0,17.5,Low
33.17,64.08,17.31,5.82,2.09,250.94,7.7,1,16.1,Low
33.87,57.24,21.75,5.32,0.84,169.77,5.04,1,18.3,Low
24.81,63.41,24.79,6.28,0.68,775.99,70.0,12,176.2,Medium
28.58,51.34,19.56,5.68,0.45,216.71,14.0,1,17.9,Low
37.8,59.72,13.65,4.54,0.02,85.98,0.0,0,15.8,Low
24.36,67.78,24.92,6.09,1.03,766.74,100.0,17,235.1,Medium
28.71,75.03,22.8,5.61,0.93,473.68,20.0,5,70.6,Low
27.39,66.03,18.85,5.38,1.51,317.61,11.99,1,16.0,Low
33.68,52.76,18.89,3.83,2.14,162.59,0.0,0,16.7,Low
24.14,70.43,25.71,5.86,0.81,753.51,100.0,30,434.3,High
25.51,67.02,17.33,5.2,1.34,264.16,12.0,2,30.7,Low
29.17,74.34,16.25,4.54,1.97,81.19,11.22,3,37.2,Low
34.73,61.55,12.1,5.7,2.79,76.37,0.0,0,10.7,Low
32.08,58.05,9.14,4.63,3.74,128.83,0.0,0,19.5,Low
41.91,64.99,21.05,5.96,2.73,89.47,0.0,0,13.8,Low
33.4,43.58,5.27,5.36,1.14,67.02,0.0,0,14.0,Low
23.58,72.73,22.72,5.93,1.66,368.71,19.54,5,67.4,Low
37.42,58.57,18.12,4.38,3.51,116.47,0.0,0,13.3,Low
26.43,80.68,20.42,5.81,1.7,488.25,19.45,5,75.6,Low
23.75,63.52,24.62,5.26,1.46,328.98,16.8,4,60.9,Low
22.55,71.03,22.5,6.3,1.16,877.92,50.0,12,174.4,Medium
25.34,78.2,19.27,5.83,0.92,288.77,20.0,2,30.5,Low
30.03,38.47,6.94,5.0,2.45,86.13,0.0,0,13.3,Low
30.1,66.24,18.81,3.69,2.74,71.57,0.0,0,11.1,Low
23.67,75.7,27.62,6.31,0.98,916.14,50.0,10,153.9,Low
33.13,46.33,23.0,5.11,2.25,34.17,4.51,1,15.6,Low
29.1,44.72,20.0,5.41,2.31,199.86,7.44,0,17.6,Low
22.23,74.09,23.9,6.19,0.4,833.05,100.0,30,436.6,High
33.39,52.55,16.39,5.43,1.7,71.4,4.9,1,9.9,Low
24.21,71.69,26.72,5.77,0.72,942.21,100.0,22,339.6,High
21.89,64.12,19.15,5.96,1.16,355.01,14.0,3,39.9,Low
32.81,53.71,8.74,3.67,2.34,92.28,0.0,0,17.5,Low
37.21,67.94,13.53,5.13,2.35,207.27,0.0,0,14.9,Low
25.34,67.79,24.78,6.25,0.67,903.57,100.0,30,441.0,High
30.44,46.0,10.2,5.69,2.86,148.36,0.0,0,15.7,Low
21.21,41.85,17.43,5.13,3.53,175.13,6.01,1,15.6,Low
26.43,67.79,28.53,5.3,3.78,44.89,8.17,2,29.0,Low
33.48,25.89,22.47,3.29,1.64,81.86,0.0,0,20.1,Low
25.31,74.5,24.76,6.54,1.42,632.7,100.0,11,166.6,Medium
26.9,67.95,24.31,6.52,0.82,729.18,100.0,26,389.3,High
21.24,68.09,19.2,5.92,2.4,494.21,17.48,1,16.6,Low
24.19,72.55,24.11,6.51,1.09,1005.37,100.0,14,199.4,Medium
29.24,49.09,24.6,2.55,2.03,177.18,0.0,0,19.5,Low
28.6,56.74,21.88,5.16,1.7,323.89,8.16,2,33.0,Low
26.91,76.76,26.6,6.2,1.02,920.34,100.0,30,449.0,High
34.79,45.44,16.52,6.32,2.39,187.72,7.36,2,31.7,Low
23.72,64.87,23.4,6.09,1.08,814.64,70.0,17,260.2,Medium
29.15,62.67,21.22,6.16,0.81,36.53,14.0,4,74.0,Low
28.92,66.47,21.84,6.57,0.93,370.22,20.0,5,86.7,Low
31.23,59.64,25.01,4.13,2.58,64.48,0.0,0,16.7,Low
24.88,70.1,24.93,6.2,1.23,521.12,40.0,12,181.6,Medium
30.98,48.91,15.26,5.01,2.27,136.2,4.5,1,12.2,Low
32.73,62.64,18.81,6.05,1.2,673.25,21.0,6,87.9,Low
26.81,69.84,24.39,5.83,1.04,656.51,100.0,22,321.6,High
25.68,78.55,25.77,6.17,0.52,897.3,100.0,14,205.7,Medium
26.26,70.46,24.09,6.37,0.53,896.09,100.0,27,413.3,High
20.65,71.93,21.39,6.14,0.67,475.87,20.0,4,54.6,Low
24.04,72.95,23.4,6.01,1.78,502.4,38.42,11,147.9,Medium
34.39,43.87,19.95,4.86,0.28,78.04,5.04,1,13.3,Low
42.65,54.87,29.56,3.42,0.83,64.15,0.0,0,15.3,Low
24.09,63.46,15.44,5.95,2.43,433.66,12.18,2,28.0,Low
27.85,69.1,21.04,5.98,0.57,649.29,50.0,11,167.4,Medium
25.96,49.54,19.04,4.95,2.67,158.6,7.03,1,11.1,Low
30.93,62.0,23.52,6.3,1.11,278.3,16.8,2,21.1,Low
31.98,45.74,14.03,4.85,2.02,172.31,4.67,0,14.5,Low
20.89,68.23,14.65,4.09,0.67,78.01,0.0,0,16.6,Low
33.96,58.74,18.33,5.83,1.03,332.48,8.4,2,30.5,Low
24.26,77.32,27.19,6.22,0.69,560.52,20.0,2,36.8,Low
32.76,61.25,20.41,4.93,0.66,117.48,5.04,0,16.7,Low
31.39,60.21,15.86,4.83,1.41,345.96,5.04,1,16.7,Low
30.09,57.79,21.8,5.51,0.98,436.57,8.4,2,37.4,Low
25.54,70.75,25.84,6.21,1.04,801.07,100.0,14,197.7,Medium
35.01,54.98,2.68,4.99,2.9,129.48,0.0,0,18.6,Low
30.31,72.29,22.91,5.39,1.62,49.35,7.07,2,23.4,Low
24.76,50.32,21.95,4.63,1.85,78.66,7.99,1,16.9,Low
27.38,76.03,25.29,6.08,1.12,879.29,100.0,30,491.7,High
23.93,71.12,25.69,6.48,0.51,922.57,100.0,30,455.1,High
30.36,74.92,23.31,6.12,1.46,703.11,60.0,11,170.0,Medium
30.44,57.82,19.14,5.88,1.56,412.56,8.33,1,16.8,Low
31.13,48.4,22.76,6.05,0.71,161.18,8.4,1,13.5,Low
28.27,71.72,23.05,5.3,0.89,582.44,24.0,3,40.6,Low
25.47,71.42,23.47,6.25,0.45,701.06,100.0,20,335.8,Medium
42.99,73.61,2.89,6.34,2.41,173.02,0.0,0,10.0,Low
31.56,47.25,12.66,4.79,2.9,104.56,0.0,0,11.5,Low
27.64,42.65,5.32,5.16,2.3,63.1,0.0,0,19.1,Low
28.53,78.71,20.51,5.97,1.3,321.59,20.0,5,71.0,Low
28.54,68.46,2.46,4.54,2.59,157.09,0.0,0,16.6,Low
24.18,69.08,25.13,6.12,0.55,620.88,100.0,25,384.8,High
27.16,66.57,26.04,6.02,0.68,601.68,100.0,11,173.9,Medium
22.17,74.72,25.43,6.11,1.05,523.88,40.0,10,139.1,Low
28.34,53.94,12.76,4.57,0.41,71.63,0.0,0,20.5,Low
31.83,55.0,21.23,5.61,2.5,88.73,7.23,1,18.3,Low
27.5,74.06,23.87,6.82,1.29,637.09,60.0,15,241.1,Medium
30.37,65.13,24.54,6.4,1.03,236.0,24.0,7,97.8,Low
23.71,67.12,22.5,5.98,0.66,802.76,50.0,15,221.0,Medium
25.21,59.67,11.28,4.3,2.69,175.29,0.0,0,22.0,Low
29.06,62.85,22.22,4.93,2.98,64.1,6.65,1,17.3,Low
27.06,66.43,19.45,5.56,1.41,654.84,50.0,7,111.3,Low
26.61,66.8,25.02,6.49,0.36,597.59,40.0,11,169.7,Medium
24.63,53.42,5.82,5.79,3.57,79.66,0.0,0,19.8,Low
28.4,75.35,24.08,6.03,0.46,802.76,100.0,30,451.5,High
26.59,55.08,18.58,4.66,1.29,443.27,8.4,1,10.7,Low
33.34,48.86,22.1,4.55,2.44,38.73,4.37,1,18.1,Low
27.61,74.24,22.85,6.02,1.05,806.5,50.0,15,217.7,Medium
30.17,72.34,14.49,6.6,1.43,499.97,12.0,3,51.1,Low
34.02,58.32,11.73,4.53,2.67,120.72,0.0,0,15.6,Low
25.33,78.91,23.69,6.37,0.71,752.41,100.0,17,260.5,Medium
24.88,55.51,16.23,2.5,1.49,115.87,0.0,0,10.8,Low
27.65,70.59,21.38,6.05,0.98,637.6,50.0,9,126.5,Low
23.22,69.27,27.61,6.06,0.63,825.64,50.0,15,229.9,Medium
27.06,76.24,15.91,6.4,1.78,602.43,48.04,14,203.8,Medium
24.25,73.61,25.76,6.38,1.24,858.11,100.0,15,213.4,Medium
29.57,65.52,18.46,5.71,1.63,282.62,19.65,5,63.1,Low
26.77,62.77,21.61,6.38,1.72,319.83,13.57,4,62.8,Low
26.84,69.04,23.55,6.16,0.84,768.97,100.0,18,261.6,Medium
31.55,57.04,20.87,6.34,1.58,396.62,8.31,2,29.3,Low
26.71,69.71,24.77,6.65,0.66,716.62,100.0,17,251.1,Medium
28.39,64.71,21.54,5.81,1.45,353.89,14.0,2,37.3,Low
27.79,60.91,15.44,5.14,1.59,96.57,8.3,1,14.1,Low
26.55,69.99,19.26,5.88,1.02,538.71,20.0,6,90.5,Low
27.79,56.83,20.96,6.69,0.98,398.1,14.0,1,12.0,Low
26.03,69.54,21.36,5.96,1.66,415.78,19.54,4,61.4,Low
27.04,64.43,18.57,6.02,1.49,456.62,14.0,4,53.8,Low
19.91,73.24,14.04,6.0,3.38,265.2,14.75,4,55.9,Low
26.36,53.59,16.56,6.0,1.81,669.51,33.46,8,120.2,Low
35.88,55.51,13.15,5.81,2.72,29.36,0.0,0,20.3,Low
24.42,51.42,11.08,5.57,5.4,147.72,0.0,0,17.1,Low
24.39,71.87,24.23,6.28,0.74,899.96,100.0,15,226.8,Medium
18.83,75.2,27.05,6.17,0.94,818.76,50.0,9,131.5,Low
38.38,38.34,22.7,5.84,3.08,86.34,0.0,0,10.3,Low
24.96,74.15,26.0,5.87,0.46,754.94,100.0,15,230.7,Medium
32.7,61.89,15.26,4.42,2.29,153.53,4.48,0,16.5,Low
25.74,71.51,23.73,6.05,0.86,626.2,100.0,30,435.6,High
27.23,54.05,17.71,6.4,1.4,396.1,14.0,3,51.1,Low
23.26,71.11,25.99,6.21,0.67,788.87,100.0,18,276.4,Medium
21.69,72.63,25.63,5.87,0.8,885.9,100.0,21,317.0,High
25.84,68.27,23.82,6.61,0.12,981.84,100.0,30,432.1,High
23.58,70.71,23.98,6.36,1.11,985.0,100.0,12,195.7,Medium
29.3,70.98,22.42,5.27,1.03,208.4,12.0,1,11.9,Low
30.37,62.96,20.78,6.1,1.28,364.72,8.4,2,37.3,Low
19.42,57.49,15.54,6.44,2.24,319.21,12.55,2,28.1,Low
37.03,47.33,12.2,4.91,0.55,166.45,0.0,0,16.4,Low
23.96,75.22,25.89,6.19,0.15,778.82,100.0,15,243.0,Medium
35.59,70.1,21.8,4.66,1.45,0.0,0.0,0,17.3,Low
27.39,69.18,24.37,6.14,0.72,698.17,100.0,13,195.5,Medium
27.8,72.15,21.83,6.22,1.66,506.66,19.54,2,35.1,Low
30.19,55.44,19.11,5.92,0.89,695.65,21.0,3,44.5,Low
23.87,76.82,23.88,5.95,0.49,886.08,100.0,10,155.4,Low
26.87,46.16,17.91,5.74,3.12,127.48,10.82,3,46.2,Low
25.5,76.32,23.73,6.18,0.73,926.27,100.0,23,340.8,High
20.62,61.45,20.15,6.3,1.28,557.43,14.0,4,62.2,Low
27.33,65.56,23.98,6.17,0.26,681.12,100.0,30,464.9,High
32.88,51.03,22.48,5.75,2.26,161.82,7.5,1,18.7,Low
26.35,58.04,19.27,5.96,1.47,142.75,14.0,4,58.5,Low
29.74,52.45,20.66,5.13,1.72,362.87,8.14,2,31.8,Low
29.71,57.7,10.59,4.66,4.0,32.62,0.0,0,15.9,Low
22.17,74.95,22.5,6.8,0.7,768.91,30.0,9,130.6,Low
29.32,58.74,15.67,6.13,2.35,340.04,12.34,1,12.8,Low
30.65,54.57,24.02,5.56,1.31,499.95,16.8,5,66.1,Low
30.06,63.25,10.32,5.33,4.04,69.66,0.0,0,13.4,Low
35.33,48.34,22.23,4.99,2.42,54.84,0.0,0,15.6,Low
21.62,74.99,24.11,6.76,0.47,845.53,100.0,26,384.9,High
30.11,47.91,18.14,5.86,1.89,105.83,7.94,1,20.4,Low
33.57,47.21,18.35,4.56,2.13,75.28,4.59,0,17.7,Low
23.14,75.6,20.83,5.97,1.03,681.33,50.0,13,193.1,Medium
24.46,69.29,13.93,5.81,1.23,598.56,20.0,3,52.0,Low
25.27,77.05,21.88,4.64,0.79,346.28,12.0,2,28.0,Low
33.89,52.51,14.64,4.71,2.85,122.67,4.09,1,11.2,Low
25.79,67.81,25.11,5.91,0.29,844.15,100.0,27,442.8,High
32.25,73.82,15.47,5.61,0.9,272.68,12.0,3,44.0,Low
26.97,53.83,16.03,4.82,2.7,173.63,6.99,2,32.7,Low
25.67,78.57,25.98,6.26,0.51,807.8,100.0,14,211.8,Medium
25.26,72.2,25.87,6.02,0.37,770.68,100.0,14,205.7,Medium
29.09,60.63,10.59,2.51,3.1,86.79,0.0,0,16.5,Low
26.72,57.72,19.74,5.13,1.46,342.77,8.4,2,28.2,Low
27.54,71.76,27.32,6.43,0.48,399.93,20.0,6,88.6,Low
29.42,60.03,17.37,5.02,1.56,520.74,8.33,0,15.3,Low
29.63,65.25,17.86,4.59,1.8,112.12,11.49,3,41.7,Low
23.89,70.97,21.99,5.87,0.47,707.35,50.0,15,227.8,Medium
29.17,69.7,21.73,6.32,1.88,226.81,18.93,5,85.2,Low
25.94,75.58,25.26,5.77,0.76,822.96,100.0,25,384.6,High
28.36,65.2,21.67,5.89,1.15,625.05,50.0,15,237.9,Medium
29.73,57.05,20.56,5.8,1.64,349.48,13.73,3,49.1,Low
26.5,72.61,26.74,6.37,0.33,841.51,100.0,30,443.3,High
27.41,70.66,27.33,6.3,0.83,887.5,50.0,13,174.1,Medium
29.32,56.45,7.79,6.39,2.49,59.36,0.0,0,14.6,Low
20.35,60.02,22.63,6.09,2.14,553.5,12.75,2,27.0,Low
24.62,53.79,21.89,5.22,1.61,417.22,8.27,1,19.3,Low
27.8,66.92,7.03,3.72,0.97,105.8,0.0,0,19.1,Low
36.16,36.8,22.05,5.19,2.41,144.04,0.0,0,16.4,Low
26.2,45.0,9.0,4.84,2.58,68.96,0.0,0,15.6,Low
28.34,61.06,23.82,6.39,2.57,150.81,23.82,3,50.7,Low
23.36,69.26,22.68,5.97,0.34,737.92,50.0,5,77.7,Low
24.88,75.66,26.22,6.66,0.88,935.7,100.0,24,366.3,High
30.72,52.76,19.59,5.33,1.43,276.81,5.04,1,12.6,Low
35.42,50.12,10.7,5.38,0.97,97.26,0.0,0,16.8,Low
26.42,72.72,27.0,6.53,1.67,803.71,97.57,29,435.2,High
28.65,61.01,18.33,5.27,1.45,304.62,8.4,2,30.5,Low
26.76,67.65,25.8,6.14,0.69,1188.16,100.0,16,230.6,Medium
27.23,71.54,18.12,6.05,2.09,365.4,18.36,2,27.7,Low
25.03,73.81,23.46,6.03,0.72,946.04,100.0,30,475.6,High
26.22,54.83,20.06,5.59,1.14,738.96,35.0,5,76.2,Low
23.63,75.4,25.17,6.71,0.33,840.68,100.0,29,437.4,High
37.76,34.4,22.42,5.94,1.24,0.0,0.0,0,19.4,Low
26.99,64.68,24.01,5.99,0.69,641.36,70.0,16,230.5,Medium
26.96,70.66,25.16,6.26,0.71,790.76,100.0,21,345.1,High
31.75,61.32,9.63,5.5,3.69,63.8,0.0,0,13.4,Low
24.05,71.55,27.53,6.3,0.38,758.88,50.0,7,93.2,Low
23.96,63.08,24.92,6.09,0.43,836.59,70.0,8,120.7,Low
28.57,57.38,17.56,6.77,1.7,340.07,13.61,4,62.4,Low
30.44,52.96,11.05,5.66,2.96,115.5,0.0,0,10.5,Low
38.33,68.43,22.75,5.77,3.01,88.27,0.0,0,15.0,Low
27.74,54.9,20.12,4.04,3.16,128.47,0.0,0,19.8,Low
28.23,72.01,18.28,5.99,0.56,493.28,20.0,6,91.0,Low
27.06,52.3,21.68,4.05,3.59,132.51,0.0,0,18.5,Low
27.35,49.95,23.62,5.77,1.51,370.18,27.98,3,45.8,Low
27.6,67.89,25.72,5.86,1.49,336.01,40.0,4,53.1,Low
30.61,73.45,15.45,5.84,1.85,160.35,11.41,1,14.4,Low
25.72,74.74,20.48,5.94,1.74,180.48,19.33,4,56.9,Low
35.28,61.71,11.68,4.85,2.43,61.16,0.0,0,20.2,Low
23.82,55.34,6.07,4.94,1.43,88.88,0.0,0,15.1,Low
26.78,68.68,23.91,6.23,0.82,501.16,40.0,12,163.1,Medium
24.68,79.23,23.46,6.52,1.11,568.02,40.0,5,70.5,Low
31.5,44.73,21.28,5.57,2.38,92.94,7.37,1,18.0,Low
24.03,74.69,25.47,6.22,1.18,891.97,100.0,19,303.5,Medium
30.79,65.94,15.84,5.2,1.53,77.45,7.17,0,13.2,Low
31.17,65.46,14.11,5.48,1.93,126.05,6.76,1,15.2,Low
27.9,75.99,26.14,6.47,0.58,899.39,100.0,30,456.7,High
22.89,61.47,9.63,5.05,2.65,59.52,0.0,0,17.9,Low
24.09,77.4,27.71,6.06,1.15,748.56,50.0,6,89.9,Low
23.3,72.84,23.17,6.29,-0.05,827.56,100.0,21,311.5,High
25.58,70.89,29.65,5.05,2.5,149.47,10.31,2,25.0,Low
29.74,63.54,17.88,3.45,3.78,80.17,0.0,0,12.9,Low
35.62,44.32,21.39,3.86,2.46,151.23,0.0,0,16.8,Low
31.69,55.88,20.82,5.32,1.23,51.38,5.04,1,14.3,Low
23.47,72.59,24.39,6.59,0.75,688.17,100.0,30,449.1,High
22.32,74.39,26.26,5.99,0.92,721.46,100.0,24,340.0,High
24.6,80.04,23.81,6.13,0.75,844.14,100.0,15,224.0,Medium
36.85,59.82,9.37,5.5,2.11,14.72,0.0,0,18.6,Low
26.0,74.63,17.93,6.1,0.93,345.8,20.0,5,70.1,Low
22.58,68.72,24.46,6.12,0.96,826.86,100.0,27,400.3,High
24.86,59.95,13.66,5.01,1.3,374.51,8.4,2,22.7,Low
22.18,67.95,22.67,6.24,1.02,785.81,50.0,5,75.9,Low
29.22,60.51,20.91,6.04,0.65,520.53,14.0,3,50.8,Low
23.77,73.64,25.69,6.48,1.11,735.95,100.0,30,461.3,High
24.1,73.65,24.52,6.0,0.77,720.32,100.0,24,355.4,High
27.22,70.82,24.18,6.27,0.71,702.52,100.0,20,305.1,Medium
32.54,60.68,18.09,5.84,3.27,58.11,6.32,1,16.4,Low
23.92,73.7,26.21,6.25,0.04,862.28,100.0,30,466.8,High
24.94,84.52,18.68,7.04,1.2,487.08,12.0,2,25.9,Low
32.66,54.15,12.91,3.69,3.26,32.18,0.0,0,14.3,Low
28.3,51.36,20.26,5.62,1.47,27.88,14.0,2,32.4,Low
30.83,43.32,11.3,4.48,3.3,152.88,0.0,0,17.2,Low
22.85,68.64,24.41,6.13,0.88,845.79,100.0,26,381.4,High
23.29,68.78,22.71,6.05,1.04,824.93,50.0,9,154.2,Low
28.9,62.71,18.35,6.04,0.62,410.91,14.0,3,35.3,Low
27.97,68.77,13.28,6.14,1.8,474.08,19.17,5,65.6,Low
27.2,54.27,16.22,5.54,1.04,134.76,14.0,4,61.4,Low
24.5,64.66,20.43,5.71,1.59,699.26,34.57,10,152.1,Low
22.51,73.6,15.03,5.45,1.24,525.73,12.0,2,31.5,Low
30.12,42.08,17.15,4.53,2.07,156.94,4.64,0,12.7,Low
30.44,68.23,16.16,5.73,1.62,323.26,11.8,2,31.7,Low
34.77,50.6,19.5,4.09,3.33,96.44,0.0,0,10.4,Low
39.0,53.21,7.83,5.09,4.66,103.87,0.0,0,16.7,Low
27.09,75.27,23.97,6.03,0.37,663.97,100.0,25,377.1,High
30.87,44.41,18.66,4.63,1.97,85.34,4.71,1,16.0,Low
25.97,76.77,18.4,5.5,2.0,630.82,27.88,4,63.2,Low
29.3,44.44,18.8,5.96,3.67,45.75,9.74,2,34.9,Low
27.84,41.52,15.47,5.23,1.5,158.67,8.4,2,34.3,Low
27.94,65.26,20.69,6.53,1.04,451.97,20.0,3,47.2,Low
27.91,63.21,14.37,5.48,0.98,571.36,8.4,1,16.5,Low
26.21,81.46,23.76,6.32,0.95,856.44,100.0,30,467.0,High
25.66,77.25,26.24,5.25,1.59,531.43,23.7,6,93.4,Low
35.95,46.51,20.08,4.83,2.94,122.71,0.0,0,14.5,Low
22.07,74.49,25.44,5.72,1.01,879.32,100.0,30,461.3,High
25.0,69.27,25.0,6.7,0.75,987.97,100.0,24,372.3,High
21.95,78.17,26.41,6.33,0.71,730.33,100.0,19,301.5,Medium
24.9,76.13,22.39,6.33,0.92,725.45,50.0,12,182.4,Medium
27.66,55.87,23.24,6.91,1.93,237.6,15.79,2,26.8,Low
27.6,56.01,21.28,5.69,1.52,307.01,13.97,2,32.3,Low
23.36,73.33,27.59,6.35,1.17,813.92,50.0,6,86.6,Low
24.26,64.66,22.75,6.4,0.38,920.55,35.0,7,104.5,Low
27.17,61.39,22.1,6.09,1.36,531.1,14.0,4,69.9,Low
34.6,43.06,6.93,5.08,1.17,147.88,0.0,0,16.7,Low
26.14,73.0,24.69,6.65,0.99,726.18,100.0,30,449.4,High
38.28,50.28,25.55,4.14,2.96,116.53,0.0,0,10.0,Low
30.74,55.54,9.86,4.39,1.43,138.8,0.0,0,15.6,Low
29.91,76.25,23.17,5.14,1.18,128.3,24.0,7,103.1,Low
29.16,65.48,12.37,4.3,1.87,158.39,0.0,0,13.0,Low
36.52,64.12,16.03,4.55,2.49,121.31,0.0,0,10.0,Low
27.17,73.77,24.38,6.67,0.73,753.69,100.0,28,436.1,High
26.61,74.95,22.34,5.95,1.06,815.42,50.0,15,217.3,Medium
25.84,64.16,21.01,5.87,1.09,369.66,14.0,1,11.2,Low
33.84,78.05,13.74,5.79,2.65,0.0,0.0,0,14.2,Low
26.15,44.51,22.26,3.77,3.62,194.17,0.0,0,19.2,Low
24.49,68.14,25.11,6.5,0.57,917.27,100.0,14,205.0,Medium
24.63,73.16,25.07,6.12,0.82,738.13,100.0,21,312.4,High
27.7,62.72,20.25,5.74,1.2,113.87,14.0,4,65.0,Low
30.41,63.25,4.86,4.45,1.84,82.57,0.0,0,18.0,Low
40.0,35.07,16.68,5.46,3.78,100.35,0.0,0,16.7,Low
22.66,65.73,22.14,5.6,1.54,412.41,19.9,3,43.7,Low
30.69,77.38,18.13,6.06,0.84,379.16,12.0,2,31.4,Low
25.24,65.8,24.66,5.75,0.81,686.94,100.0,21,321.9,High
36.18,51.97,15.76,6.05,1.76,135.04,0.0,0,17.3,Low
28.02,25.95,6.05,5.31,3.32,81.04,0.0,0,17.1,Low
25.12,71.67,25.37,5.92,0.5,798.55,100.0,30,451.5,High
30.36,65.26,20.26,5.63,1.43,392.45,12.0,3,47.0,Low
33.12,54.67,29.19,4.6,2.27,33.26,4.5,0,10.6,Low
23.1,69.27,24.68,6.2,0.79,695.02,100.0,23,355.2,High
24.92,70.27,19.12,6.08,0.72,337.73,20.0,5,65.7,Low
32.13,61.59,26.88,4.69,1.05,33.12,10.08,1,12.6,Low
25.11,73.1,25.28,6.3,1.03,767.38,100.0,30,438.0,High
29.72,59.18,18.58,6.1,1.11,612.31,35.0,5,69.3,Low
31.74,66.18,13.54,6.53,1.01,233.52,12.0,3,45.9,Low
30.89,67.94,23.57,4.91,1.24,457.14,14.4,3,42.5,Low
28.51,60.33,25.07,5.36,0.73,438.41,16.8,5,86.3,Low
28.3,30.35,10.44,4.53,2.63,113.61,0.0,0,14.0,Low
26.03,67.24,23.77,6.06,0.85,779.59,100.0,29,411.8,High
23.37,76.01,26.17,6.06,1.22,736.6,100.0,14,225.1,Medium
23.32,73.02,24.94,6.46,0.64,867.87,100.0,27,421.6,High
30.5,64.79,8.55,5.87,2.23,170.9,0.0,0,15.3,Low
24.84,68.18,23.23,6.04,0.64,693.44,100.0,11,165.4,Medium
24.73,73.74,25.48,5.82,0.74,804.64,100.0,30,453.2,High
35.63,31.69,12.79,4.89,3.45,93.33,0.0,0,20.1,Low
29.5,69.49,25.71,6.39,0.39,914.04,100.0,30,441.3,High
24.02,76.76,25.55,6.02,0.89,915.37,100.0,30,476.9,High
27.58,69.84,24.71,6.09,0.67,729.43,100.0,30,460.0,High
25.28,67.66,23.72,6.37,0.94,708.2,100.0,25,385.7,High
29.53,65.63,24.49,5.94,1.26,377.93,40.0,5,80.2,Low
22.86,72.82,24.55,5.8,0.85,899.49,100.0,30,441.0,High
26.64,69.31,27.66,6.31,0.16,836.3,50.0,7,114.1,Low
31.82,66.48,20.6,4.9,0.63,102.49,7.2,1,18.4,Low
26.04,48.36,28.56,5.37,2.46,35.08,7.27,0,14.1,Low
23.8,75.63,26.31,6.15,0.7,761.14,100.0,12,166.2,Medium
30.67,57.23,13.68,5.92,1.11,312.16,8.4,1,10.3,Low
29.88,64.71,23.67,5.46,2.05,555.16,15.51,3,42.6,Low
26.62,70.63,27.45,6.13,0.98,801.99,50.0,7,97.4,Low
32.11,49.49,7.01,5.75,3.45,24.34,0.0,0,9.5,Low
23.87,66.06,12.89,3.78,1.39,49.12,0.0,0,15.5,Low
26.39,76.6,25.67,6.4,0.69,817.85,100.0,28,436.8,High
35.41,58.82,13.24,5.45,1.99,74.72,0.0,0,16.4,Low
23.18,67.92,26.99,6.03,0.98,776.39,100.0,30,436.2,High
30.22,75.35,25.23,6.12,1.51,483.99,23.96,3,52.0,Low
24.53,60.2,22.04,4.92,1.34,292.32,8.4,2,25.4,Low
29.44,74.78,25.53,5.71,1.3,359.55,40.0,12,178.4,Medium
24.54,76.08,25.8,6.26,0.81,845.02,100.0,22,333.2,High
33.07,35.63,22.08,4.91,2.97,104.84,1.14,0,17.4,Low
35.53,77.91,15.53,4.77,1.75,6.76,0.0,0,15.6,Low
25.74,65.32,18.06,6.49,1.69,257.23,19.47,5,77.8,Low
37.14,54.35,21.33,4.45,3.4,187.65,0.0,0,15.2,Low
27.95,57.7,16.49,5.23,1.93,137.7,7.89,1,14.1,Low
28.0,69.99,23.35,5.97,0.72,592.36,40.0,8,122.8,Low
27.66,76.33,26.84,6.24,1.27,779.98,100.0,13,180.2,Medium
25.78,72.38,25.76,6.47,0.86,887.54,100.0,30,453.0,High
24.94,70.91,24.03,6.09,1.07,915.11,100.0,23,354.3,High
27.28,74.26,27.07,6.33,0.96,692.25,50.0,5,63.4,Low
30.89,61.2,19.24,5.27,1.69,0.0,0.0,0,15.3,Low
26.02,70.77,27.44,6.25,0.69,732.15,50.0,5,76.0,Low
25.63,68.98,13.78,5.57,2.08,47.01,18.37,4,49.8,Low
28.81,63.32,13.0,3.91,3.85,115.65,0.0,0,16.3,Low
31.86,70.33,19.6,6.31,0.62,361.08,12.0,2,32.0,Low
31.15,60.49,8.32,4.94,3.27,133.99,0.0,0,15.4,Low
30.18,79.19,21.84,6.25,1.34,483.3,12.0,1,17.3,Low
27.07,39.4,14.72,4.71,2.83,64.39,1.95,0,16.1,Low
33.55,40.6,21.52,3.3,2.24,82.46,0.0,0,13.2,Low
27.37,57.7,13.54,4.94,2.41,68.29,7.33,1,14.0,Low
36.01,47.92,2.97,5.1,2.18,37.38,0.0,0,12.3,Low
27.7,72.6,23.75,6.29,0.84,800.03,100.0,14,195.7,Medium
31.52,55.83,11.74,5.23,2.78,62.93,0.0,0,17.1,Low
31.33,47.12,11.63,4.31,3.43,133.75,0.0,0,9.2,Low
22.59,71.25,24.03,6.29,0.7,815.72,100.0,10,151.1,Low
24.0,68.37,20.86,6.09,0.82,624.75,50.0,10,140.3,Low
27.6,50.42,14.7,6.11,0.94,182.32,14.0,4,56.3,Low
36.03,60.42,14.06,5.47,2.65,215.93,0.0,0,14.6,Low
27.64,58.07,17.75,6.19,0.88,493.61,14.0,4,65.4,Low
27.15,62.36,19.48,5.18,1.54,272.85,8.36,2,26.5,Low
33.25,51.86,12.1,7.92,2.2,88.01,0.0,0,15.7,Low
24.0,68.88,24.51,6.46,1.42,822.96,100.0,30,443.9,High
26.47,80.76,21.89,6.17,0.44,735.67,50.0,15,228.8,Medium
33.75,48.07,13.3,5.86,2.51,77.63,7.21,2,29.0,Low
29.61,64.61,16.17,5.08,3.2,165.64,6.41,0,14.0,Low
24.61,64.11,23.73,6.04,0.89,716.85,70.0,20,287.1,Medium
25.17,70.02,24.56,6.13,1.0,906.96,100.0,30,447.4,High
37.54,27.31,8.37,3.31,3.97,88.81,0.0,0,21.4,Low
25.51,74.27,25.71,6.22,0.83,768.32,100.0,15,214.1,Medium
31.46,71.77,23.28,6.15,1.39,577.0,24.0,4,59.3,Low
26.96,73.46,18.38,5.01,0.89,362.67,12.0,3,43.9,Low
30.87,40.11,14.02,4.55,2.59,89.3,4.27,0,13.0,Low
25.11,75.04,26.29,5.9,0.42,875.25,100.0,30,435.7,High
23.57,72.92,25.06,6.28,0.73,882.71,100.0,30,445.2,High
24.5,67.08,25.34,6.82,0.61,806.79,60.0,18,288.2,Medium
26.47,68.83,21.77,6.29,0.78,889.72,50.0,12,154.5,Medium
32.08,51.14,19.55,5.62,2.16,91.98,7.63,2,31.6,Low
24.31,62.99,17.97,5.08,1.47,19.53,8.4,1,14.9,Low
30.86,67.26,11.64,5.06,2.44,72.9,0.0,0,20.0,Low
29.81,64.8,17.47,5.35,2.46,573.21,7.27,0,20.2,Low
31.51,40.63,20.73,5.74,1.49,97.66,8.4,2,30.0,Low
32.81,48.38,20.6,3.74,1.6,124.16,0.0,0,13.7,Low
30.49,74.6,18.27,5.91,1.0,368.18,12.0,1,9.5,Low
40.88,50.82,21.52,4.4,2.26,102.19,0.0,0,11.9,Low
26.37,63.26,11.49,5.17,2.95,126.24,0.0,0,14.9,Low
24.54,72.32,13.14,5.77,3.26,73.27,15.08,2,34.1,Low
37.92,59.04,7.83,4.97,3.93,143.47,0.0,0,14.6,Low
25.26,72.95,23.44,6.62,0.69,818.2,100.0,25,389.1,High
33.05,53.71,10.45,4.78,1.77,149.83,0.0,0,13.3,Low
24.3,69.51,25.21,6.25,1.02,940.2,100.0,30,457.8,High
24.37,75.48,25.45,6.0,0.77,839.33,100.0,25,376.1,High
32.03,45.7,12.66,4.64,2.13,95.6,0.0,0,13.7,Low
29.1,71.75,22.05,6.37,1.5,514.54,20.0,6,90.0,Low
36.23,47.31,19.73,4.79,1.56,107.98,0.0,0,14.6,Low
41.82,53.02,16.76,5.58,3.32,80.12,0.0,0,18.0,Low
28.01,67.45,12.88,4.89,1.54,649.99,0.0,0,18.7,Low
31.71,51.46,20.16,3.84,3.2,144.72,0.0,0,14.0,Low
24.57,73.3,26.23,6.3,0.93,832.99,100.0,24,333.4,High
26.15,75.34,24.04,6.41,0.84,931.16,100.0,18,240.4,Medium
22.01,70.16,25.58,6.11,1.08,809.0,100.0,30,435.1,High
28.69,67.02,23.92,5.59,1.14,165.63,40.0,12,161.3,Medium
21.5,75.47,27.54,6.25,1.02,979.42,50.0,15,236.6,Medium
26.09,79.27,22.24,6.03,0.34,1010.03,50.0,10,149.2,Low
27.74,56.16,20.65,5.35,1.32,659.63,21.0,3,43.9,Low
32.39,47.66,19.91,5.84,1.21,410.18,8.4,1,15.0,Low
30.86,54.69,1.15,4.81,2.38,144.32,0.0,0,17.7,Low
28.15,74.15,24.27,5.89,1.18,823.59,100.0,30,470.3,High
28.12,78.56,22.96,5.75,1.68,167.73,19.5,5,71.2,Low
20.35,58.76,16.62,5.06,1.05,475.0,8.4,1,17.6,Low
28.23,67.02,23.99,5.66,1.54,556.0,39.8,7,105.7,Low
23.14,70.25,24.53,6.69,0.96,719.57,100.0,30,476.1,High
28.08,69.36,18.76,5.52,1.47,592.75,20.0,5,72.0,Low
33.34,51.32,10.63,5.54,2.05,74.63,0.0,0,13.1,Low
23.62,78.46,27.75,6.06,1.01,773.49,50.0,6,91.5,Low
23.93,70.71,26.19,6.0,1.32,862.28,100.0,20,294.8,Medium
26.25,51.44,19.03,6.26,1.17,417.86,14.0,3,42.6,Low
27.84,36.93,12.14,6.78,2.58,42.28,0.0,0,10.0,Low
33.03,52.04,20.04,5.73,3.25,38.39,6.34,1,15.5,Low
41.3,64.86,30.3,5.28,3.51,0.0,0.0,0,12.8,Low
23.91,59.95,19.06,5.37,1.53,400.15,8.36,1,13.5,Low
33.03,35.07,27.45,4.64,3.56,91.42,1.02,0,14.5,Low
34.22,69.49,9.17,4.91,3.28,19.9,0.0,0,13.8,Low
29.9,78.58,15.44,5.78,2.06,505.27,18.42,4,68.6,Low
24.4,69.17,24.1,5.73,0.5,718.93,100.0,10,141.1,Low
27.71,68.33,26.16,5.75,0.65,840.17,100.0,21,310.4,High
39.88,50.31,5.95,6.03,3.69,177.42,0.0,0,20.5,Low
30.52,54.27,7.16,4.01,1.78,127.49,0.0,0,15.8,Low
27.38,78.83,23.96,6.4,0.99,746.29,100.0,30,430.4,High
25.66,69.12,25.51,5.94,0.78,831.08,100.0,30,429.0,High
30.67,66.58,22.66,6.63,1.2,335.4,12.0,3,51.2,Low
26.49,62.99,25.46,4.36,1.33,154.06,16.8,2,30.6,Low
30.81,25.33,14.68,4.54,1.8,168.59,1.38,0,10.3,Low
24.53,66.01,18.4,6.08,1.33,419.03,20.0,5,61.0,Low
31.93,61.51,13.49,5.84,1.45,198.93,8.4,1,17.6,Low
32.54,66.13,11.38,4.8,2.55,108.17,0.0,0,14.0,Low
26.76,62.53,17.63,5.78,1.44,111.36,14.0,1,19.1,Low
28.39,56.45,18.23,5.02,2.93,165.39,6.71,1,14.1,Low
33.79,47.02,12.21,4.98,3.15,134.46,0.0,0,16.9,Low
21.84,76.13,19.93,6.21,0.68,764.94,50.0,15,229.7,Medium
23.86,73.58,26.87,6.0,0.8,843.4,100.0,21,317.0,High
23.41,78.03,24.02,5.81,0.84,720.69,100.0,30,484.1,High
25.64,68.29,22.52,6.43,0.94,893.3,50.0,15,242.0,Medium
31.74,44.13,5.91,4.98,2.95,55.45,0.0,0,15.2,Low
28.83,44.08,11.85,7.31,1.52,73.85,0.0,0,14.4,Low
31.58,81.23,20.79,6.36,2.18,175.79,10.86,1,16.4,Low
24.57,70.71,23.99,6.28,1.32,851.55,100.0,30,460.8,High
22.87,69.25,25.57,6.38,0.81,829.19,100.0,17,254.2,Medium
27.15,73.22,26.9,6.39,0.66,630.55,100.0,23,353.2,High
24.06,70.73,25.51,6.08,0.66,670.18,100.0,30,453.8,High
23.85,69.67,23.62,6.43,0.76,720.66,100.0,23,352.3,High
29.33,63.72,17.82,6.05,1.41,872.0,35.0,8,111.9,Low
29.38,46.94,16.19,4.02,2.13,126.45,0.0,0,16.2,Low
24.12,69.26,24.81,6.19,0.78,732.18,100.0,19,276.1,Medium
25.81,71.18,28.02,6.78,1.15,753.71,50.0,9,134.2,Low
34.55,44.7,14.33,4.55,2.33,189.8,4.46,1,15.7,Low
28.94,60.83,18.22,5.45,0.82,344.8,8.4,1,17.0,Low
24.09,71.79,25.51,6.37,1.36,808.19,100.0,22,326.0,High
28.52,39.66,20.69,4.83,2.63,149.62,2.02,0,15.1,Low
26.16,57.18,3.84,5.99,1.59,225.22,0.0,0,11.6,Low
24.92,60.05,18.85,6.46,0.29,393.0,14.0,4,57.4,Low
27.28,71.46,25.34,6.35,1.16,901.93,100.0,18,285.6,Medium
22.87,70.05,21.73,5.61,1.28,365.23,20.0,3,42.5,Low
22.31,73.03,26.27,6.84,0.95,728.63,60.0,11,167.8,Medium
25.88,67.4,24.02,6.12,1.09,598.92,40.0,12,184.7,Medium
27.74,67.89,16.26,5.77,0.83,363.21,20.0,6,81.6,Low
25.2,75.22,23.46,6.28,0.74,755.85,100.0,20,277.9,Medium
26.72,70.81,13.85,6.57,1.03,400.8,20.0,3,39.2,Low
25.14,75.11,22.22,6.25,0.72,951.25,50.0,7,111.6,Low
31.64,55.52,15.12,3.31,2.18,51.44,0.0,0,13.7,Low
22.8,70.61,27.08,6.0,0.93,876.15,50.0,5,69.3,Low
27.0,75.39,26.66,6.24,1.16,824.4,100.0,30,443.6,High
25.63,73.31,23.98,5.85,0.75,814.49,100.0,30,443.9,High
24.21,72.59,24.1,6.18,0.33,672.35,100.0,16,244.8,Medium
24.49,65.82,25.64,6.1,0.83,972.01,100.0,16,244.9,Medium
23.72,69.7,26.09,5.93,0.8,1043.41,100.0,30,466.0,High
28.92,67.46,21.99,5.33,1.44,410.88,12.0,3,54.7,Low
28.11,71.12,25.86,6.42,1.17,819.37,100.0,17,241.1,Medium
24.3,73.12,24.75,6.23,0.96,952.73,100.0,10,145.3,Low
32.81,65.88,15.45,5.6,1.27,463.87,12.0,1,16.7,Low
21.28,70.24,27.97,6.23,0.73,847.28,50.0,15,229.6,Medium
30.21,54.32,18.81,4.66,2.19,31.42,4.55,0,14.3,Low
29.34,54.21,17.03,4.32,2.62,16.79,0.0,0,14.3,Low
22.11,72.38,23.64,6.41,0.99,727.99,100.0,13,183.8,Medium
26.36,62.95,18.48,4.84,1.15,330.6,8.4,2,32.2,Low
28.24,59.18,21.37,5.3,1.77,455.23,8.08,0,12.5,Low
26.36,67.58,24.87,6.04,0.88,714.88,100.0,11,156.0,Medium
32.68,54.86,8.86,5.54,2.7,123.31,0.0,0,11.2,Low
22.95,67.04,21.18,6.38,1.41,415.49,20.0,2,24.5,Low
27.45,65.73,16.87,6.34,1.25,652.86,50.0,7,106.5,Low
26.18,72.83,21.84,6.14,2.29,518.04,17.79,4,66.7,Low
39.29,55.05,10.49,4.42,2.89,46.41,0.0,0,20.5,Low
24.15,69.84,25.95,6.38,1.0,713.59,100.0,18,266.0,Medium
39.89,53.56,16.28,4.13,5.1,11.15,0.0,0,14.6,Low
28.2,66.85,16.32,5.62,1.11,581.41,20.0,5,87.7,Low
29.29,49.79,10.37,6.41,0.96,62.21,0.0,0,9.9,Low
30.31,64.85,23.65,6.38,1.75,344.35,16.21,3,35.8,Low
31.19,72.09,18.26,4.3,1.13,222.0,0.0,0,12.4,Low
34.87,43.42,11.32,6.76,1.93,175.92,0.0,0,14.2,Low
32.34,59.01,15.8,5.14,2.39,112.07,4.41,0,20.5,Low
30.52,68.41,12.73,5.62,3.27,148.22,0.0,0,15.8,Low
22.86,70.53,25.49,6.07,0.91,697.81,100.0,30,433.2,High
29.46,73.03,18.03,5.49,1.7,552.2,11.66,3,43.0,Low
29.73,61.67,12.14,5.22,2.83,105.77,0.0,0,19.5,Low
25.59,78.56,25.82,6.49,0.87,767.96,100.0,23,363.7,High
34.88,51.4,3.98,3.84,0.65,123.14,0.0,0,19.1,Low
26.69,67.59,23.12,5.65,1.43,465.53,40.0,10,133.8,Low
34.0,72.51,17.73,5.43,1.54,64.26,7.16,2,32.3,Low
29.58,64.86,19.95,5.48,0.98,477.35,8.4,2,33.8,Low
26.55,73.12,9.81,6.7,1.81,29.04,0.0,0,13.2,Low
31.41,74.37,24.35,4.77,2.27,558.45,12.84,1,12.1,Low
26.67,62.9,23.76,5.64,1.02,772.21,70.0,14,201.5,Medium
29.4,54.83,14.33,7.25,2.36,74.25,7.38,1,17.1,Low
23.52,55.06,19.82,4.91,1.05,652.53,21.0,2,27.3,Low
24.49,76.81,24.05,6.37,0.89,896.04,100.0,20,271.3,Medium
30.36,59.06,22.19,4.85,1.13,363.21,5.04,0,14.1,Low
25.82,75.22,23.19,5.98,0.68,951.53,100.0,23,344.2,High
27.91,68.21,22.45,5.04,1.24,167.62,12.0,3,44.0,Low
33.24,72.91,17.19,4.05,3.01,120.78,0.0,0,16.9,Low
27.45,57.92,25.47,5.37,1.21,492.01,16.8,2,26.7,Low
28.6,60.37,15.79,5.61,0.9,414.8,14.0,4,61.3,Low
26.12,70.32,24.65,6.34,0.7,856.81,100.0,18,256.9,Medium
26.89,75.67,22.85,5.84,0.88,953.13,50.0,14,217.0,Medium
32.43,60.52,23.36,5.94,1.17,455.1,16.8,2,26.2,Low
30.37,69.37,22.83,6.52,1.11,250.55,12.0,1,19.4,Low
24.11,75.23,22.23,5.78,1.0,808.21,50.0,13,210.9,Medium
23.26,64.17,14.69,6.6,1.6,381.77,13.8,2,29.4,Low
39.66,51.95,15.06,3.21,0.68,60.96,0.0,0,15.4,Low
25.05,71.13,26.8,6.02,0.9,845.72,100.0,30,476.2,High
36.29,68.34,17.46,6.73,1.74,481.6,0.0,0,12.6,Low
30.41,66.75,24.08,4.99,1.19,140.59,14.4,4,50.3,Low
23.4,73.81,24.71,5.77,0.88,754.07,100.0,30,460.1,High
32.29,45.13,14.07,5.31,1.91,88.13,4.75,1,13.7,Low
38.31,60.23,13.42,5.04,1.28,121.93,0.0,0,15.0,Low
27.22,76.96,15.0,7.61,2.25,75.97,10.74,2,27.7,Low
32.74,30.7,19.72,4.74,3.2,120.3,1.1,0,16.6,Low
28.26,55.2,12.21,5.2,2.91,3.05,0.0,0,14.8,Low
27.49,69.4,23.68,6.38,0.33,742.81,100.0,30,490.0,High
29.85,54.74,19.9,3.88,0.87,106.02,0.0,0,12.3,Low
34.45,57.49,10.7,3.92,3.33,109.56,0.0,0,15.3,Low
36.29,66.3,14.35,4.11,2.99,66.44,0.0,0,14.2,Low
21.32,80.13,20.48,5.94,1.36,316.5,20.0,5,90.4,Low
31.47,63.15,22.39,4.74,4.81,54.97,2.7,0,15.2,Low
29.2,77.19,26.37,6.26,0.67,833.25,100.0,30,425.0,High
33.99,71.31,22.03,6.18,0.68,380.61,12.0,1,17.6,Low
24.59,62.26,23.8,6.08,1.28,880.75,70.0,10,152.0,Low
19.62,67.1,25.06,6.04,0.92,848.98,100.0,10,149.4,Low
32.45,72.51,10.37,6.98,1.12,620.41,0.0,0,9.3,Low
23.59,69.12,17.15,5.53,1.0,470.7,20.0,3,44.0,Low
24.73,58.12,14.77,5.86,1.22,189.72,14.0,1,10.7,Low
25.34,63.42,20.76,6.26,1.77,429.57,13.48,4,56.9,Low
34.42,44.99,19.88,4.86,1.36,104.97,5.04,1,13.1,Low
26.32,69.31,19.91,5.64,1.49,365.05,20.0,6,88.9,Low
24.21,66.82,22.54,6.49,0.59,646.6,50.0,6,88.0,Low
24.05,67.71,16.38,6.02,3.54,77.0,14.3,3,54.2,Low
33.05,39.34,13.86,3.96,1.63,155.95,0.0,0,17.7,Low
27.43,51.11,21.82,5.73,1.18,212.19,14.0,2,29.4,Low
29.3,61.0,17.14,5.43,2.82,115.88,6.85,2,35.1,Low
24.08,76.94,19.82,6.06,1.49,219.6,20.0,4,58.0,Low
36.28,49.07,18.84,5.11,1.73,25.46,0.0,0,14.3,Low
30.48,61.54,21.72,5.46,1.33,567.43,5.04,0,13.4,Low
34.79,53.02,12.62,6.0,3.19,122.73,0.0,0,16.3,Low
31.75,36.91,19.37,4.0,3.42,119.55,0.0,0,21.1,Low
29.43,69.56,18.23,5.82,1.05,548.15,20.0,6,96.4,Low
27.19,75.33,24.04,5.94,1.01,729.35,100.0,10,138.4,Low
35.6,56.71,15.23,4.41,2.06,13.48,0.0,0,16.0,Low
35.58,56.48,16.19,6.35,1.16,219.04,0.0,0,15.2,Low
22.56,76.65,16.35,6.0,1.12,385.04,20.0,6,95.2,Low
29.81,89.23,17.32,4.95,-0.0,403.7,8.4,1,21.4,Low
34.48,55.49,9.52,4.41,3.21,122.17,0.0,0,14.2,Low
28.88,65.92,24.17,6.28,0.72,726.69,100.0,27,384.7,High
34.37,74.11,19.19,6.42,1.43,394.11,12.0,3,37.9,Low
26.07,71.21,20.15,5.95,1.73,203.96,19.36,5,68.9,Low
30.98,57.56,19.89,6.36,0.89,420.86,8.4,2,39.0,Low
26.25,77.73,25.02,6.05,0.83,931.53,100.0,20,301.6,Medium
32.01,33.12,8.38,4.17,1.96,121.24,0.0,0,12.5,Low
31.5,26.95,23.48,4.69,3.77,125.44,1.97,0,9.8,Low
28.03,72.92,22.34,6.12,1.04,658.97,50.0,15,225.0,Medium
28.34,83.61,26.0,6.33,1.37,940.15,100.0,22,352.3,High
29.09,76.03,21.94,6.89,0.59,375.89,12.0,2,31.2,Low
24.2,75.14,25.73,5.92,1.16,822.87,100.0,30,476.7,High
23.58,69.64,26.19,6.08,1.16,790.69,100.0,20,300.8,Medium
26.24,72.97,24.06,6.01,0.24,903.81,100.0,13,194.0,Medium
25.22,70.4,27.38,6.5,0.7,751.66,50.0,13,203.5,Medium
28.18,71.4,26.6,6.13,0.87,763.29,100.0,30,461.8,High
30.03,60.3,15.9,5.91,0.55,441.64,8.4,2,30.8,Low
35.77,54.15,13.77,4.87,1.37,198.53,0.0,0,10.9,Low
35.42,70.52,16.75,5.35,3.03,136.59,0.0,0,11.1,Low
29.12,79.63,16.07,6.7,1.09,400.51,20.0,4,58.1,Low
20.55,75.2,25.96,6.46,1.08,1010.01,100.0,22,337.4,High
28.26,53.31,15.81,5.68,1.43,702.68,35.0,10,145.0,Low
39.33,44.88,9.06,4.84,3.77,25.76,0.0,0,13.8,Low
25.73,56.16,27.41,4.73,1.99,137.32,7.83,2,32.8,Low
36.13,48.69,17.75,5.34,4.23,146.55,0.0,0,23.6,Low
25.13,71.68,25.25,5.64,1.05,790.46,100.0,30,473.0,High
37.12,63.76,19.77,4.05,2.14,202.93,0.0,0,21.1,Low
22.97,76.74,25.14,5.86,0.71,649.15,100.0,28,412.5,High
24.15,60.03,26.91,5.67,1.33,488.84,28.0,6,97.7,Low
25.5,72.07,26.24,5.75,1.1,894.5,100.0,28,409.8,High
28.4,53.19,17.62,7.33,1.52,441.67,8.37,1,18.8,Low
24.17,67.25,23.07,6.71,1.19,939.74,100.0,13,219.8,Medium
22.97,44.07,17.71,6.02,0.94,291.8,14.0,3,27.2,Low
29.19,63.39,21.36,5.23,0.99,578.56,8.4,1,14.9,Low
26.12,55.88,23.58,5.64,1.0,588.3,28.0,3,43.8,Low
31.11,57.72,18.38,4.84,2.09,40.2,4.63,0,14.4,Low
25.81,73.39,27.77,5.87,0.89,951.42,50.0,11,147.2,Medium
23.42,76.96,20.98,6.59,1.3,277.91,20.0,2,27.2,Low
29.8,54.52,23.96,5.64,1.21,509.26,28.0,8,131.6,Low
30.66,58.47,11.04,4.14,3.09,46.34,0.0,0,10.0,Low
25.5,74.66,11.72,3.68,3.64,152.27,0.0,0,13.7,Low
27.37,73.25,18.65,5.44,0.91,505.49,12.0,2,32.3,Low
27.23,72.01,25.63,5.97,0.66,757.14,100.0,30,440.1,High
31.08,55.27,24.18,5.71,1.57,591.77,16.63,3,46.3,Low
30.47,61.49,13.0,6.05,1.31,338.7,0.0,0,14.4,Low
23.44,73.43,22.89,5.69,0.74,844.75,50.0,15,229.7,Medium
32.15,72.68,9.75,5.22,0.68,168.85,0.0,0,16.0,Low
21.1,70.03,23.63,6.18,1.15,1030.91,100.0,14,209.5,Medium
34.13,45.38,13.56,5.85,2.48,213.42,7.25,1,16.3,Low
25.17,75.4,21.87,6.26,1.03,869.41,50.0,14,210.4,Medium
31.38,69.91,20.67,5.96,1.4,620.52,30.0,6,81.1,Low
27.12,68.23,22.65,5.7,1.05,397.31,20.0,2,28.5,Low
25.06,72.31,26.04,5.8,1.09,736.91,100.0,12,171.6,Medium
26.9,68.5,18.31,6.21,0.98,594.62,20.0,6,93.2,Low
26.36,75.11,22.75,5.71,1.12,735.91,50.0,15,227.5,Medium
26.02,72.12,26.39,6.23,1.4,887.8,100.0,12,176.7,Medium
22.48,69.26,23.64,6.55,0.76,737.77,100.0,27,400.0,High
23.16,70.06,20.1,6.24,1.21,671.66,50.0,15,218.3,Medium
29.06,45.69,20.16,5.16,3.26,172.61,6.32,1,14.7,Low
21.63,73.58,25.47,6.5,0.53,835.89,100.0,14,195.4,Medium
28.68,74.29,19.76,3.9,2.55,60.23,0.0,0,16.8,Low
28.61,62.66,20.77,5.13,1.7,365.84,8.17,2,28.6,Low
24.23,75.68,21.62,6.21,0.92,937.07,50.0,15,218.9,Medium
23.41,52.57,20.95,5.68,1.56,94.26,13.89,3,55.7,Low
30.88,74.48,19.4,5.41,1.27,645.09,18.0,5,82.6,Low
29.96,63.25,13.97,4.57,1.62,99.52,8.26,2,22.2,Low
28.21,65.65,21.01,5.77,1.33,302.67,20.0,6,91.2,Low
32.51,43.95,19.61,6.32,3.86,149.36,5.63,0,16.6,Low
36.07,59.22,7.41,4.49,1.45,114.92,0.0,0,15.3,Low
37.05,48.84,3.99,4.95,1.34,36.01,0.0,0,15.7,Low
26.29,73.67,28.84,6.08,0.55,951.38,50.0,15,217.9,Medium
28.78,72.28,19.78,5.58,1.17,0.0,0.0,0,13.8,Low
24.17,59.91,21.8,6.0,1.4,290.75,14.0,2,30.1,Low
21.55,66.12,26.1,6.71,0.62,914.08,100.0,30,479.1,High
26.11,73.71,21.16,5.61,1.31,343.39,20.0,4,61.7,Low
23.49,71.71,24.47,6.18,1.05,885.49,100.0,30,439.2,High
38.38,61.02,11.31,5.36,3.31,112.21,0.0,0,14.9,Low
31.76,59.22,23.87,4.95,1.52,323.98,10.06,3,38.8,Low
25.86,45.72,19.18,5.65,2.21,50.36,12.6,3,52.0,Low
25.73,62.14,22.34,5.7,0.9,525.95,14.0,4,52.7,Low
27.21,62.19,17.9,5.82,0.76,502.33,14.0,1,8.8,Low
28.7,79.54,25.6,6.46,0.66,813.09,100.0,30,481.2,High
27.18,69.63,25.99,5.97,0.64,1046.17,100.0,28,430.1,High
23.5,69.0,23.6,5.87,1.07,892.05,100.0,27,414.8,High
22.39,66.7,24.41,5.96,0.6,980.14,100.0,15,227.1,Medium
23.65,76.06,25.45,6.22,0.92,819.5,100.0,22,315.0,High
34.11,56.7,15.78,5.29,2.09,96.98,4.62,1,13.8,Low
29.62,72.94,19.01,5.63,1.4,352.21,20.0,2,34.6,Low
34.71,56.82,18.28,6.18,2.96,147.74,6.69,1,15.6,Low
28.55,62.36,19.19,6.55,1.12,342.48,14.0,1,19.8,Low
21.01,72.1,25.55,6.1,0.65,845.33,100.0,30,453.7,High
28.08,47.85,14.19,5.12,1.92,13.93,0.0,0,13.4,Low
25.78,78.49,15.51,5.58,2.03,390.59,18.52,5,71.7,Low
24.91,57.87,15.89,6.35,0.71,407.19,14.0,1,13.0,Low
25.78,66.74,25.74,6.23,0.83,884.41,100.0,25,373.3,High
23.0,65.88,27.58,6.3,1.34,744.21,50.0,5,75.8,Low
24.74,85.64,14.07,5.9,1.52,504.12,13.96,4,71.0,Low
26.29,74.47,23.25,6.31,0.76,889.28,100.0,30,454.7,High
20.53,58.9,22.74,6.31,0.2,216.79,14.0,2,32.1,Low
25.31,70.8,16.89,5.3,1.72,542.0,11.64,3,26.8,Low
24.67,68.19,21.78,6.61,0.6,845.73,50.0,15,231.5,Medium
27.84,62.65,17.81,5.49,1.43,321.26,8.4,0,14.7,Low
31.7,61.31,20.55,7.03,1.35,148.21,5.04,1,15.2,Low
32.88,72.38,19.68,3.42,3.28,124.18,0.0,0,13.8,Low
19.45,54.11,9.75,4.98,2.26,130.81,0.0,0,8.3,Low
29.45,65.26,12.91,5.59,2.06,508.1,0.0,0,12.1,Low
32.81,70.56,20.64,5.42,0.58,391.57,7.2,0,14.8,Low
25.05,64.02,23.08,6.81,0.32,730.44,42.0,12,178.0,Medium
28.21,65.57,13.65,5.56,2.62,77.35,16.87,4,69.1,Low
39.92,55.44,20.46,5.99,4.15,83.86,0.0,0,11.7,Low
34.01,56.35,21.22,5.69,1.6,756.53,20.69,6,98.5,Low
27.99,62.59,18.44,5.48,2.06,290.41,7.74,2,29.2,Low
26.58,73.0,26.37,6.43,0.62,824.48,100.0,19,284.4,Medium
33.58,52.0,11.91,4.54,2.86,147.76,0.0,0,14.4,Low
32.95,54.14,12.82,5.8,3.5,74.78,0.0,0,8.4,Low
33.19,65.49,9.72,6.25,3.83,237.87,0.0,0,10.9,Low
25.83,66.62,25.59,6.27,0.62,830.03,100.0,23,345.0,High
30.86,70.56,19.35,6.08,1.43,424.49,12.0,3,45.0,Low
24.35,72.54,21.33,5.46,0.98,362.92,12.0,3,47.7,Low
29.02,57.79,10.23,4.86,3.77,82.1,0.0,0,13.7,Low
32.87,47.31,22.68,4.26,3.18,151.48,0.0,0,16.3,Low
28.27,73.1,29.1,6.31,0.5,806.32,50.0,13,198.7,Medium
26.92,77.3,14.48,5.35,1.83,645.76,28.62,8,118.5,Low
27.96,72.87,22.92,6.37,1.39,709.33,50.0,7,102.0,Low
25.87,56.15,20.93,5.37,1.61,609.2,20.67,5,58.5,Low
22.62,65.29,21.31,5.31,1.16,475.6,12.0,1,17.3,Low
30.17,41.56,16.57,5.47,3.27,13.26,0.0,0,16.1,Low
28.91,71.12,21.81,5.25,0.92,653.58,30.0,7,95.0,Low
25.67,81.84,23.56,6.34,1.24,670.31,100.0,22,336.9,High
32.05,45.02,1.82,5.12,3.42,111.01,0.0,0,11.5,Low
27.76,68.59,22.16,6.39,0.57,741.16,50.0,12,176.3,Medium
37.77,57.49,15.94,5.99,0.93,100.89,0.0,0,18.4,Low
21.0,74.83,19.62,5.85,1.13,156.03,20.0,5,67.2,Low
22.56,72.07,25.19,5.84,0.77,813.0,100.0,16,243.0,Medium
32.57,50.09,14.8,5.92,2.93,13.46,0.0,0,10.7,Low
27.39,72.06,24.29,6.52,1.24,722.17,100.0,20,306.7,Medium
32.11,64.91,18.86,5.55,3.39,36.8,6.18,1,12.8,Low
24.09,49.12,17.41,5.11,2.53,52.39,7.19,1,15.7,Low
25.88,59.19,19.78,5.72,1.26,268.67,14.0,2,22.8,Low
34.57,53.37,11.58,5.05,2.28,29.76,0.0,0,19.3,Low
33.92,44.28,15.42,3.52,2.66,136.81,0.0,0,12.8,Low
24.69,61.39,18.95,6.22,1.44,257.19,14.0,2,29.6,Low
25.67,68.97,23.53,6.27,0.46,838.88,100.0,30,437.4,High
27.69,61.28,2.46,6.2,2.79,41.34,0.0,0,17.5,Low
28.13,74.84,14.75,6.19,1.39,286.67,20.0,6,91.8,Low
24.61,74.18,24.75,6.04,1.09,762.63,100.0,15,209.8,Medium
27.3,59.49,13.26,5.03,3.07,127.06,6.55,0,14.4,Low
35.35,76.11,15.42,5.58,1.26,158.96,0.0,0,14.9,Low
24.72,71.97,27.7,6.03,0.58,820.83,50.0,10,153.9,Low
23.12,66.72,24.77,6.29,0.22,883.84,100.0,24,377.6,High
29.84,81.83,18.09,6.25,1.11,264.84,20.0,4,56.5,Low
25.84,59.28,15.82,5.92,1.19,495.19,14.0,2,27.1,Low
31.21,66.82,14.34,5.28,2.97,99.83,5.72,0,16.5,Low
25.54,55.52,5.84,5.76,1.49,92.22,0.0,0,12.1,Low
38.78,47.1,15.74,4.56,1.65,94.59,0.0,0,12.3,Low
27.22,69.54,21.57,5.8,0.89,638.63,50.0,11,147.7,Medium
23.69,72.46,27.02,6.2,1.06,763.66,50.0,5,76.5,Low
25.23,69.83,22.31,6.3,0.84,909.87,50.0,9,145.3,Low
32.03,53.53,19.81,5.0,1.12,415.31,5.04,0,14.9,Low
27.34,71.93,24.7,6.42,0.4,790.28,100.0,19,286.1,Medium
25.88,55.22,23.34,6.35,1.07,405.68,28.0,4,54.3,Low
29.47,59.08,24.05,5.31,1.38,504.85,16.8,3,44.9,Low
29.77,40.19,18.95,4.43,2.28,88.21,7.48,1,12.3,Low
27.69,61.14,23.54,5.38,1.5,196.96,16.8,5,78.4,Low
25.46,68.21,26.76,6.22,1.1,788.74,100.0,20,304.9,Medium
36.9,61.08,19.67,5.94,3.46,74.12,0.0,0,14.6,Low
36.06,48.57,12.75,5.15,1.41,260.05,0.0,0,13.1,Low
28.45,61.63,13.12,5.39,0.78,240.0,8.4,1,7.1,Low
32.06,57.88,26.2,4.2,2.56,10.79,0.0,0,15.2,Low
29.65,66.11,19.45,5.88,0.19,198.97,20.0,6,90.4,Low
29.97,56.08,15.1,4.14,3.56,6.75,0.0,0,16.1,Low
23.89,71.47,27.73,6.43,0.48,938.21,50.0,5,73.6,Low
32.12,46.94,12.31,5.53,4.64,43.48,0.0,0,17.4,Low
28.15,77.74,20.76,5.93,0.57,289.13,20.0,3,50.2,Low
28.44,44.45,18.44,5.38,2.03,94.56,7.78,1,19.3,Low
29.56,69.2,23.45,6.38,1.02,1109.86,100.0,29,465.8,High
28.2,54.81,9.92,6.58,1.6,83.93,0.0,0,16.6,Low
35.0,62.21,19.39,4.95,2.64,143.91,4.23,0,12.4,Low
26.48,63.82,18.97,5.82,1.37,357.72,14.0,1,15.5,Low
29.22,74.98,26.66,6.16,1.61,563.87,39.41,4,50.9,Low
31.52,82.51,16.19,5.51,0.3,58.89,12.0,1,14.1,Low
25.76,76.45,26.84,6.17,1.06,882.98,100.0,13,190.4,Medium
32.27,65.16,23.14,5.39,3.27,84.19,10.83,3,43.4,Low
31.52,67.09,4.59,4.05,2.45,103.97,0.0,0,15.4,Low
26.41,76.01,20.42,5.01,1.64,326.29,11.77,1,12.7,Low
27.8,39.89,11.75,4.63,3.22,21.25,0.0,0,16.9,Low
27.36,65.63,16.95,5.22,1.15,406.14,12.0,3,46.7,Low
36.62,60.52,17.3,5.26,3.3,187.17,0.0,0,14.0,Low
26.99,73.95,28.34,6.3,1.08,801.49,50.0,7,113.7,Low
28.63,71.11,18.24,6.08,1.51,505.46,19.97,3,49.6,Low
26.71,74.75,24.57,6.28,0.85,655.21,100.0,30,440.2,High
32.49,34.92,13.52,3.98,1.08,108.22,0.0,0,14.8,Low
23.67,70.25,23.5,6.25,0.72,668.21,100.0,12,200.5,Medium
23.8,73.9,26.48,6.23,0.85,793.91,100.0,30,468.5,High
27.15,68.95,26.1,5.56,1.57,503.87,39.62,4,59.7,Low
25.93,68.82,25.72,6.68,1.05,787.58,100.0,30,432.9,High
29.79,56.07,19.23,5.35,1.71,419.63,8.15,2,32.4,Low
24.25,73.91,25.78,6.2,0.73,716.19,100.0,30,443.1,High
26.22,70.06,23.78,6.32,0.89,895.8,100.0,22,334.1,High
20.8,62.58,24.82,6.44,0.74,1046.64,70.0,9,132.7,Low
27.6,71.27,16.8,6.53,1.42,317.02,20.0,4,51.7,Low
26.5,57.13,19.06,5.84,0.87,289.91,14.0,1,24.5,Low
37.2,40.49,23.12,4.48,2.56,145.09,0.0,0,16.1,Low
22.35,70.86,26.13,6.28,0.76,888.77,100.0,17,247.6,Medium
27.33,73.58,24.71,5.98,1.03,854.89,100.0,17,277.8,Medium
25.67,64.8,21.33,6.15,1.09,427.14,14.0,4,55.2,Low
22.75,78.72,25.25,5.86,0.35,859.64,100.0,20,305.2,Medium
24.7,72.35,23.17,6.37,1.43,740.52,100.0,30,459.0,High
25.89,45.92,21.58,6.43,1.41,532.02,14.0,4,57.4,Low
29.29,61.98,18.17,6.06,1.24,434.39,14.0,4,52.5,Low
27.45,61.09,16.89,5.49,1.18,153.77,8.4,2,26.9,Low
21.95,73.57,27.11,5.94,1.08,859.38,50.0,7,101.2,Low
24.43,69.92,25.27,5.9,0.53,731.1,100.0,26,390.2,High
21.44,71.09,25.57,5.92,0.5,642.0,100.0,27,388.1,High
26.23,58.5,16.03,5.91,0.77,243.5,14.0,2,32.3,Low
37.22,61.74,7.59,5.47,2.77,142.15,0.0,0,13.5,Low
25.25,67.94,23.96,6.51,0.79,852.73,100.0,18,278.0,Medium
28.65,51.8,16.07,6.38,3.23,97.79,10.6,2,41.2,Low
24.67,71.71,23.42,5.82,1.2,811.57,100.0,20,274.6,Medium
29.77,72.17,21.26,5.96,1.58,469.22,19.78,4,65.1,Low
28.23,76.32,23.59,6.18,0.57,750.45,100.0,30,438.3,High
24.98,57.9,19.17,6.33,1.22,172.2,14.0,2,28.4,Low
23.31,73.59,25.51,6.28,0.49,738.78,100.0,25,360.1,High
19.74,75.76,25.25,6.05,1.03,892.27,100.0,27,400.3,High
33.07,74.22,19.57,5.81,0.95,470.61,12.0,3,41.0,Low
23.1,67.6,19.7,5.19,0.89,615.47,30.0,6,90.0,Low
26.28,68.83,25.4,6.13,0.83,733.75,100.0,15,218.3,Medium
25.2,57.5,21.88,5.13,-1.77,122.28,8.4,1,15.7,Low
34.15,45.61,8.84,5.07,1.96,110.57,0.0,0,17.8,Low
29.0,56.83,18.47,5.07,1.85,165.8,7.99,2,28.0,Low
40.35,58.39,8.63,5.66,0.47,163.79,0.0,0,15.3,Low
25.66,75.72,14.95,4.44,2.02,162.14,11.12,2,27.9,Low
24.29,71.15,24.51,5.75,0.83,568.91,40.0,8,127.6,Low
25.82,55.1,20.67,5.65,0.81,192.72,14.0,1,14.2,Low
26.91,69.42,21.78,6.67,1.64,335.05,19.61,4,50.9,Low
22.17,60.49,19.42,6.33,1.1,342.47,14.0,4,59.3,Low
27.95,60.96,15.84,5.58,1.03,462.64,14.0,4,54.7,Low
27.59,62.4,17.23,6.4,1.05,784.38,35.0,10,147.8,Low
25.1,68.87,26.54,6.52,1.21,851.03,100.0,30,455.2,High
31.57,53.78,17.6,5.67,0.85,374.44,8.4,2,19.9,Low
26.31,81.77,21.3,6.44,0.66,811.53,50.0,5,74.7,Low
26.88,74.78,24.75,6.73,0.1,888.04,100.0,29,440.6,High
25.26,78.03,24.97,6.52,0.87,848.24,100.0,30,458.7,High
26.42,56.87,15.77,5.97,0.97,434.22,14.0,2,32.4,Low
26.67,70.04,23.2,6.2,0.65,740.2,100.0,21,309.1,High
28.18,65.46,19.85,5.98,0.75,217.34,20.0,4,70.3,Low
29.97,84.02,20.42,6.06,1.01,325.23,20.0,6,80.9,Low
21.82,74.04,27.5,6.02,0.69,793.3,50.0,11,156.7,Medium
24.7,40.61,14.5,4.85,3.41,84.61,6.15,1,16.1,Low
34.01,51.88,15.49,4.38,4.66,104.6,2.81,0,18.1,Low
28.81,60.66,13.99,5.64,2.12,71.87,12.78,3,40.1,Low
27.22,75.52,21.33,4.46,2.76,116.02,9.88,2,31.0,Low
26.88,77.19,21.69,5.54,1.96,700.17,46.8,7,106.1,Low
26.84,70.46,26.45,6.84,0.84,587.53,24.0,4,57.6,Low
23.99,77.89,23.52,5.92,1.01,854.13,100.0,23,365.6,High
24.91,75.4,20.23,5.2,1.33,452.37,12.0,2,27.3,Low
28.97,74.46,16.27,6.89,0.82,329.84,12.0,3,56.5,Low
40.34,55.73,17.25,5.13,2.7,87.38,0.0,0,15.3,Low
29.66,67.7,19.63,5.84,1.0,342.39,20.0,6,94.3,Low
29.71,60.78,14.32,4.9,2.52,56.55,7.2,1,13.9,Low
27.0,59.23,13.51,5.83,2.36,113.34,12.31,2,25.6,Low
32.5,28.67,13.83,3.95,1.79,132.53,0.0,0,17.8,Low
31.77,55.52,17.57,4.21,2.06,138.26,0.0,0,12.7,Low
28.33,72.22,12.65,4.92,1.63,66.12,0.0,0,14.5,Low
24.15,75.42,24.85,6.3,1.34,864.67,100.0,30,466.8,High
26.76,60.73,25.43,4.98,1.63,430.95,16.5,2,30.5,Low
27.38,64.16,24.84,6.28,1.02,841.43,70.0,7,99.1,Low
28.49,73.51,25.88,5.96,1.45,659.49,100.0,12,192.9,Medium
31.81,64.52,16.37,6.06,3.68,21.31,5.84,1,9.8,Low
28.69,59.21,19.53,5.98,0.78,284.77,14.0,1,14.5,Low
27.26,61.19,18.42,5.81,1.27,522.08,14.0,4,55.5,Low
26.02,70.49,21.63,6.26,0.87,756.1,50.0,12,169.1,Medium
39.63,54.06,15.63,5.34,1.7,64.98,0.0,0,9.9,Low
34.78,58.4,18.0,5.82,1.52,261.99,8.38,0,13.4,Low
25.84,64.52,19.42,6.66,1.45,549.06,14.0,4,60.5,Low
24.44,67.94,16.85,5.53,2.74,53.0,16.52,1,15.8,Low
23.79,70.58,28.28,6.31,0.69,877.24,50.0,6,93.1,Low
34.16,38.51,13.9,3.85,3.89,209.79,0.0,0,16.9,Low
30.95,48.86,18.26,6.56,1.09,380.39,8.4,1,14.9,Low
29.09,29.19,12.78,4.32,3.15,90.05,0.0,0,12.9,Low
26.91,65.28,27.23,6.28,0.42,776.78,50.0,15,230.2,Medium
33.87,41.74,16.08,5.36,2.35,80.11,4.44,1,12.2,Low
33.95,35.42,26.03,6.04,1.27,93.56,4.8,0,18.8,Low
25.83,67.28,21.73,5.47,1.41,410.76,12.0,3,43.4,Low
25.56,68.78,25.56,6.12,0.76,730.41,100.0,30,441.9,High
24.4,55.02,21.57,5.08,1.2,32.27,8.4,1,14.7,Low
30.46,83.92,16.84,6.0,0.89,365.11,12.0,3,43.6,Low
27.02,77.74,16.8,5.53,1.1,102.97,20.0,2,30.2,Low
24.51,74.79,23.14,5.34,1.85,462.45,22.84,6,84.7,Low
30.54,46.89,17.53,5.01,2.26,95.28,4.51,1,13.4,Low
25.52,73.97,26.42,6.04,0.92,802.85,100.0,30,435.2,High
22.74,71.66,26.0,5.9,0.68,788.6,100.0,30,464.9,High
30.51,55.61,15.81,5.46,3.4,191.09,3.7,0,14.7,Low
31.13,48.95,12.09,5.79,4.2,52.83,0.0,0,13.1,Low
29.11,68.07,24.28,5.7,0.72,374.1,40.0,12,178.1,Medium
29.36,68.93,20.14,5.85,1.19,377.55,20.0,6,80.1,Low
24.28,72.64,23.87,5.92,0.96,749.0,100.0,30,450.1,High
29.2,79.28,24.65,5.96,0.76,228.42,40.0,7,99.2,Low
25.67,68.21,24.38,6.26,0.7,953.62,100.0,30,482.7,High
28.8,70.73,25.24,6.0,0.54,679.49,100.0,30,445.4,High
24.4,70.91,25.73,6.11,0.89,963.15,100.0,18,260.1,Medium
29.04,77.43,22.74,5.05,0.99,532.43,12.0,2,23.0,Low
23.73,71.9,24.87,6.07,1.1,939.38,100.0,23,330.9,High
25.94,76.13,25.75,6.13,0.8,770.67,100.0,27,381.0,High
36.6,59.04,10.39,5.23,2.08,56.24,0.0,0,14.9,Low
25.44,76.16,22.86,6.08,0.15,776.36,50.0,13,210.2,Medium
29.85,64.69,19.51,5.65,1.49,433.52,14.0,1,11.3,Low
23.4,72.47,26.08,6.29,1.03,730.13,100.0,24,345.2,High
30.68,55.08,15.61,4.61,3.07,198.69,3.93,0,18.7,Low
29.54,69.23,19.87,5.5,1.51,232.55,19.97,4,67.4,Low
22.84,73.44,17.59,4.1,2.45,129.1,0.0,0,13.6,Low
28.91,72.61,24.08,6.38,1.12,714.62,100.0,30,474.3,High
35.45,63.58,17.59,5.74,1.69,264.31,0.0,0,12.8,Low
36.78,55.21,22.34,5.11,2.72,0.0,0.0,0,13.5,Low
36.95,46.36,20.81,5.58,1.06,69.01,0.0,0,16.3,Low
27.33,75.81,26.52,6.07,0.48,725.28,100.0,23,348.9,High
28.09,48.15,12.04,4.6,2.35,117.8,0.0,0,17.4,Low
30.42,50.82,14.2,5.58,1.29,773.51,21.0,6,80.6,Low
25.63,73.29,23.78,6.21,0.39,743.38,100.0,30,479.0,High
23.13,72.8,26.28,6.22,0.8,698.78,100.0,30,439.3,High
28.6,68.39,21.44,5.97,1.88,489.58,18.93,3,43.1,Low
25.83,74.21,16.84,5.71,1.42,483.13,20.0,4,60.6,Low
33.62,48.47,8.57,5.01,2.77,105.2,0.0,0,12.8,Low
33.3,64.74,21.8,6.61,0.58,499.51,8.4,2,28.8,Low
30.88,62.44,16.75,5.08,2.89,0.0,0.0,0,9.7,Low
24.91,77.53,28.22,6.47,0.95,807.8,50.0,15,200.1,Medium
23.54,66.23,17.36,5.72,1.31,388.8,20.0,2,34.2,Low
26.93,60.07,19.44,6.16,1.32,440.82,14.0,1,13.7,Low
27.52,73.92,23.51,6.39,0.81,677.43,100.0,14,205.9,Medium
22.59,70.96,21.56,6.41,0.97,964.26,50.0,7,111.0,Low
33.28,65.13,18.23,3.82,2.27,69.36,0.0,0,19.2,Low
32.15,68.51,21.84,5.34,1.88,142.87,6.82,2,27.8,Low
28.97,59.0,17.69,5.74,1.74,483.86,13.53,4,57.9,Low
28.39,79.35,19.8,4.57,1.15,482.48,12.0,2,26.9,Low
34.27,55.1,17.67,4.77,1.85,78.08,4.79,1,14.0,Low
23.98,78.32,27.5,6.29,1.51,823.87,49.9,10,148.8,Low
21.79,70.43,25.52,6.46,1.44,776.51,100.0,30,448.4,High
40.28,48.52,19.08,4.91,2.12,32.57,0.0,0,15.5,Low
34.79,41.14,15.45,5.71,1.0,90.29,8.4,0,15.1,Low
25.35,70.1,25.06,5.84,1.04,661.67,100.0,30,443.1,High
35.82,69.05,21.17,5.54,2.55,157.11,0.0,0,14.6,Low
36.86,62.21,12.93,5.34,2.59,99.01,0.0,0,15.0,Low
32.73,64.1,15.16,6.55,2.03,272.51,7.77,2,25.2,Low
32.28,28.99,15.67,6.55,2.06,153.97,2.21,0,13.7,Low
32.05,60.19,20.06,5.2,1.91,303.18,4.75,1,13.5,Low
24.43,72.6,27.79,5.86,0.87,638.92,50.0,15,215.2,Medium
32.25,47.72,7.77,5.92,2.44,83.26,0.0,0,20.6,Low
32.17,56.79,25.87,3.46,0.55,70.47,0.0,0,16.5,Low
24.21,65.32,25.97,6.26,0.72,758.13,100.0,30,453.2,High
27.92,65.23,22.66,5.38,0.97,73.92,12.0,3,42.6,Low
31.76,69.15,20.94,6.97,1.74,347.84,6.95,2,32.6,Low
36.26,47.95,8.25,4.75,3.35,56.78,0.0,0,16.3,Low
26.55,77.48,26.69,6.37,0.97,803.38,100.0,22,354.7,High
21.08,67.07,21.52,5.79,1.3,302.2,20.0,6,81.1,Low
27.92,71.8,23.29,6.71,1.07,895.33,100.0,30,450.1,High
26.49,74.63,24.17,6.38,0.41,750.61,100.0,30,445.7,High
27.54,63.15,17.87,6.95,1.19,505.42,8.4,2,32.9,Low
27.23,65.87,27.47,6.18,0.73,930.13,50.0,13,198.5,Medium
32.62,62.45,17.34,5.7,1.8,124.87,8.05,2,28.1,Low
27.57,62.06,22.5,5.97,1.61,570.2,13.79,3,43.3,Low
29.51,49.27,10.48,4.58,2.09,102.27,0.0,0,19.4,Low
28.24,61.07,17.58,6.37,0.94,639.39,35.0,9,155.5,Low
24.28,75.17,24.82,6.11,0.38,725.23,100.0,20,282.9,Medium
31.57,51.95,18.55,4.65,3.24,140.65,3.81,0,17.3,Low
25.25,75.7,23.95,6.42,0.6,830.39,100.0,29,412.3,High
23.88,71.06,24.85,6.38,0.64,743.34,100.0,30,425.8,High
31.53,73.4,19.27,4.96,1.76,321.69,6.94,2,28.1,Low
25.24,72.2,24.78,6.08,1.28,770.18,100.0,29,412.7,High
28.29,76.26,24.28,6.19,1.3,929.17,100.0,30,469.7,High
27.72,58.25,18.94,5.05,1.5,374.58,8.4,2,27.0,Low
27.0,56.13,20.23,6.39,0.78,480.89,14.0,2,33.1,Low
25.83,61.79,14.56,4.83,1.05,450.13,8.4,2,31.8,Low
22.66,72.78,16.21,5.03,1.28,567.2,12.0,3,45.5,Low
37.12,70.02,21.61,5.51,1.22,98.7,0.0,0,17.0,Low
23.55,72.83,22.52,5.88,1.03,778.07,50.0,9,143.7,Low
25.56,72.18,24.43,6.62,0.5,686.65,100.0,25,373.3,High
28.17,81.78,21.32,5.47,1.13,563.99,12.0,3,57.7,Low
33.86,73.98,10.52,3.45,1.29,87.98,0.0,0,16.9,Low
23.01,60.08,24.6,6.37,0.6,294.08,28.0,8,130.3,Low
27.21,67.61,25.04,6.14,0.89,890.51,100.0,12,181.6,Medium
33.19,47.22,17.55,5.77,4.12,105.99,5.31,1,11.3,Low
35.21,73.03,17.13,5.64,3.09,78.39,0.0,0,11.4,Low
21.61,73.31,26.04,5.81,1.3,762.78,100.0,23,319.0,High
31.62,65.21,19.52,5.92,1.64,735.16,29.4,5,73.1,Low
28.92,72.43,25.77,5.79,0.71,704.07,100.0,16,216.0,Medium
26.23,68.34,21.06,5.98,1.08,712.16,50.0,8,122.8,Low
33.22,45.85,28.82,5.52,2.25,129.4,7.51,1,14.0,Low
23.17,67.88,23.63,6.55,0.98,862.43,100.0,26,386.5,High
25.78,57.98,18.43,5.79,2.12,251.41,12.78,3,46.3,Low
28.89,71.92,24.29,6.44,0.73,848.45,100.0,21,312.9,High
25.25,57.47,20.87,6.48,0.62,118.82,14.0,2,31.1,Low
29.62,45.96,11.39,4.55,3.72,134.93,0.0,0,6.8,Low
34.84,65.56,13.18,6.41,4.02,98.08,7.76,2,34.9,Low
28.16,58.25,14.4,5.85,1.24,496.29,14.0,2,31.0,Low
23.17,74.08,26.64,6.62,1.26,706.7,100.0,15,230.3,Medium
25.66,76.38,23.22,6.72,0.58,806.11,100.0,10,155.5,Low
29.77,63.06,21.08,5.73,0.68,616.16,35.0,10,143.8,Low
25.26,73.13,23.72,6.19,0.79,829.28,100.0,21,301.8,High
25.63,65.83,23.25,6.49,2.13,524.04,36.49,10,172.3,Low
28.64,68.38,8.29,5.32,1.87,129.0,0.0,0,17.5,Low
32.36,53.22,10.6,4.72,2.17,55.57,0.0,0,12.8,Low
30.78,68.59,6.0,4.03,3.36,65.23,0.0,0,15.4,Low
27.76,62.66,20.82,4.85,1.54,387.17,8.36,2,25.0,Low
23.3,67.87,23.18,6.65,0.79,350.68,40.0,4,69.3,Low
24.34,66.57,23.48,6.12,1.07,832.64,100.0,15,220.3,Medium
25.42,74.2,25.24,5.7,0.85,826.36,100.0,17,258.1,Medium
26.07,66.19,22.22,6.24,0.81,756.22,50.0,11,175.0,Medium
38.12,58.48,13.24,4.59,2.92,90.45,0.0,0,14.2,Low
39.02,53.6,10.89,6.31,2.45,6.87,0.0,0,18.5,Low
25.19,61.06,20.12,6.13,1.32,424.61,14.0,1,14.0,Low
27.84,53.34,14.88,4.03,0.71,64.83,0.0,0,5.0,Low
27.56,87.55,20.16,4.71,1.14,403.24,8.4,1,16.9,Low
28.25,69.05,16.15,5.68,2.01,483.81,18.58,4,58.6,Low
30.08,66.17,22.53,6.14,2.04,462.59,11.09,3,42.1,Low
21.13,67.52,26.98,6.27,1.16,636.27,100.0,30,401.8,High
29.04,64.57,22.34,5.84,0.62,890.55,35.0,10,133.8,Low
26.54,67.28,24.75,6.39,0.54,804.55,100.0,30,452.3,High
30.17,73.13,15.08,5.21,3.13,83.75,5.55,1,16.5,Low
29.11,48.38,8.42,5.38,0.09,84.66,0.0,0,11.4,Low
33.74,47.72,14.04,3.33,2.13,89.92,0.0,0,15.8,Low
23.39,73.3,27.58,6.32,0.77,833.24,50.0,6,82.7,Low
24.89,67.85,26.04,5.76,0.55,730.49,100.0,23,357.3,High
27.37,45.61,14.78,5.86,1.23,207.09,14.0,4,62.9,Low
25.51,71.71,24.0,6.15,0.95,985.43,100.0,30,440.2,High
24.87,67.92,22.81,6.64,0.88,796.41,50.0,15,220.0,Medium
22.61,72.63,24.8,6.5,1.07,234.68,40.0,7,118.3,Low
26.84,68.28,17.36,5.48,1.25,710.79,30.0,8,132.8,Low
28.68,33.5,24.32,5.62,2.74,80.48,6.61,1,17.1,Low
25.71,75.41,25.97,6.5,0.78,780.78,100.0,16,228.3,Medium
31.27,42.15,13.45,3.93,2.33,74.41,0.0,0,12.7,Low
27.2,67.7,26.33,6.15,0.45,579.1,40.0,10,140.6,Low
33.57,71.54,15.41,5.59,1.2,40.28,12.0,2,35.9,Low
33.27,57.02,18.84,5.85,1.3,0.0,0.0,0,11.9,Low
31.26,33.61,18.21,4.32,4.22,53.37,0.89,0,13.1,Low
29.35,73.02,19.07,5.41,0.29,368.71,12.0,3,47.7,Low
24.26,62.29,22.36,6.11,1.22,726.39,35.0,4,59.7,Low
22.9,72.14,23.96,6.4,0.34,878.09,100.0,20,276.0,Medium
28.67,59.78,17.94,4.95,1.4,490.88,8.4,2,29.0,Low
31.08,44.5,13.42,4.49,2.95,72.28,4.02,0,11.0,Low
23.88,68.67,25.06,6.58,0.97,683.83,100.0,23,368.7,High
33.39,49.29,18.41,5.52,3.79,43.63,5.71,0,18.0,Low
29.84,47.99,20.57,6.14,0.79,516.46,14.0,4,63.8,Low
32.2,62.63,5.94,5.52,3.49,66.56,0.0,0,13.3,Low
32.74,55.2,10.08,3.11,2.98,99.98,0.0,0,9.4,Low
23.46,73.77,24.68,6.01,0.69,724.46,100.0,27,407.3,High
28.31,43.49,18.15,5.03,1.82,617.38,20.07,3,42.9,Low
23.81,67.91,16.88,6.28,1.25,607.41,50.0,13,184.1,Medium
24.24,68.61,25.14,6.03,0.83,803.67,100.0,10,147.8,Low
37.33,60.96,15.79,6.51,1.56,107.01,0.0,0,15.8,Low
30.1,55.74,14.21,5.14,2.41,148.91,4.39,1,14.9,Low
24.73,77.86,22.43,4.69,1.28,567.71,12.0,1,19.0,Low
26.02,56.98,19.48,5.67,1.12,500.59,14.0,4,56.2,Low
42.06,55.73,19.53,5.26,4.18,108.37,0.0,0,17.8,Low
25.9,71.72,27.0,5.97,0.85,805.41,100.0,30,474.7,High
38.52,61.27,24.14,5.13,3.71,91.55,0.0,0,15.4,Low
26.77,72.14,26.38,6.31,1.21,842.56,100.0,24,366.1,High
24.52,66.5,25.09,6.94,1.14,700.77,60.0,18,264.6,Medium
29.53,57.42,9.94,4.11,3.95,73.97,0.0,0,21.1,Low
27.74,70.02,24.3,6.04,0.53,815.19,100.0,24,378.2,High
25.59,60.69,20.01,5.11,1.6,715.99,20.71,5,70.5,Low
24.64,59.48,23.79,5.06,1.86,356.07,15.94,3,46.2,Low
27.84,71.99,22.7,6.64,0.61,836.68,50.0,15,249.3,Medium
33.31,48.84,20.45,5.67,1.57,359.23,8.32,1,13.3,Low
23.22,74.12,24.98,6.19,0.76,832.8,100.0,30,412.1,High
38.86,43.21,7.71,4.31,2.66,108.94,0.0,0,17.1,Low
27.91,75.16,24.49,5.93,0.82,834.75,100.0,30,449.5,High
28.39,75.41,20.61,5.58,1.38,526.29,20.0,4,61.5,Low
24.68,71.91,25.57,5.8,0.88,750.83,100.0,17,271.8,Medium
29.25,56.0,9.44,6.54,2.41,33.89,0.0,0,18.6,Low
23.53,69.87,23.39,6.37,0.77,848.94,100.0,24,371.3,High
24.5,76.13,25.26,6.68,0.56,965.39,100.0,30,446.9,High
31.67,69.04,18.34,4.49,0.34,130.42,7.2,1,18.3,Low
32.18,44.1,13.07,4.79,2.44,30.49,0.0,0,15.2,Low
27.95,61.29,12.79,4.44,3.81,41.92,0.0,0,17.6,Low
27.58,70.89,22.81,5.63,0.75,344.9,20.0,3,53.9,Low
28.72,65.51,14.54,4.72,3.08,92.53,9.34,2,39.0,Low
37.15,41.37,21.26,5.63,3.26,79.92,0.0,0,16.9,Low
27.46,70.05,19.01,5.87,0.85,439.37,20.0,3,44.1,Low
26.96,60.78,19.35,5.64,0.96,393.21,14.0,1,14.4,Low
24.25,70.54,23.9,6.1,1.22,792.99,100.0,30,465.1,High
29.76,53.24,4.77,5.65,2.26,143.35,0.0,0,18.4,Low
26.53,65.38,20.22,6.05,1.09,110.49,20.0,3,32.5,Low
28.1,67.79,18.97,5.5,1.38,338.11,20.0,4,68.5,Low
40.18,58.74,5.12,5.55,2.4,35.69,0.0,0,13.6,Low
25.58,67.9,27.18,6.41,0.63,790.34,50.0,13,208.6,Medium
30.01,47.83,14.13,5.72,2.41,10.04,0.0,0,13.5,Low
23.42,73.35,27.57,6.39,0.65,768.45,50.0,12,169.4,Medium
31.14,37.01,9.04,4.99,2.39,21.37,0.0,0,16.7,Low
25.61,75.0,25.71,6.15,1.07,836.86,100.0,27,427.1,High
27.58,69.05,19.59,5.38,1.14,452.52,12.0,3,43.7,Low
23.08,36.78,19.56,4.74,2.38,21.9,2.1,0,14.6,Low
25.6,62.58,18.1,5.64,0.91,505.62,14.0,3,35.7,Low
35.91,69.5,12.6,5.55,2.86,93.21,0.0,0,14.6,Low
34.13,35.49,15.59,4.59,2.0,98.05,1.34,0,18.3,Low
26.62,68.78,23.51,5.62,1.32,490.25,40.0,4,59.7,Low
24.02,72.71,23.96,6.45,1.13,765.88,100.0,17,247.2,Medium
36.86,52.06,20.0,4.4,1.7,94.7,0.0,0,17.7,Low
32.24,65.75,7.93,5.67,2.93,54.93,0.0,0,18.7,Low
30.04,72.24,18.63,5.85,1.35,731.55,30.0,9,128.8,Low
24.42,71.24,24.13,6.48,1.02,782.27,100.0,30,469.6,High
24.47,76.15,23.12,6.1,0.47,766.85,100.0,14,225.1,Medium
30.8,67.85,20.35,5.09,0.67,320.25,7.2,1,14.4,Low
26.66,72.51,24.7,5.87,0.6,918.36,100.0,26,402.3,High
26.06,74.43,26.64,6.08,0.49,864.27,100.0,30,462.4,High
22.08,52.45,20.69,4.91,0.99,632.6,21.0,2,39.4,Low
25.9,63.55,23.49,5.17,0.91,467.4,16.8,4,73.4,Low
26.6,64.93,18.09,6.05,1.41,606.87,35.0,10,157.7,Low
33.77,64.52,15.16,6.12,1.58,104.41,8.31,2,33.4,Low
26.23,72.11,25.58,6.58,0.5,798.12,100.0,30,435.6,High
28.46,77.72,21.69,5.87,1.06,304.2,20.0,2,31.7,Low
25.77,75.29,24.08,6.42,0.93,668.43,100.0,22,334.8,High
30.61,64.05,27.49,4.74,1.69,189.27,4.91,0,12.8,Low
29.9,70.41,27.59,6.48,0.75,868.37,50.0,10,151.2,Low
32.19,38.38,7.9,3.69,3.28,152.13,0.0,0,14.0,Low
32.39,53.13,13.61,4.62,0.75,0.0,0.0,0,8.9,Low
26.07,68.62,22.19,6.39,0.41,772.99,50.0,15,218.7,Medium
22.47,76.89,26.5,6.08,0.31,882.37,100.0,30,411.8,High
29.49,80.61,21.09,5.49,1.07,277.45,12.0,2,29.6,Low
29.14,48.12,23.05,5.38,0.39,430.57,16.8,5,71.0,Low
23.0,52.58,19.75,5.88,0.63,425.5,14.0,2,30.8,Low
32.42,40.23,15.08,6.0,0.96,82.72,8.4,1,15.8,Low
27.36,69.41,12.7,5.16,1.14,436.92,0.0,0,20.9,Low
25.3,72.5,26.02,6.25,0.75,846.9,100.0,12,167.9,Medium
22.97,68.89,25.31,6.22,0.86,884.74,100.0,28,402.0,High
33.18,47.62,14.41,4.26,3.28,164.79,0.0,0,8.9,Low
32.9,69.69,18.32,5.65,1.47,581.79,12.0,1,15.7,Low
23.81,69.9,25.03,5.95,1.35,753.58,100.0,22,357.6,High
25.32,69.72,24.4,6.09,1.27,362.83,40.0,9,129.2,Low
21.09,43.38,23.53,5.29,1.29,570.77,16.8,4,61.1,Low
27.11,78.3,27.73,6.43,1.1,759.31,50.0,15,218.6,Medium
31.18,56.08,20.32,4.69,3.28,118.37,3.78,0,11.6,Low
29.85,70.7,24.14,5.91,1.14,723.79,100.0,11,164.0,Medium
29.39,48.7,13.89,4.77,2.92,96.77,6.73,1,14.8,Low
26.82,69.06,23.49,6.25,0.73,796.23,100.0,29,434.9,High
32.23,53.97,15.15,4.66,2.49,127.9,4.34,0,15.6,Low
26.88,65.7,20.35,5.84,1.8,289.61,19.16,4,48.5,Low
27.41,77.76,23.9,6.24,1.05,662.35,100.0,30,482.0,High
35.62,72.48,21.48,5.47,3.24,86.7,0.0,0,13.8,Low
28.53,76.28,22.45,6.03,0.91,365.69,20.0,5,71.8,Low
31.19,61.4,16.08,3.73,1.35,91.71,0.0,0,11.1,Low
48.45,49.28,14.22,5.65,3.46,66.47,0.0,0,10.6,Low
26.72,70.52,17.8,5.26,0.87,312.68,12.0,1,16.5,Low
44.56,65.79,5.72,5.96,3.69,72.7,0.0,0,11.7,Low
28.72,56.0,17.75,5.48,1.39,288.72,8.4,2,16.2,Low
23.79,78.89,22.17,6.03,0.48,833.27,50.0,15,228.7,Medium
30.96,59.28,17.69,5.8,1.69,396.14,8.17,2,33.1,Low
31.41,71.1,23.13,5.44,1.06,152.86,14.4,2,31.3,Low
25.79,53.55,13.91,5.12,2.22,64.69,7.55,2,31.7,Low
28.99,70.77,20.68,5.92,1.04,201.78,20.0,6,86.4,Low
30.04,70.95,21.79,6.05,1.3,343.42,12.0,3,46.5,Low
23.64,55.62,14.24,5.83,2.96,139.93,11.14,3,40.7,Low
32.07,59.66,18.23,5.93,3.44,95.5,6.12,0,16.9,Low
27.83,49.2,15.74,5.46,2.39,88.5,7.35,0,17.3,Low
36.08,39.96,17.23,5.28,1.63,72.3,0.0,0,20.4,Low
32.34,63.46,14.57,5.54,3.56,143.11,5.98,1,14.8,Low
25.53,75.26,24.95,6.5,1.27,712.85,100.0,30,462.5,High
24.99,72.32,23.45,6.13,0.63,728.35,100.0,30,474.8,High
25.22,76.24,23.03,6.06,0.48,759.36,100.0,12,175.1,Medium
24.55,70.59,26.38,6.42,0.1,822.49,100.0,30,455.7,High
33.61,41.38,11.36,4.24,3.07,156.41,0.0,0,17.6,Low
23.91,66.48,25.24,6.09,1.05,931.98,100.0,22,327.7,High
28.4,70.26,24.65,6.22,0.61,784.67,100.0,30,439.4,High
24.89,55.64,12.68,3.96,4.33,8.39,0.0,0,18.4,Low
25.13,72.62,9.72,5.77,1.04,296.43,0.0,0,17.2,Low
30.75,41.13,11.37,4.8,2.89,41.83,0.0,0,9.6,Low
26.95,74.1,17.83,5.99,1.29,631.38,50.0,13,208.3,Medium
25.07,73.66,24.46,6.32,0.48,638.18,100.0,10,151.2,Low
31.1,63.45,13.8,5.34,2.52,113.08,4.32,1,16.1,Low
27.59,44.28,11.46,5.06,2.11,94.01,0.0,0,12.3,Low
23.31,68.09,26.11,6.21,0.44,1011.14,100.0,11,164.3,Medium
27.86,59.87,15.57,5.2,1.61,162.74,8.27,2,36.6,Low
30.45,66.32,17.72,5.49,1.73,316.65,6.96,2,30.9,Low
29.12,55.11,18.78,5.51,1.55,417.61,13.9,2,33.7,Low
28.0,66.76,12.44,6.31,1.04,308.86,0.0,0,17.8,Low
25.56,76.49,27.14,5.94,0.43,844.91,50.0,13,185.1,Medium
27.36,67.0,20.82,6.01,2.0,249.49,18.59,1,15.5,Low
28.47,65.39,20.67,4.87,1.4,534.09,12.0,1,15.3,Low
23.9,68.75,26.49,6.3,1.34,916.77,100.0,23,352.3,High
28.16,66.68,26.01,6.46,1.78,512.97,38.44,6,94.0,Low
31.18,56.21,19.91,4.04,1.31,113.59,0.0,0,13.3,Low
26.62,61.03,11.54,4.97,2.04,80.89,0.0,0,21.3,Low
33.9,71.54,15.35,6.03,1.92,319.14,11.29,1,10.9,Low
40.61,44.99,8.36,3.97,2.85,1.41,0.0,0,19.1,Low
36.5,52.61,17.52,4.69,3.49,50.57,0.0,0,19.4,Low
34.92,80.39,12.63,4.4,2.55,88.47,0.0,0,13.7,Low
26.17,71.8,26.05,6.15,0.75,672.26,100.0,30,460.0,High
28.03,58.06,22.15,6.43,1.16,393.74,14.0,2,28.2,Low
30.88,70.7,14.14,3.88,1.6,72.32,0.0,0,21.8,Low
35.06,45.44,14.19,4.23,2.4,70.94,0.0,0,17.4,Low
21.17,42.05,11.21,5.06,2.78,105.95,0.0,0,11.8,Low
28.61,54.62,15.08,3.93,2.2,145.11,0.0,0,11.3,Low
23.61,74.47,24.5,6.43,0.7,758.86,100.0,26,396.8,High
30.76,73.13,15.32,6.02,1.37,537.54,12.0,1,17.7,Low
25.87,68.18,13.01,4.67,2.38,17.92,0.0,0,16.3,Low
26.35,67.13,20.74,5.45,1.46,489.17,12.0,1,17.1,Low
26.07,47.11,17.1,5.64,2.14,97.88,12.75,3,46.2,Low
23.97,70.07,25.87,6.24,0.92,619.56,100.0,21,308.0,High
36.53,56.6,10.73,4.5,1.45,0.0,0.0,0,17.6,Low
21.15,35.46,24.03,4.33,2.9,68.45,3.86,0,14.7,Low
21.64,76.89,26.93,5.95,0.83,743.07,100.0,28,407.9,High
26.96,71.27,26.02,5.81,0.99,646.95,100.0,30,447.9,High
26.04,61.86,23.64,6.25,0.67,732.9,70.0,21,308.8,High
24.45,71.41,24.27,6.7,0.89,931.06,100.0,29,418.7,High
25.6,72.69,27.61,6.04,0.97,747.1,50.0,7,93.2,Low
36.76,52.9,2.62,4.18,1.36,70.05,0.0,0,15.3,Low
30.64,66.1,18.12,6.22,2.33,0.0,0.0,0,19.8,Low
34.02,47.68,9.76,4.27,3.71,77.5,0.0,0,16.5,Low
25.49,72.63,25.76,5.79,0.73,906.75,100.0,30,453.8,High
25.55,49.53,19.58,5.49,2.87,100.56,6.79,2,28.8,Low
24.89,72.02,22.53,5.87,0.88,673.92,50.0,15,251.2,Medium
33.4,53.17,8.32,6.12,3.27,78.15,0.0,0,13.8,Low
35.68,56.94,14.73,4.53,3.11,112.32,0.0,0,21.3,Low
38.25,24.93,21.96,4.73,3.23,59.53,0.0,0,14.2,Low
32.24,65.85,26.04,3.12,2.58,129.28,0.0,0,17.4,Low
29.81,64.0,21.05,5.57,1.68,465.64,13.66,2,34.3,Low
29.72,65.9,5.74,4.88,3.47,97.01,0.0,0,12.2,Low
22.84,71.4,25.29,6.14,0.61,879.96,100.0,17,262.2,Medium
23.58,78.23,25.07,6.05,1.0,907.62,100.0,14,214.2,Medium
29.5,74.34,24.47,5.83,1.23,752.16,100.0,17,258.0,Medium
28.34,74.74,25.3,6.64,0.66,878.2,100.0,11,164.0,Medium
24.74,70.42,23.03,6.58,0.66,841.94,100.0,30,446.4,High
24.5,67.55,23.93,5.6,0.9,773.28,100.0,10,150.4,Low
27.47,84.73,18.38,6.57,1.15,396.53,20.0,2,25.8,Low
20.89,70.77,22.04,6.25,1.16,941.13,50.0,7,101.3,Low
24.55,68.64,21.28,6.47,0.7,796.17,50.0,15,240.4,Medium
29.02,69.78,24.39,6.01,0.54,902.09,100.0,15,242.2,Medium
28.2,57.08,19.35,5.43,0.73,639.31,21.0,6,85.3,Low
27.02,39.94,13.99,5.52,1.95,132.33,3.75,1,15.9,Low
24.68,68.2,26.38,6.03,0.5,743.52,100.0,30,445.6,High
29.58,61.3,14.25,5.99,2.8,70.19,11.46,3,64.1,Low
21.67,68.8,21.04,6.01,0.59,771.38,50.0,7,84.5,Low
27.49,61.94,21.87,4.9,1.44,522.18,8.4,1,18.0,Low
41.81,71.48,19.97,5.88,4.77,137.05,0.0,0,15.0,Low
31.8,48.97,16.97,5.04,2.75,185.87,4.16,0,15.6,Low
24.25,66.98,19.1,5.58,1.28,542.45,20.0,6,102.0,Low
27.81,58.1,24.74,7.27,1.27,435.27,16.8,3,54.5,Low
31.1,60.2,9.63,5.0,2.1,100.17,0.0,0,18.0,Low
24.66,76.6,27.05,6.71,0.68,858.84,50.0,13,188.5,Medium
30.37,49.67,20.78,5.2,3.77,221.85,3.44,1,17.9,Low
27.5,68.33,27.52,6.2,1.34,811.99,50.0,13,198.9,Medium
25.96,80.67,25.5,5.71,0.68,892.69,100.0,19,268.6,Medium
32.87,41.43,12.1,5.18,4.86,61.23,0.0,0,15.0,Low
27.15,74.14,20.26,5.04,1.72,361.0,11.64,3,45.9,Low
30.73,61.43,16.53,5.94,1.12,283.08,8.4,1,10.6,Low
28.02,68.31,25.73,5.44,1.16,518.44,24.0,6,92.8,Low
32.72,64.71,17.34,5.09,0.92,92.52,5.04,1,14.7,Low
28.25,43.26,23.79,4.7,1.81,73.53,16.06,4,60.3,Low
22.76,72.69,26.82,6.19,0.73,852.45,100.0,30,450.7,High
25.14,72.68,26.03,6.45,1.05,889.08,100.0,23,352.8,High
29.94,73.86,19.78,4.44,2.01,179.45,11.15,2,25.4,Low
30.36,53.78,19.47,5.43,1.09,332.42,5.04,1,19.8,Low
30.03,58.72,9.6,4.55,1.88,64.88,0.0,0,13.6,Low
23.0,72.16,25.14,6.38,0.57,874.18,100.0,17,262.2,Medium
28.69,57.24,18.33,5.13,1.79,145.05,8.06,2,27.1,Low
21.39,73.25,22.13,5.88,0.57,574.16,20.0,6,86.3,Low
27.22,59.98,18.26,5.75,1.35,268.47,14.0,4,51.8,Low
30.44,63.9,20.04,6.35,0.82,285.69,8.4,2,30.9,Low
32.21,58.81,13.85,5.53,3.62,35.4,5.9,1,21.1,Low
34.0,53.19,16.09,4.32,2.37,10.96,0.0,0,10.8,Low
32.76,41.49,15.16,5.6,1.74,142.61,8.12,2,25.5,Low
28.83,51.31,21.34,4.37,1.15,90.62,8.4,2,39.4,Low
33.64,46.31,20.53,5.55,4.34,125.89,5.06,1,14.9,Low
32.62,86.36,18.97,6.21,4.2,89.32,5.22,1,18.4,Low
28.44,55.67,14.56,5.77,1.12,46.19,14.0,2,38.6,Low
34.96,42.58,15.17,4.18,1.55,80.61,0.0,0,22.1,Low
23.44,73.98,24.12,6.23,0.66,849.38,100.0,30,448.9,High
27.11,74.06,24.54,6.25,0.87,806.32,100.0,15,218.7,Medium
31.97,49.82,22.54,5.24,0.92,92.56,5.04,1,17.0,Low
27.5,69.19,24.64,6.15,0.85,932.99,100.0,24,400.0,High
22.68,63.79,26.04,6.07,0.8,902.43,70.0,12,176.8,Medium
35.72,75.43,18.32,4.45,0.58,173.98,0.0,0,16.2,Low
27.67,71.52,24.59,6.01,-0.07,645.41,100.0,15,213.9,Medium
32.38,69.13,19.97,6.68,1.48,375.61,12.0,2,26.9,Low
32.65,41.2,18.76,5.7,1.9,79.31,7.93,2,28.0,Low
35.59,64.97,8.17,4.46,1.04,94.37,0.0,0,16.2,Low
25.59,78.08,26.17,6.33,0.82,671.1,100.0,14,238.5,Medium
26.21,74.14,19.44,5.79,0.6,504.14,20.0,6,98.8,Low
24.69,70.81,21.72,6.44,1.15,831.24,50.0,7,107.5,Low
36.44,45.14,27.02,5.1,2.55,135.83,0.0,0,16.0,Low
28.03,71.68,17.58,6.42,1.02,523.38,20.0,3,54.5,Low
34.71,70.57,12.83,4.84,3.22,46.43,0.0,0,13.2,Low
23.54,69.6,26.05,6.09,0.32,1030.1,100.0,19,303.3,Medium
32.84,49.31,19.4,4.01,2.19,115.02,0.0,0,14.2,Low
30.42,65.38,24.24,5.89,1.36,490.63,24.0,4,52.4,Low
25.83,73.9,26.64,6.03,0.41,947.79,100.0,17,240.5,Medium
29.13,72.93,17.66,6.34,1.27,756.88,50.0,14,185.5,Medium
29.03,59.25,23.9,6.05,1.7,519.37,27.23,7,113.9,Low
28.9,63.55,20.21,6.09,1.44,263.13,14.0,4,55.9,Low
33.64,61.13,17.92,5.31,1.76,160.87,4.86,1,15.5,Low
32.77,34.25,11.19,3.88,3.65,58.18,0.0,0,12.1,Low
28.72,39.1,19.32,4.69,2.03,166.0,2.22,0,13.3,Low
25.31,68.26,27.65,6.04,1.16,754.31,50.0,15,227.7,Medium
24.33,68.22,9.74,4.35,2.41,128.63,0.0,0,11.0,Low
34.74,61.47,13.77,3.24,2.51,159.1,0.0,0,14.9,Low
25.54,72.1,22.65,6.55,0.7,794.44,50.0,15,251.5,Medium
23.76,76.03,25.7,6.2,0.41,818.61,100.0,21,331.0,High
30.71,53.16,23.02,5.61,1.82,323.12,16.06,4,56.2,Low
28.0,63.4,20.69,6.5,1.47,550.31,14.0,1,14.7,Low
20.62,71.65,22.62,5.3,1.58,212.33,11.86,3,38.8,Low
26.6,66.32,21.11,6.28,0.84,105.19,20.0,5,78.7,Low
32.87,69.9,18.68,5.46,1.03,621.61,18.0,3,35.8,Low
35.65,54.92,11.78,5.99,2.92,67.93,0.0,0,16.8,Low
25.0,75.01,26.03,6.42,1.36,792.57,100.0,14,202.6,Medium
24.53,66.36,17.94,4.43,1.57,91.59,11.88,1,12.1,Low
22.65,73.14,27.77,6.23,1.05,823.03,50.0,5,76.5,Low
22.11,58.01,17.29,5.82,1.66,389.2,13.68,2,21.3,Low
26.57,76.23,25.85,5.93,0.88,623.67,100.0,23,348.4,High
30.84,75.38,18.6,4.14,3.95,59.76,0.0,0,12.8,Low
28.58,57.04,22.31,5.16,0.81,200.2,8.4,2,26.6,Low
32.75,57.89,20.02,5.17,1.71,130.78,4.89,1,14.5,Low
34.83,48.72,17.04,6.67,1.4,429.81,8.4,2,33.1,Low
44.36,54.01,19.23,4.66,3.79,82.09,0.0,0,17.3,Low
22.61,70.39,17.45,6.08,1.44,460.21,20.0,4,61.8,Low
24.83,62.13,20.03,5.58,0.74,650.46,35.0,3,31.3,Low
26.08,76.11,24.38,6.59,0.76,664.3,100.0,29,417.6,High
25.06,70.73,20.03,5.09,1.05,340.12,12.0,3,43.8,Low
29.62,60.59,24.74,5.9,0.76,408.15,28.0,7,105.7,Low
30.08,43.59,11.92,3.43,2.99,87.28,0.0,0,9.7,Low
24.75,70.54,22.82,6.6,0.12,787.42,50.0,13,198.6,Medium
25.08,67.36,25.29,5.84,0.73,853.13,100.0,15,227.5,Medium
27.03,64.23,17.96,6.17,1.4,431.67,14.0,3,49.8,Low
27.08,67.9,26.25,6.23,0.65,989.71,100.0,30,459.5,High
24.91,67.57,23.21,6.32,1.45,709.14,100.0,30,453.9,High
25.4,68.16,22.71,6.63,0.58,790.29,50.0,7,103.4,Low
22.9,68.99,24.95,6.19,0.78,809.77,100.0,25,378.6,High
28.39,43.93,12.31,4.6,0.06,14.21,0.0,0,14.3,Low
27.44,45.06,18.88,5.91,3.79,66.38,9.51,2,27.5,Low
31.3,41.94,17.99,4.73,2.34,77.63,4.45,0,21.5,Low
28.01,67.25,18.85,5.7,0.81,178.15,20.0,3,51.9,Low
27.76,60.12,22.86,6.02,1.07,194.2,14.0,4,53.3,Low
22.8,67.27,26.56,6.45,0.68,764.21,100.0,30,454.2,High
24.82,74.07,22.95,5.8,0.84,867.89,50.0,7,96.1,Low
23.92,67.66,23.15,5.82,0.29,828.17,100.0,27,417.4,High
24.77,75.52,26.56,6.17,0.69,817.58,100.0,30,426.4,High
27.2,58.37,16.27,6.08,0.85,259.86,14.0,4,53.0,Low
33.09,42.66,9.44,6.09,3.55,69.54,0.0,0,14.2,Low
23.17,66.73,23.23,6.22,0.59,740.48,100.0,30,490.3,High
26.95,76.78,20.68,5.34,1.36,335.22,12.0,2,33.5,Low
23.8,72.46,24.14,5.91,1.2,630.07,100.0,30,448.8,High
28.59,51.07,21.47,5.99,1.22,90.67,14.0,1,14.8,Low
31.56,60.61,14.54,4.25,4.3,83.75,0.0,0,14.2,Low
19.63,67.59,5.7,3.92,3.07,170.15,0.0,0,17.1,Low
32.39,63.2,13.0,5.44,1.65,107.01,0.0,0,20.2,Low
24.56,64.31,16.29,5.77,1.89,357.71,13.23,3,40.9,Low
31.21,57.57,17.98,6.42,1.44,283.18,8.4,2,34.3,Low
24.11,66.43,24.56,6.0,0.5,692.38,100.0,30,430.4,High
27.12,48.31,9.9,4.53,1.91,52.77,0.0,0,10.9,Low
32.64,55.83,21.59,5.85,1.53,325.43,8.36,2,33.7,Low
34.21,63.13,21.46,4.88,2.72,72.38,4.18,0,10.8,Low
25.12,71.78,22.41,6.31,0.56,753.41,50.0,5,75.5,Low
41.18,40.38,14.79,5.61,1.76,150.13,0.0,0,15.2,Low
34.7,68.74,4.52,4.49,4.53,120.39,0.0,0,17.8,Low
29.88,63.5,19.52,5.35,1.24,340.9,8.4,2,34.3,Low
21.75,76.43,23.54,6.23,0.4,826.17,100.0,24,372.5,High
31.37,69.74,21.66,5.64,1.19,608.7,30.0,9,117.6,Low
27.81,72.55,18.82,6.06,1.14,511.17,20.0,3,53.4,Low
24.55,76.07,24.03,5.93,0.79,823.16,100.0,27,391.3,High
26.82,67.15,25.87,6.38,0.51,861.59,100.0,25,375.8,High
28.04,58.21,20.94,5.97,1.21,510.83,14.0,3,43.1,Low
29.03,64.03,16.87,5.23,0.86,236.71,8.4,2,26.3,Low
26.54,68.1,25.61,6.06,0.88,733.18,100.0,26,384.3,High
26.67,51.83,17.14,6.26,1.51,416.79,13.97,3,52.5,Low
28.87,63.93,13.6,5.92,0.79,450.31,14.0,1,11.3,Low
30.3,45.72,14.54,6.53,2.2,108.02,7.57,1,17.9,Low
37.31,51.32,20.52,3.64,2.52,118.74,0.0,0,14.9,Low
24.93,72.97,26.33,6.28,1.3,853.97,100.0,23,324.3,High
26.73,48.57,17.03,6.24,1.28,148.18,14.0,1,15.5,Low
24.23,71.48,25.13,6.32,0.9,1004.73,100.0,28,409.5,High
27.91,62.18,18.57,5.72,1.39,189.12,14.0,4,60.1,Low
28.61,59.21,17.06,4.73,2.69,101.85,7.0,1,20.7,Low
25.29,71.77,27.99,6.48,0.96,546.13,20.0,3,46.7,Low
27.61,73.25,26.2,5.82,0.55,853.32,100.0,13,190.1,Medium
31.35,56.34,19.13,4.02,1.36,120.42,0.0,0,15.7,Low
28.43,54.82,20.17,5.77,0.98,306.41,14.0,2,37.7,Low
30.16,58.37,18.55,4.6,2.44,10.92,0.0,0,12.1,Low
30.2,28.04,20.78,4.11,0.88,157.45,0.0,0,13.9,Low
30.19,52.12,11.45,5.53,2.31,131.28,0.0,0,10.9,Low
29.16,59.47,11.32,5.11,2.98,113.79,0.0,0,17.8,Low
29.38,73.1,25.31,6.25,0.39,1012.04,100.0,30,437.9,High
26.78,70.05,26.54,5.73,0.66,700.45,100.0,25,383.7,High
34.34,67.57,20.01,4.86,2.29,164.28,6.41,0,14.7,Low
28.54,85.51,20.25,6.37,1.26,497.85,14.0,3,42.6,Low
33.23,60.05,22.69,7.25,3.39,129.37,3.71,1,14.8,Low
33.24,48.67,16.14,4.41,2.55,0.0,0.0,0,15.7,Low
24.44,74.45,27.02,5.93,0.69,822.65,50.0,15,232.3,Medium
23.06,74.75,25.72,5.72,0.74,784.94,100.0,18,273.0,Medium
28.98,43.27,16.51,5.6,3.16,78.35,10.75,3,44.8,Low
33.7,74.95,7.29,5.74,2.52,106.11,0.0,0,16.1,Low
34.82,63.6,19.35,5.26,2.72,86.43,4.18,1,21.2,Low
27.75,76.87,7.57,5.51,2.01,100.42,0.0,0,14.9,Low
28.69,55.71,23.72,6.02,1.52,368.22,27.93,8,132.5,Low
29.06,65.81,15.2,5.48,2.6,64.83,10.16,3,50.1,Low
31.69,66.7,17.44,5.86,1.36,783.41,30.0,4,66.7,Low
23.63,78.36,24.28,6.44,0.47,980.15,100.0,18,255.5,Medium
25.9,63.59,19.57,6.24,2.3,602.41,31.07,7,97.0,Low
24.4,66.24,27.52,6.22,0.81,746.46,50.0,10,135.1,Low
27.27,65.09,19.1,5.67,1.69,382.25,19.47,3,50.5,Low
25.21,81.79,27.77,6.48,0.89,911.58,50.0,15,239.9,Medium
36.24,57.18,13.29,4.06,2.73,50.47,0.0,0,10.2,Low
29.22,65.72,22.68,5.57,3.41,93.32,14.64,3,42.7,Low
37.05,38.78,16.42,5.31,4.6,79.53,0.0,0,14.4,Low
34.29,76.04,20.74,6.35,1.59,692.55,29.6,8,99.7,Low
36.46,43.43,29.04,3.04,2.26,137.69,0.0,0,17.6,Low
23.99,67.86,25.3,6.22,0.69,748.25,100.0,30,447.6,High
22.05,60.69,3.64,5.13,1.17,120.17,0.0,0,17.0,Low
28.91,61.95,17.89,5.53,0.76,214.88,14.0,4,59.3,Low
27.57,68.61,19.18,5.46,1.17,299.83,12.0,2,27.8,Low
28.42,59.13,20.63,5.88,0.81,267.47,14.0,2,31.3,Low
29.38,60.55,16.45,6.4,1.13,425.28,14.0,2,36.6,Low
38.59,50.5,13.4,5.12,3.21,141.28,0.0,0,11.3,Low
27.29,57.42,21.17,4.71,0.44,270.39,8.4,1,11.8,Low
27.6,62.82,14.57,4.96,0.85,159.99,8.4,0,18.5,Low
24.73,68.06,25.46,6.41,0.26,834.5,100.0,30,490.7,High
34.19,44.47,17.78,4.54,1.75,11.66,0.0,0,17.2,Low
27.17,70.49,24.38,6.1,0.58,918.66,100.0,11,163.7,Medium
28.01,74.06,25.02,6.17,1.27,817.42,100.0,30,463.3,High
24.88,63.0,24.42,6.17,0.42,1062.51,70.0,19,306.3,Medium
29.69,66.72,20.44,5.96,1.02,362.41,20.0,4,61.7,Low
26.1,57.79,20.19,6.64,1.17,178.03,14.0,1,18.0,Low
25.68,65.29,16.99,5.89,1.09,440.37,20.0,4,62.2,Low
27.44,51.94,19.32,5.37,0.42,708.34,21.0,5,66.7,Low
29.94,54.85,17.01,4.38,1.44,335.45,8.4,1,14.1,Low
25.34,70.23,21.42,5.54,1.25,417.06,20.0,6,99.8,Low
24.71,64.43,21.85,5.5,1.57,298.44,8.32,1,18.4,Low
27.1,62.93,17.31,5.48,1.36,329.56,8.4,1,14.0,Low
20.92,67.83,22.99,6.28,1.06,756.81,50.0,15,236.1,Medium
26.65,76.59,21.6,6.22,0.75,743.8,50.0,9,120.0,Low
28.49,64.45,18.64,6.16,1.36,308.76,14.0,4,55.4,Low
28.5,65.85,23.97,5.98,0.76,309.14,40.0,12,157.5,Medium
26.93,69.19,17.4,7.01,1.56,249.43,11.9,3,53.6,Low
26.27,60.01,21.65,5.59,0.94,571.04,14.0,4,56.0,Low
24.48,75.66,24.51,6.1,1.07,835.2,100.0,18,277.7,Medium
30.95,68.57,10.82,5.61,2.21,148.62,0.0,0,18.2,Low
27.95,68.08,24.49,5.98,0.49,871.19,100.0,30,464.5,High
26.45,64.91,13.66,6.29,3.22,152.81,10.62,1,16.0,Low
35.95,39.29,18.3,5.29,2.11,67.63,0.0,0,19.1,Low
26.44,80.62,24.67,6.4,0.56,890.55,100.0,30,497.4,High
28.1,79.08,27.32,6.29,0.98,767.19,50.0,5,68.8,Low
37.89,65.13,16.47,6.02,1.71,141.3,0.0,0,16.6,Low
31.03,71.15,20.7,6.41,1.67,446.81,11.71,1,18.1,Low
34.78,64.0,15.63,5.53,2.37,84.08,7.38,1,16.7,Low
24.75,77.1,11.48,5.07,1.79,10.08,0.0,0,14.5,Low
25.51,57.43,16.75,6.15,1.25,272.59,14.0,4,56.1,Low
38.52,45.93,-2.69,5.0,1.9,0.98,0.0,0,11.0,Low
25.58,61.22,18.44,6.66,0.98,462.77,14.0,4,64.1,Low
29.96,63.59,25.15,5.7,0.97,357.59,28.0,6,80.6,Low
30.06,60.43,10.13,4.8,1.44,72.84,0.0,0,18.2,Low
31.92,74.75,17.48,5.79,0.54,285.85,12.0,3,36.0,Low
31.54,37.21,20.84,3.76,3.15,96.03,0.0,0,14.8,Low
29.95,63.59,16.52,5.21,0.68,274.69,8.4,1,16.7,Low
25.03,70.57,21.92,6.03,1.06,866.29,50.0,7,108.2,Low
24.17,72.94,25.87,6.56,0.2,915.51,100.0,25,403.4,High
25.19,69.03,23.48,6.45,0.49,633.83,100.0,30,447.5,High
34.04,62.63,17.98,5.22,1.32,87.72,5.04,1,14.3,Low
33.57,70.57,20.67,7.08,4.14,77.5,4.54,1,20.6,Low
22.92,70.3,23.95,6.64,0.78,817.0,100.0,30,440.3,High
31.03,70.2,22.8,5.87,1.51,604.92,29.96,6,94.1,Low
32.53,57.68,19.49,6.66,0.8,229.66,8.4,2,28.9,Low
23.31,75.7,24.89,6.83,0.76,843.2,60.0,10,153.9,Low
30.5,64.11,24.59,5.81,0.55,530.47,16.8,3,39.6,Low
26.29,69.37,25.22,6.33,1.05,895.22,100.0,11,144.3,Medium
25.81,44.73,17.65,5.53,2.86,84.54,11.33,1,19.3,Low
28.96,65.88,12.53,4.53,2.68,29.05,0.0,0,14.8,Low
35.89,60.6,13.99,6.33,1.83,37.55,0.0,0,11.0,Low
29.98,47.94,13.46,2.97,1.39,109.87,0.0,0,10.7,Low
16.56,63.64,20.91,5.97,0.91,443.36,8.4,1,18.4,Low
23.72,78.42,25.88,6.27,1.4,757.12,100.0,13,196.8,Medium
35.81,63.09,14.9,4.38,3.68,124.2,0.0,0,12.2,Low
20.86,70.67,22.51,5.72,0.88,880.38,50.0,8,112.8,Low
25.54,69.34,25.52,6.19,0.54,666.02,100.0,30,449.9,High
37.77,55.46,11.98,4.0,3.9,112.76,0.0,0,15.3,Low
21.14,68.72,25.44,5.98,1.14,862.15,100.0,27,380.3,High
29.28,64.72,23.28,4.88,1.22,240.67,16.8,3,50.9,Low
25.9,38.57,20.46,5.19,4.52,207.56,1.39,0,17.4,Low
27.0,67.72,23.91,6.26,0.56,754.85,100.0,15,210.4,Medium
31.2,49.71,9.47,5.57,2.71,160.0,0.0,0,16.4,Low
24.89,43.91,13.16,4.75,3.18,4.59,0.0,0,15.6,Low
26.79,73.55,22.41,5.95,1.03,937.97,50.0,15,218.8,Medium
34.0,44.84,21.48,4.76,1.98,112.64,4.7,0,17.9,Low
25.57,60.8,23.22,5.86,0.92,445.84,28.0,8,110.5,Low
30.26,52.26,18.67,5.03,2.99,172.59,3.99,0,13.6,Low
23.77,74.59,26.61,6.41,0.71,779.09,100.0,14,204.5,Medium
28.43,65.16,16.83,5.74,1.32,302.95,20.0,4,50.0,Low
27.93,67.97,18.77,5.6,2.12,135.12,18.27,4,53.5,Low
22.28,76.36,24.37,6.72,0.15,851.13,100.0,29,436.7,High
26.34,75.87,24.47,6.11,0.58,611.21,100.0,26,383.8,High
38.51,33.34,11.94,6.57,1.63,169.1,0.0,0,8.4,Low
24.94,66.99,25.48,6.44,0.86,633.53,100.0,15,215.6,Medium
23.76,68.83,23.91,6.17,0.67,777.41,100.0,15,233.3,Medium
25.2,69.52,25.21,6.46,0.49,974.34,100.0,10,135.9,Low
30.01,73.16,21.98,5.53,0.72,433.37,12.0,3,51.0,Low
30.74,46.62,19.93,5.41,3.52,83.68,3.61,1,14.4,Low
26.3,77.39,22.37,5.9,1.73,868.47,48.39,14,211.9,Medium
24.41,71.45,21.27,6.01,1.66,441.45,19.56,5,87.5,Low
29.19,57.34,20.85,6.17,1.51,741.27,34.95,4,58.3,Low
24.18,71.2,26.3,6.64,0.24,846.35,100.0,22,304.4,High
24.02,75.55,23.17,5.94,0.34,707.5,100.0,17,248.7,Medium
31.56,72.27,22.24,5.29,1.62,95.52,7.08,0,12.9,Low
24.43,77.67,24.78,6.0,0.65,807.22,100.0,30,487.8,High
28.55,65.66,20.94,6.76,1.2,184.09,20.0,4,53.6,Low
25.72,69.32,26.02,6.36,0.69,709.63,100.0,30,464.9,High
24.93,77.04,25.25,6.14,0.49,980.95,100.0,30,425.5,High
33.45,53.38,22.67,5.41,2.76,133.53,4.15,1,20.6,Low
24.33,59.84,22.12,5.23,1.58,514.3,8.3,2,30.7,Low
28.6,67.45,18.89,6.04,1.12,536.37,20.0,3,41.9,Low
33.23,33.94,14.35,6.97,0.84,148.25,1.44,0,11.9,Low
