timestamp,temperature,humidity,soil_moisture,ph_level,salinity,light_intensity,health_score,anomaly,label
2026-11-09 19:12:10.847353,22.0,76.23,24.87,5.96,0.72,987.18,100.0,0,normal
2026-11-07 10:12:10.843467,20.94,73.8,25.37,6.66,0.85,661.96,100.0,0,normal
2026-08-02 04:12:10.704816,27.32,65.0,24.33,6.15,0.92,647.95,100.0,0,normal
2026-12-05 13:12:10.887272,24.16,75.02,23.42,5.78,0.31,695.46,100.0,0,normal
2027-02-12 08:12:10.986372,26.13,66.69,24.96,6.21,1.3,535.13,40.0,0,normal
2026-11-20 09:12:10.864744,19.6,74.52,25.07,6.24,0.56,590.23,40.0,0,normal
2026-06-15 01:12:10.638739,22.97,73.28,23.65,6.09,1.28,617.06,100.0,0,normal
2027-03-02 22:12:11.013812,22.16,69.3,26.76,6.19,0.66,603.34,100.0,0,normal
2026-11-19 16:12:10.863717,22.95,76.33,27.0,6.02,0.83,730.51,100.0,0,normal
2026-06-09 08:12:10.630003,26.14,76.82,23.63,6.13,0.46,577.43,40.0,0,normal
2026-09-13 15:12:10.763888,30.0,73.86,25.91,6.32,1.05,857.47,100.0,0,normal
2026-11-18 02:12:10.860921,19.55,79.79,26.11,5.85,0.86,756.34,100.0,0,normal
2026-12-27 15:12:10.919905,26.05,73.13,26.41,6.02,0.49,741.24,100.0,0,normal
2027-06-10 21:12:11.163830,20.81,77.49,25.67,5.69,0.84,727.42,100.0,0,normal
2027-05-27 02:12:11.141548,22.14,75.42,26.05,6.27,0.84,855.07,100.0,0,normal
2026-10-24 09:12:10.823120,17.0,73.99,26.52,6.23,0.53,457.33,40.0,0,normal
2026-06-15 07:12:10.639083,24.69,72.85,25.36,6.08,0.92,608.74,100.0,0,normal
2027-06-09 08:12:11.161782,23.79,72.74,25.64,5.5,0.46,903.55,100.0,0,normal
2027-03-11 17:12:11.027951,22.13,79.59,24.01,6.61,0.73,531.66,40.0,0,normal
2026-10-25 03:12:10.824116,25.76,72.54,24.64,6.27,0.52,478.75,40.0,0,normal
2027-03-18 13:12:11.037862,26.84,67.52,25.65,5.85,0.84,616.79,100.0,0,normal
2026-08-23 18:12:10.734400,24.59,66.91,26.02,6.58,0.99,412.25,40.0,0,normal
2026-12-01 07:12:10.880768,26.2,65.82,25.25,6.39,0.6,673.94,100.0,0,normal
2027-03-17 14:12:11.036465,22.66,73.23,24.7,6.63,1.05,565.38,40.0,0,normal
2027-06-01 09:12:11.149800,26.06,85.0,25.12,6.11,0.42,783.41,100.0,0,normal
2027-02-09 18:12:10.982602,27.92,73.42,24.27,6.68,0.79,983.23,100.0,0,normal
2026-08-11 20:12:10.718050,20.13,80.39,23.97,6.66,1.11,278.97,40.0,0,normal
2027-04-30 09:12:11.101130,22.98,76.44,24.28,6.19,0.51,744.28,100.0,0,normal
2027-06-04 12:12:11.154167,20.8,81.06,25.86,6.13,0.4,628.5,100.0,0,normal
2027-05-25 13:12:11.138888,23.45,73.76,23.77,6.11,0.78,720.98,100.0,0,normal
2026-06-04 10:12:10.622382,21.82,72.77,25.24,6.65,0.98,667.79,100.0,0,normal
2026-09-10 15:12:10.758844,20.91,68.05,25.11,6.33,1.13,419.34,40.0,0,normal
2027-05-25 20:12:11.139337,22.93,71.1,26.01,6.06,0.2,594.32,40.0,0,normal
2026-12-14 04:12:10.899898,20.17,76.21,25.16,5.97,0.76,772.53,100.0,0,normal
2026-05-26 02:12:11.204535,23.5,75.0,25.0,6.15,8.18,600.0,6.43,1,high_salinity
2027-02-18 05:12:10.994956,25.27,70.93,25.0,5.83,0.38,534.52,40.0,0,normal
2027-01-04 11:12:10.931820,20.11,74.6,25.2,6.12,0.52,811.57,100.0,0,normal
2026-06-01 12:12:10.618236,22.48,75.05,24.43,6.78,1.5,728.6,100.0,0,normal
2026-06-06 20:12:11.203814,23.5,75.0,28.16,6.15,0.75,600.0,50.0,1,overwater
2027-02-26 10:12:11.007004,20.94,68.26,24.49,6.01,0.49,801.98,100.0,0,normal
2027-01-08 02:12:10.937128,27.84,74.34,23.0,5.84,0.75,678.56,100.0,0,normal
2026-05-23 12:12:10.602646,22.5,72.29,26.38,6.15,0.45,444.22,40.0,0,normal
2027-05-05 08:12:11.108467,19.44,77.52,26.33,6.48,0.67,362.55,40.0,0,normal
2026-07-24 02:12:10.692564,26.69,74.07,23.8,6.18,0.43,569.88,40.0,0,normal
2027-06-01 02:12:11.149396,24.71,75.25,26.34,6.51,1.02,593.26,40.0,0,normal
2026-05-23 16:12:10.602983,25.58,68.71,24.49,6.3,0.59,579.3,40.0,0,normal
2027-03-10 08:12:11.025702,24.22,74.59,24.43,6.43,1.19,442.61,40.0,0,normal
2026-10-13 09:12:10.807338,28.82,74.27,25.78,6.09,1.19,688.47,100.0,0,normal
2026-08-03 09:12:10.706449,23.05,70.57,24.53,6.39,0.75,701.7,100.0,0,normal
2026-08-26 01:12:10.738260,24.68,73.87,24.41,5.98,0.29,263.08,40.0,0,normal
2026-12-01 18:12:10.881462,22.6,79.09,24.04,6.08,1.08,686.5,100.0,0,normal
2026-10-06 22:12:10.797681,21.71,79.65,25.15,6.28,1.09,674.03,100.0,0,normal
2027-03-27 17:12:11.051556,30.0,80.0,25.79,5.67,0.77,694.84,100.0,0,normal
2027-03-17 19:12:11.036753,28.42,78.15,23.89,6.1,0.9,391.53,40.0,0,normal
2026-09-25 09:12:10.781060,26.48,78.94,24.79,6.3,1.0,778.72,100.0,0,normal
2026-11-15 20:12:10.857072,23.34,74.13,24.51,6.27,1.33,511.32,40.0,0,normal
2026-09-25 16:12:10.781461,22.77,73.06,23.95,6.5,0.97,459.86,40.0,0,normal
2027-01-11 08:12:10.941490,21.16,73.64,25.57,5.68,0.76,750.15,100.0,0,normal
2026-09-05 02:12:10.751512,24.26,78.38,25.4,5.62,0.87,954.37,100.0,0,normal
2026-09-07 01:12:10.754089,23.55,82.21,23.64,5.94,0.31,566.52,40.0,0,normal
2026-07-10 13:12:10.673645,30.0,72.28,25.25,6.21,1.07,384.36,40.0,0,normal
2026-12-31 13:12:10.926191,27.06,85.0,25.75,6.06,0.77,646.37,100.0,0,normal
2027-03-24 22:12:11.047496,23.86,77.49,23.52,6.15,0.61,581.03,40.0,0,normal
2026-05-26 12:12:10.607905,22.16,75.77,23.43,6.42,0.39,876.29,100.0,0,normal
2026-07-15 20:12:10.680668,24.55,82.87,26.1,6.02,1.0,282.29,40.0,0,normal
2026-12-05 23:12:10.887833,20.4,80.37,24.78,5.78,1.03,534.14,40.0,0,normal
2026-09-13 18:12:10.764050,27.66,65.0,23.5,6.36,0.98,373.69,40.0,0,normal
2026-05-28 11:12:11.203980,23.5,75.0,33.67,6.15,0.75,600.0,0.0,1,overwater
2027-01-23 09:12:10.957715,24.35,71.05,24.38,6.8,1.06,645.49,100.0,0,normal
2026-09-18 21:12:10.771149,28.33,77.18,26.06,5.75,0.26,423.38,40.0,0,normal
2026-11-18 14:12:10.862045,25.63,82.72,24.72,5.72,0.95,243.46,40.0,0,normal
2026-06-24 08:12:10.651721,21.28,69.37,24.35,5.75,0.66,634.12,100.0,0,normal
2027-05-26 01:12:11.139604,26.58,83.97,26.12,5.84,0.76,830.98,100.0,0,normal
2026-09-19 15:12:10.772172,22.31,79.36,23.41,5.89,0.6,453.22,40.0,0,normal
2026-09-21 00:12:10.774254,25.29,80.38,24.4,6.22,1.1,587.22,40.0,0,normal
2027-03-28 04:12:11.052185,27.73,72.46,26.48,5.97,1.01,803.45,100.0,0,normal
2026-07-01 12:12:10.661355,25.61,69.68,24.49,6.25,0.93,595.5,40.0,0,normal
2026-12-13 10:12:10.898876,24.73,74.13,24.57,6.08,1.07,750.39,100.0,0,normal
2027-05-14 05:12:11.121137,24.77,75.16,24.78,6.01,0.67,613.77,100.0,0,normal
2026-08-14 05:12:10.721395,18.8,77.69,24.51,5.91,0.78,689.28,100.0,0,normal
2027-06-03 04:12:11.152297,28.46,75.71,24.11,5.98,0.89,600.06,100.0,0,normal
2026-06-30 17:12:10.660304,19.63,70.47,25.04,6.17,1.22,594.5,40.0,0,normal
2026-12-31 06:12:10.925794,19.26,79.49,26.02,6.13,0.59,532.49,40.0,0,normal
2027-04-17 21:12:11.083610,23.82,77.93,25.75,6.55,1.35,449.46,40.0,0,normal
2027-01-01 02:12:10.926927,18.42,67.35,23.96,5.5,0.7,612.8,100.0,0,normal
2026-09-30 02:12:10.787637,19.6,73.0,26.0,6.2,0.44,513.29,40.0,0,normal
2026-05-26 04:12:11.204977,23.5,75.0,25.0,6.15,8.42,600.0,3.18,1,high_salinity
2026-09-24 07:12:10.779084,21.37,67.41,23.17,5.93,1.24,603.24,100.0,0,normal
2027-03-27 19:12:11.051667,26.15,78.21,24.84,6.02,0.89,160.85,40.0,0,normal
2027-01-25 19:12:10.960903,24.09,79.96,25.99,6.41,0.9,485.88,40.0,0,normal
2027-03-08 23:12:11.023660,23.68,74.1,26.25,6.32,0.69,864.92,100.0,0,normal
2027-03-25 10:12:11.048166,26.45,71.59,24.32,6.23,0.0,481.59,40.0,0,normal
2027-06-10 20:12:11.163776,27.42,65.0,25.94,5.53,0.77,438.71,40.0,0,normal
2026-07-05 01:12:10.666060,23.14,75.58,24.45,6.08,0.23,651.45,100.0,0,normal
2026-09-30 11:12:10.788127,24.72,76.54,24.54,6.48,0.61,1104.76,100.0,0,normal
2027-03-02 20:12:11.013701,25.94,75.92,24.92,6.09,0.64,802.19,100.0,0,normal
2027-01-02 00:12:10.928388,22.16,81.61,23.56,5.76,0.52,554.83,40.0,0,normal
2027-02-03 15:12:10.973221,19.11,68.46,25.68,6.31,0.98,506.33,40.0,0,normal
2027-04-01 01:12:11.058220,24.18,76.01,25.31,5.9,1.21,383.03,40.0,0,normal
2027-02-28 01:12:11.009513,21.54,66.25,24.46,6.4,0.6,389.03,40.0,0,normal
2026-06-22 21:12:10.649670,27.04,84.69,26.36,5.93,0.77,618.92,100.0,0,normal
2027-03-31 03:12:11.056294,26.77,70.99,25.59,6.19,0.42,384.8,40.0,0,normal
2026-12-18 21:12:10.907125,23.91,80.47,25.87,6.19,0.49,793.29,100.0,0,normal
2027-02-25 23:12:11.006247,19.86,80.63,24.93,5.73,0.54,355.26,40.0,0,normal
2027-05-13 00:12:11.119507,29.65,72.92,25.66,6.38,0.68,792.54,100.0,0,normal
2026-08-20 06:12:10.729517,26.68,73.0,25.04,5.7,0.95,497.32,40.0,0,normal
2026-08-07 15:12:10.712147,22.99,77.58,24.96,6.1,0.67,656.44,100.0,0,normal
2026-11-18 07:12:10.861452,25.63,77.74,24.98,5.93,0.83,446.63,40.0,0,normal
2027-01-24 01:12:10.958600,21.98,79.0,26.9,6.47,1.09,807.36,100.0,0,normal
2026-08-27 13:12:10.740248,28.2,76.19,24.76,6.09,0.39,832.92,100.0,0,normal
2027-05-26 19:12:11.141147,17.0,74.53,25.32,6.23,0.54,639.83,100.0,0,normal
2027-05-05 10:12:11.108595,30.0,80.59,24.3,6.63,1.05,305.81,40.0,0,normal
2026-11-04 19:12:10.839308,23.94,66.58,24.35,6.5,0.61,314.76,40.0,0,normal
2026-07-07 20:12:10.669938,23.7,77.67,23.77,6.03,0.77,403.81,40.0,0,normal
2027-01-03 04:12:10.930027,22.57,85.0,23.2,5.92,1.5,762.3,100.0,0,normal
2026-11-06 17:12:10.842029,18.14,79.99,24.04,6.27,0.65,376.36,40.0,0,normal
2027-02-05 05:12:10.975323,26.82,66.2,23.27,6.01,0.76,360.45,40.0,0,normal
2026-06-22 22:12:10.649728,22.94,70.87,23.91,5.99,0.45,647.69,100.0,0,normal
2026-08-27 17:12:10.740466,24.01,79.54,25.65,6.3,0.55,690.35,100.0,0,normal
2026-06-05 08:12:11.201888,15.72,75.0,25.0,6.15,0.75,600.0,60.0,1,low_temp
2027-04-28 21:12:11.099114,22.26,74.3,24.86,5.77,1.03,686.58,100.0,0,normal
2026-11-13 16:12:10.853866,25.35,74.75,26.15,5.92,0.92,704.51,100.0,0,normal
2027-03-25 08:12:11.048051,23.35,74.49,25.23,6.39,1.03,497.63,40.0,0,normal
2026-11-08 02:12:10.844419,20.5,78.77,24.66,6.1,0.8,1007.1,100.0,0,normal
2027-03-28 20:12:11.053133,25.07,77.73,25.13,6.12,0.52,369.35,40.0,0,normal
2026-12-03 14:12:10.884264,30.0,80.24,24.65,6.37,0.92,673.37,100.0,0,normal
2026-10-10 14:12:10.803323,24.13,76.97,27.0,6.36,0.75,1100.97,100.0,0,normal
2026-11-08 01:12:10.844364,26.66,69.35,23.0,6.12,0.31,490.02,40.0,0,normal
2027-03-25 09:12:11.048106,26.98,77.17,25.99,5.74,0.6,275.2,40.0,0,normal
2026-07-12 01:12:10.675630,22.39,74.61,23.37,6.22,0.99,270.87,40.0,0,normal
2027-02-20 15:12:10.998443,22.47,70.52,24.71,6.19,0.89,368.12,40.0,0,normal
2026-09-29 03:12:10.786280,24.65,69.78,24.79,6.45,0.7,676.91,100.0,0,normal
2026-06-12 07:12:10.634573,18.96,71.55,25.23,6.23,0.67,811.66,100.0,0,normal
2027-01-18 09:12:10.951090,21.43,67.5,24.88,6.14,0.31,575.9,40.0,0,normal
2027-04-27 19:12:11.097689,26.7,70.44,27.0,6.17,1.13,714.24,100.0,0,normal
2026-12-17 12:12:10.905023,24.03,65.0,24.89,5.96,0.9,544.18,40.0,0,normal
2026-05-26 01:12:10.607108,23.96,78.37,24.96,6.08,0.83,506.43,40.0,0,normal
2027-05-25 22:12:11.139444,24.4,68.94,25.17,6.67,0.8,372.2,40.0,0,normal
2026-07-24 01:12:10.692509,22.55,70.47,25.63,6.17,0.43,741.27,100.0,0,normal
2027-05-26 17:12:11.141038,22.91,72.58,25.38,6.73,0.78,386.64,40.0,0,normal
2026-05-27 00:12:10.608977,24.62,69.76,24.82,6.14,1.5,785.31,100.0,0,normal
2027-04-14 09:12:11.078463,21.53,72.47,25.01,6.07,1.0,499.59,40.0,0,normal
2027-02-17 12:12:10.993858,20.96,82.57,24.75,6.38,0.78,680.22,100.0,0,normal
2026-05-23 10:12:10.602538,21.41,78.87,24.36,6.24,0.96,469.53,40.0,0,normal
2027-02-02 13:12:10.971579,22.89,77.08,24.42,6.13,0.7,542.03,40.0,0,normal
2026-12-02 12:12:10.882690,17.93,78.7,24.73,6.45,0.83,845.45,100.0,0,normal
2027-01-02 20:12:10.929561,23.23,74.46,23.0,6.3,1.5,1089.64,100.0,0,normal
2026-07-05 13:12:10.666726,26.59,74.65,25.91,5.94,1.04,461.97,40.0,0,normal
2026-07-17 04:12:10.682479,24.64,75.34,24.8,6.21,0.68,619.96,100.0,0,normal
2026-12-05 18:12:10.887544,25.68,81.91,25.66,6.23,0.85,717.02,100.0,0,normal
2027-01-27 04:12:10.962728,26.6,71.25,26.56,5.5,0.76,208.56,40.0,0,normal
2027-01-28 14:12:10.964602,21.08,79.75,26.01,6.51,0.73,751.15,100.0,0,normal
2027-03-04 20:12:11.016730,22.45,76.65,26.4,5.99,0.72,294.95,40.0,0,normal
2027-05-08 20:12:11.113677,23.62,77.87,25.15,6.58,1.29,597.16,40.0,0,normal
2026-12-27 12:12:10.919719,20.55,74.86,24.13,5.94,0.78,562.1,40.0,0,normal
2027-05-02 05:12:11.103930,23.79,66.5,25.24,6.41,0.68,428.91,40.0,0,normal
2027-01-27 18:12:10.963508,19.08,75.3,25.73,6.06,0.93,17.3,0.0,0,normal
2026-05-23 08:12:10.602430,22.95,71.82,25.08,6.74,0.83,845.41,100.0,0,normal
2027-02-11 23:12:10.985698,26.6,66.22,24.71,6.28,0.19,556.32,40.0,0,normal
2026-06-27 13:12:11.205522,23.5,75.0,25.0,7.49,0.75,600.0,60.0,1,ph_alkaline
2026-05-23 06:12:10.602324,20.98,66.63,23.6,6.63,0.48,402.55,40.0,0,normal
2026-11-13 02:12:10.853009,30.0,75.72,25.33,5.91,0.78,640.37,100.0,0,normal
2027-04-12 20:12:11.076258,27.01,78.39,25.57,6.36,0.73,688.65,100.0,0,normal
2026-06-21 16:12:10.647996,21.09,70.94,24.55,6.03,0.46,534.52,40.0,0,normal
2026-08-16 04:12:10.724097,25.7,67.54,24.67,6.51,0.94,396.66,40.0,0,normal
2026-05-26 11:12:10.607852,25.92,71.09,24.99,6.0,0.92,885.46,100.0,0,normal
2027-06-15 20:12:11.171662,21.61,85.0,24.13,6.72,0.63,697.87,100.0,0,normal
2027-05-27 12:12:11.142134,21.53,68.65,25.85,5.91,1.34,226.85,40.0,0,normal
2027-02-17 20:12:10.994323,25.61,77.82,24.86,6.32,0.22,320.22,40.0,0,normal
2026-08-23 01:12:10.733466,24.55,84.13,24.78,6.5,0.56,716.74,100.0,0,normal
2026-07-02 10:12:10.662585,22.85,80.2,24.4,6.19,0.39,857.04,100.0,0,normal
2027-06-19 20:12:11.179106,19.09,72.38,23.48,6.08,0.67,364.17,40.0,0,normal
2027-04-20 23:12:11.088075,23.17,82.98,26.51,6.48,1.12,477.28,40.0,0,normal
2027-03-10 14:12:11.026145,23.38,68.58,24.94,5.79,0.98,449.42,40.0,0,normal
2026-06-06 01:12:10.624786,21.08,73.65,26.5,6.55,0.76,565.02,40.0,0,normal
2026-06-03 17:12:10.621428,24.6,74.4,24.07,6.04,1.2,561.78,40.0,0,normal
2026-09-08 12:12:10.756013,30.0,77.63,24.83,6.45,0.56,402.89,40.0,0,normal
2027-05-30 11:12:11.147021,24.36,71.05,25.71,6.33,0.34,767.43,100.0,0,normal
2026-06-02 15:12:11.204277,23.5,75.0,25.0,6.15,5.57,600.0,43.07,1,high_salinity
2027-01-23 05:12:10.957497,22.92,82.43,25.55,6.03,0.87,665.6,100.0,0,normal
2027-05-04 06:12:11.106894,21.34,78.69,23.33,5.95,0.72,540.85,40.0,0,normal
2026-09-28 05:12:10.785063,29.81,73.92,24.46,6.36,0.54,465.67,40.0,0,normal
2027-02-22 09:12:11.000953,21.9,83.33,25.47,5.9,0.81,440.85,40.0,0,normal
2027-04-13 23:12:11.077901,25.05,76.99,25.29,6.63,1.18,890.62,100.0,0,normal
2027-01-03 15:12:10.930676,24.94,76.61,25.01,6.69,0.54,602.29,100.0,0,normal
2027-01-21 06:12:10.954886,23.34,73.98,23.38,6.12,0.9,388.94,40.0,0,normal
2026-06-16 22:12:10.641639,21.67,77.3,25.34,5.66,0.37,391.59,40.0,0,normal
2027-05-03 15:12:11.106060,24.57,72.61,24.96,6.24,0.33,706.8,100.0,0,normal
2026-09-03 03:12:10.748922,24.09,69.07,25.73,6.78,0.86,879.11,100.0,0,normal
2026-06-20 18:12:10.646782,22.35,77.82,25.38,6.6,1.31,597.19,40.0,0,normal
2027-05-07 01:12:11.111077,29.14,85.0,24.69,6.05,0.74,633.47,100.0,0,normal
2026-09-18 00:12:10.769862,19.57,77.86,24.99,6.36,1.03,593.12,40.0,0,normal
2027-06-21 15:12:11.181533,27.56,79.15,25.22,6.55,0.48,393.9,40.0,0,normal
2026-09-20 05:12:10.773061,20.27,71.15,26.07,5.55,0.86,887.25,100.0,0,normal
2026-12-29 01:12:10.922449,19.7,70.83,24.29,6.0,1.04,584.96,40.0,0,normal
2027-06-07 21:12:11.159057,26.72,67.48,25.93,6.33,0.83,712.98,100.0,0,normal
2026-07-13 14:12:10.677681,28.74,80.88,24.96,6.28,0.76,516.11,40.0,0,normal
2026-09-30 17:12:10.788470,23.37,77.12,25.3,5.92,0.55,657.55,100.0,0,normal
2026-07-01 11:12:10.661300,21.71,71.33,23.98,5.79,1.24,419.53,40.0,0,normal
2027-05-11 01:12:11.116849,28.54,72.45,24.48,6.06,1.27,922.59,100.0,0,normal
2027-01-30 14:12:10.967317,24.34,72.73,25.89,6.33,0.79,495.06,40.0,0,normal
2026-10-14 16:12:10.809373,24.81,77.39,24.72,5.97,0.39,679.8,100.0,0,normal
2026-06-01 20:12:10.618712,24.65,73.76,25.05,6.37,1.28,626.68,100.0,0,normal
2026-11-21 21:12:10.866974,21.59,67.59,24.65,6.49,1.23,446.12,40.0,0,normal
2026-10-17 19:12:10.813881,25.34,77.31,24.42,6.8,1.03,576.0,40.0,0,normal
2026-06-11 08:12:10.633006,27.39,83.75,26.02,6.03,0.4,532.18,40.0,0,normal
2027-05-08 23:12:11.113839,26.07,81.67,26.5,5.78,0.98,341.27,40.0,0,normal
2026-06-12 15:12:10.635005,21.41,79.24,25.55,6.52,0.6,680.46,100.0,0,normal
2027-04-13 22:12:11.077847,23.42,77.99,25.49,6.58,0.57,547.49,40.0,0,normal
2026-06-04 00:12:10.621813,21.89,81.86,25.27,6.37,0.91,455.8,40.0,0,normal
2026-10-03 16:12:10.792722,23.59,77.03,25.77,6.17,0.72,467.6,40.0,0,normal
2026-12-07 18:12:10.890503,26.37,73.71,23.95,6.0,1.46,544.95,40.0,0,normal
2027-03-28 15:12:11.052832,18.7,73.78,24.97,6.34,0.83,625.41,100.0,0,normal
2026-06-03 21:12:11.204321,23.5,75.0,25.0,6.15,7.23,600.0,19.73,1,high_salinity
2026-11-30 18:12:10.879982,18.54,81.35,26.3,6.04,0.43,693.39,100.0,0,normal
2027-05-15 21:12:11.123540,23.03,76.72,25.63,6.04,0.66,749.16,100.0,0,normal
2026-11-17 20:12:10.860572,18.12,75.34,25.57,6.4,0.44,691.99,100.0,0,normal
2027-02-12 16:12:10.986812,24.82,76.16,25.19,5.68,0.97,758.78,100.0,0,normal
2026-12-25 20:12:10.916586,22.8,70.42,24.36,6.61,0.49,461.75,40.0,0,normal
2026-09-13 02:12:10.762912,22.5,79.12,25.39,6.19,0.73,187.75,40.0,0,normal
2026-12-31 00:12:10.925438,24.38,78.37,25.51,5.96,0.62,247.83,40.0,0,normal
2027-02-06 20:12:10.977804,21.08,77.76,23.75,6.8,0.74,590.41,40.0,0,normal
2027-04-11 17:12:11.074496,22.76,68.58,24.43,6.49,0.67,601.71,100.0,0,normal
2026-07-13 00:12:10.676903,25.06,73.36,26.11,6.13,0.12,697.12,100.0,0,normal
2027-03-19 19:12:11.039666,19.61,83.47,24.11,5.51,0.75,810.5,100.0,0,normal
2027-05-26 23:12:11.141380,25.43,70.78,23.63,6.59,1.37,427.33,40.0,0,normal
2027-04-20 06:12:11.087113,25.44,85.0,25.78,6.09,1.08,659.52,100.0,0,normal
2027-03-25 07:12:11.047998,23.33,77.34,24.38,6.31,0.44,680.71,100.0,0,normal
2026-10-12 02:12:10.805432,21.92,65.0,25.9,5.99,0.73,445.67,40.0,0,normal
2027-01-01 04:12:10.927211,20.94,72.02,24.47,6.21,0.7,628.48,100.0,0,normal
2026-06-30 23:12:10.660645,21.77,80.4,23.53,5.99,0.93,655.21,100.0,0,normal
2026-06-08 09:12:10.628713,23.86,78.35,24.6,5.66,0.79,363.23,40.0,0,normal
2027-01-30 15:12:10.967371,22.84,77.14,25.39,6.33,1.0,527.35,40.0,0,normal
2026-06-30 05:12:11.205948,23.5,75.0,25.0,7.01,0.75,600.0,60.0,1,ph_alkaline
2026-11-07 22:12:10.844193,22.43,75.34,24.79,6.28,0.38,581.49,40.0,0,normal
2027-02-14 23:12:10.990053,23.58,78.88,26.54,5.86,0.26,331.59,40.0,0,normal
2026-07-07 09:12:10.669194,18.67,85.0,24.73,6.29,0.93,103.38,40.0,0,normal
2026-09-11 01:12:10.759956,17.32,73.09,25.01,5.9,0.59,798.51,100.0,0,normal
2027-03-26 14:12:11.049821,27.33,70.84,25.67,6.09,0.85,404.33,40.0,0,normal
2026-11-30 03:12:10.878935,24.74,76.22,24.84,6.48,0.68,865.1,100.0,0,normal
2027-06-05 05:12:11.155150,25.95,74.84,25.7,6.2,1.03,737.28,100.0,0,normal
2027-01-25 06:12:10.960191,22.76,66.53,25.05,6.19,0.55,573.45,40.0,0,normal
2026-05-25 09:12:10.606075,22.64,67.67,26.26,5.94,0.76,751.33,100.0,0,normal
2026-05-25 18:12:11.201532,32.67,56.26,25.0,6.15,0.75,600.0,42.0,1,high_temp
2026-07-18 06:12:10.683990,28.06,73.35,23.94,6.47,0.7,797.16,100.0,0,normal
2026-07-23 22:12:10.692344,26.87,79.59,25.03,5.72,0.59,916.59,100.0,0,normal
2027-05-15 11:12:11.122968,26.35,79.22,26.58,6.13,0.95,634.35,100.0,0,normal
2026-09-26 23:12:10.783275,22.14,79.5,24.85,6.11,0.43,437.18,40.0,0,normal
2026-09-24 16:12:10.779644,24.69,76.23,25.2,5.97,0.56,973.94,100.0,0,normal
2026-12-16 16:12:10.903696,26.22,76.38,27.0,6.19,0.98,585.57,40.0,0,normal
2027-04-12 19:12:11.076204,22.13,72.13,23.0,6.15,0.81,626.95,100.0,0,normal
2026-05-25 21:12:10.606773,22.43,72.15,25.57,5.5,0.0,466.98,40.0,0,normal
2027-04-02 14:12:11.061123,25.62,80.8,26.62,6.48,0.7,559.86,40.0,0,normal
2027-02-20 22:12:10.998858,26.46,79.69,24.35,5.87,1.37,787.23,100.0,0,normal
2026-11-23 02:12:10.868824,23.35,76.17,25.24,6.14,0.18,515.01,40.0,0,normal
2027-04-03 15:12:11.062636,29.01,70.45,24.97,6.65,0.83,212.18,40.0,0,normal
2026-10-08 03:12:10.799301,27.78,66.22,24.92,6.22,1.02,561.24,40.0,0,normal
2026-10-12 12:12:10.806005,21.9,67.36,23.58,6.47,0.53,906.3,100.0,0,normal
2026-10-10 04:12:10.802666,26.38,83.83,23.0,6.27,0.9,592.05,40.0,0,normal
2026-10-10 09:12:10.803044,21.23,76.32,24.76,6.24,0.21,419.22,40.0,0,normal
2026-12-24 10:12:10.914650,24.23,80.61,24.67,6.35,0.7,509.9,40.0,0,normal
2027-04-23 02:12:11.090980,22.15,73.65,27.0,6.61,0.45,268.69,40.0,0,normal
2027-06-08 20:12:11.161125,29.4,73.44,23.0,6.01,0.82,597.05,40.0,0,normal
2026-08-28 09:12:10.741348,25.19,81.29,25.39,5.76,0.75,728.56,100.0,0,normal
2026-07-08 20:12:10.671372,29.62,74.69,25.6,6.11,0.23,856.34,100.0,0,normal
2027-01-13 00:12:10.943691,24.31,72.08,25.84,6.65,0.62,549.37,40.0,0,normal
2027-01-25 01:12:10.959922,25.14,73.16,25.52,6.44,0.48,678.97,100.0,0,normal
2027-03-15 12:12:11.033539,21.61,73.59,24.73,5.62,1.11,704.37,100.0,0,normal
2026-10-21 14:12:10.819319,22.12,74.0,25.23,6.73,0.85,640.67,100.0,0,normal
2026-07-26 03:12:10.695410,21.45,74.41,26.75,5.92,0.71,851.0,100.0,0,normal
2026-11-09 08:12:10.846609,17.0,74.19,24.26,5.57,0.93,431.97,40.0,0,normal
2027-06-02 23:12:11.151981,22.04,84.52,24.96,6.11,0.92,321.07,40.0,0,normal
2027-02-06 13:12:10.977392,24.39,82.69,25.4,6.22,0.86,560.42,40.0,0,normal
2027-05-12 15:12:11.119005,23.79,77.7,25.03,6.26,0.61,677.04,100.0,0,normal
2026-06-24 03:12:10.651402,26.3,74.34,25.62,6.08,0.58,897.31,100.0,0,normal
2027-01-20 20:12:10.954330,20.03,68.03,25.08,5.97,0.86,525.08,40.0,0,normal
2027-03-13 03:12:11.030046,18.09,78.69,25.16,6.13,1.02,538.86,40.0,0,normal
2026-07-27 10:12:10.697177,23.69,75.09,25.81,6.07,0.94,603.09,100.0,0,normal
2027-03-26 23:12:11.050306,26.53,79.0,24.54,5.85,0.85,729.58,100.0,0,normal
2027-04-26 11:12:11.095840,29.43,65.36,25.8,5.64,0.11,528.25,40.0,0,normal
2027-05-09 21:12:11.115056,24.03,80.79,25.23,6.48,0.19,602.71,100.0,0,normal
2026-05-25 17:12:10.606543,20.49,73.84,24.54,6.45,0.68,583.89,40.0,0,normal
2027-04-05 23:12:11.066247,27.59,82.92,25.2,6.25,0.58,624.23,100.0,0,normal
2026-11-28 09:12:10.876533,26.05,71.44,25.84,6.06,0.84,575.02,40.0,0,normal
2027-06-19 11:12:11.178500,25.64,74.79,24.93,6.22,0.58,805.2,100.0,0,normal
2027-02-27 07:12:11.008205,19.07,65.0,24.65,6.24,0.7,929.53,100.0,0,normal
2027-03-01 23:12:11.012289,25.55,74.2,25.51,6.07,0.73,743.68,100.0,0,normal
2026-08-23 02:12:10.733520,23.21,79.92,25.58,6.22,0.97,499.79,40.0,0,normal
2026-09-15 19:12:10.766945,23.58,76.96,25.5,6.48,0.73,894.84,100.0,0,normal
2027-05-28 16:12:11.144029,21.66,78.72,25.14,6.05,0.52,106.68,40.0,0,normal
2027-01-12 21:12:10.943529,24.33,65.0,25.84,6.21,0.49,385.03,40.0,0,normal
2027-01-06 23:12:10.935392,25.66,69.82,26.2,5.85,0.69,599.02,40.0,0,normal
2027-02-05 02:12:10.975162,22.95,69.76,24.62,6.21,0.51,465.35,40.0,0,normal
2026-08-19 12:12:10.728517,18.32,73.59,26.83,6.2,0.89,969.8,100.0,0,normal
2027-02-20 21:12:10.998801,22.13,77.87,24.85,5.69,0.49,492.46,40.0,0,normal
2027-04-18 12:12:11.084463,21.72,81.33,25.62,6.27,0.62,1000.41,100.0,0,normal
2027-04-05 08:12:11.065403,17.19,72.22,24.94,6.09,0.71,936.75,100.0,0,normal
2027-05-14 06:12:11.121191,18.9,74.3,25.8,6.26,0.89,359.86,40.0,0,normal
2026-07-23 07:12:10.691392,24.06,73.73,24.33,6.31,0.72,678.99,100.0,0,normal
2027-02-06 10:12:10.977229,24.19,67.05,23.92,5.81,0.73,412.17,40.0,0,normal
2027-05-01 18:12:11.103256,19.11,73.25,25.26,6.29,0.69,1082.96,100.0,0,normal
2026-07-19 17:12:10.686111,23.6,73.53,25.6,6.36,0.87,613.99,100.0,0,normal
2027-02-24 16:12:11.004401,24.02,74.32,25.43,6.32,0.92,667.72,100.0,0,normal
2026-10-10 16:12:10.803437,27.26,82.69,26.3,6.42,1.44,519.24,40.0,0,normal
2026-05-26 13:12:10.607959,26.36,77.86,24.08,5.73,0.73,685.43,100.0,0,normal
2027-01-05 16:12:10.933587,19.37,77.82,24.83,6.05,0.81,715.13,100.0,0,normal
2026-05-26 20:12:11.202271,23.5,75.0,17.34,6.15,3.08,600.0,38.91,1,drought
2027-02-21 02:12:10.999078,27.27,82.76,24.44,6.8,0.71,761.64,100.0,0,normal
2026-07-06 11:12:10.667961,24.52,73.83,24.46,6.16,0.54,346.45,40.0,0,normal
2026-12-04 12:12:10.885876,22.5,71.02,24.4,6.12,0.49,423.73,40.0,0,normal
2026-12-12 13:12:10.897648,29.04,83.29,24.64,6.01,1.01,452.82,40.0,0,normal
2027-04-26 04:12:11.095451,25.88,73.1,24.51,6.46,0.69,634.99,100.0,0,normal
2027-05-17 21:12:11.126808,21.54,69.58,23.76,6.46,0.85,1037.77,100.0,0,normal
2026-12-15 07:12:10.901697,25.4,75.79,24.0,6.32,0.54,392.41,40.0,0,normal
2026-06-17 00:12:10.641746,22.61,65.46,27.0,6.41,0.93,404.31,40.0,0,normal
2026-06-05 08:12:11.204567,23.5,75.0,25.0,6.15,6.15,600.0,34.88,1,high_salinity
2027-04-03 22:12:11.063270,19.84,76.37,26.37,6.58,1.33,686.82,100.0,0,normal
2026-12-01 10:12:10.880940,22.15,74.28,24.06,6.06,0.99,659.03,100.0,0,normal
2026-05-31 13:12:11.205078,23.5,75.0,25.0,4.68,0.75,600.0,60.0,1,ph_acidic
2026-12-10 04:12:10.894253,26.72,73.58,24.95,6.44,0.23,326.55,40.0,0,normal
2027-03-20 09:12:11.040442,19.6,76.55,26.07,6.08,0.72,757.55,100.0,0,normal
2026-11-13 17:12:10.853935,30.0,77.3,23.36,5.9,0.68,431.4,40.0,0,normal
2027-01-24 11:12:10.959139,23.26,75.22,25.11,6.34,0.95,492.77,40.0,0,normal
2026-10-12 07:12:10.805709,28.41,75.73,25.14,5.8,1.0,807.39,100.0,0,normal
2026-12-27 08:12:10.919428,28.0,79.62,24.59,6.22,1.08,826.33,100.0,0,normal
2027-03-23 18:12:11.045955,27.34,82.71,26.95,6.44,1.15,581.03,40.0,0,normal
2026-11-10 02:12:10.847755,22.98,75.09,26.21,5.68,0.52,484.15,40.0,0,normal
2026-11-16 13:12:10.858289,21.28,72.65,26.15,6.29,0.59,451.56,40.0,0,normal
2027-02-07 00:12:10.978022,20.95,85.0,24.17,6.28,1.07,591.76,40.0,0,normal
2027-04-16 22:12:11.082203,28.63,69.29,25.67,5.89,0.27,738.84,100.0,0,normal
2026-07-29 19:12:10.700339,24.66,67.84,24.42,6.13,0.29,104.98,40.0,0,normal
2026-11-07 00:12:10.842413,23.06,74.6,24.04,6.8,1.13,814.71,100.0,0,normal
2026-07-28 10:12:10.698510,30.0,73.19,24.67,6.32,1.5,327.56,40.0,0,normal
2026-08-14 14:12:10.721883,23.55,76.38,23.97,5.98,1.02,442.85,40.0,0,normal
2027-02-16 12:12:10.992250,23.35,74.67,24.55,6.8,0.52,508.29,40.0,0,normal
2026-11-28 14:12:10.876816,18.7,79.08,23.0,5.9,0.35,530.66,40.0,0,normal
2026-11-04 08:12:10.838712,26.87,71.43,23.0,6.02,0.83,389.06,40.0,0,normal
2027-06-12 06:12:11.166029,22.74,80.52,27.0,6.41,0.61,540.68,40.0,0,normal
2027-02-02 04:12:10.970976,19.88,79.37,23.51,6.35,0.85,377.17,40.0,0,normal
2027-03-07 13:12:11.021559,23.02,65.08,24.49,6.52,0.52,615.85,100.0,0,normal
2027-06-05 17:12:11.155808,23.79,78.76,25.52,6.23,1.38,462.72,40.0,0,normal
2027-05-01 02:12:11.102190,24.44,71.74,23.88,6.75,0.8,548.78,40.0,0,normal
2027-01-06 20:12:10.935225,21.8,75.72,25.11,6.12,0.58,776.85,100.0,0,normal
2027-04-01 10:12:11.058704,29.49,67.48,25.79,6.03,0.89,811.7,100.0,0,normal
2027-03-26 20:12:11.050145,28.9,78.03,25.02,5.6,1.02,581.38,40.0,0,normal
2026-07-27 23:12:10.697913,28.48,68.78,24.27,6.11,0.06,843.16,100.0,0,normal
2026-12-06 20:12:10.888992,30.0,79.73,24.77,5.77,0.79,926.56,100.0,0,normal
2027-06-17 12:12:11.175170,21.66,79.87,24.34,5.65,0.91,638.73,100.0,0,normal
2026-12-15 18:12:10.902426,18.67,73.86,26.91,5.88,0.25,888.18,100.0,0,normal
2027-06-10 00:12:11.162664,25.57,75.07,24.7,6.18,0.33,1034.72,100.0,0,normal
2026-11-18 10:12:10.861789,21.11,73.37,26.44,5.86,0.61,908.17,100.0,0,normal
2026-10-16 13:12:10.812043,25.8,71.81,24.67,5.86,0.71,389.23,40.0,0,normal
2026-06-07 05:12:10.627056,29.4,74.04,25.04,5.63,0.68,629.7,100.0,0,normal
2026-08-04 19:12:10.708340,25.04,75.47,24.46,6.41,0.36,458.98,40.0,0,normal
2027-05-20 17:12:11.131676,26.19,76.71,26.57,6.33,0.62,843.05,100.0,0,normal
2026-12-12 23:12:10.898220,28.52,80.74,25.57,6.25,0.7,600.63,100.0,0,normal
2027-03-26 02:12:11.049055,25.26,71.66,23.99,6.24,0.58,425.47,40.0,0,normal
2027-04-01 13:12:11.058867,25.76,74.96,25.95,5.97,0.54,707.79,100.0,0,normal
2027-02-01 15:12:10.970018,19.87,83.43,23.66,5.8,0.44,626.26,100.0,0,normal
2026-08-23 23:12:10.734671,28.87,73.72,23.95,6.0,0.67,836.58,100.0,0,normal
2026-10-11 04:12:10.804115,22.28,74.5,24.85,6.24,1.26,753.29,100.0,0,normal
2027-01-29 13:12:10.965886,25.73,78.27,23.76,6.65,0.6,270.09,40.0,0,normal
2026-05-23 08:12:11.202098,10.24,75.0,25.0,6.15,0.75,600.0,60.0,1,low_temp
2026-10-21 21:12:10.819711,22.07,70.1,25.36,6.18,0.68,261.25,40.0,0,normal
2027-02-20 02:12:10.997595,22.64,74.24,25.37,6.02,1.2,445.9,40.0,0,normal
2027-03-26 05:12:11.049314,17.0,82.11,23.7,5.5,1.5,868.56,100.0,0,normal
2027-04-03 08:12:11.062255,28.32,77.85,24.96,5.95,0.88,644.97,100.0,0,normal
2026-11-21 13:12:10.866508,29.26,76.16,26.08,6.19,0.32,564.08,40.0,0,normal
2026-11-26 17:12:10.873904,27.11,78.9,25.15,6.2,0.67,309.06,40.0,0,normal
2026-08-14 10:12:10.721666,18.16,69.58,24.83,6.25,0.56,780.93,100.0,0,normal
2026-09-08 00:12:10.755366,18.73,77.85,26.9,6.38,0.38,652.7,100.0,0,normal
2026-10-21 00:12:10.818430,25.9,69.44,25.79,5.51,0.81,622.41,100.0,0,normal
2026-09-20 23:12:10.774196,25.87,74.86,25.65,6.48,0.91,752.19,100.0,0,normal
2026-07-07 18:12:10.669831,17.0,73.23,23.99,5.77,0.5,605.05,100.0,0,normal
2026-09-20 07:12:10.773168,17.52,75.14,25.48,6.46,1.15,634.73,100.0,0,normal
2027-01-17 21:12:10.950447,23.09,68.22,25.97,6.17,1.06,496.16,40.0,0,normal
2027-02-02 20:12:10.972004,24.28,84.3,23.69,6.32,0.93,543.17,40.0,0,normal
2026-10-14 02:12:10.808288,27.59,85.0,24.92,5.81,0.75,162.81,40.0,0,normal
2026-06-24 04:12:10.651480,20.62,74.43,24.11,6.1,0.91,856.11,100.0,0,normal
2026-07-26 16:12:10.696165,29.87,72.88,25.35,6.41,0.5,777.88,100.0,0,normal
2027-02-15 23:12:10.991511,20.99,72.38,23.0,5.93,0.78,772.39,100.0,0,normal
2026-06-13 23:12:11.203225,23.5,75.0,11.02,6.15,2.13,600.0,0.0,1,drought
2026-09-01 11:12:10.746716,27.86,76.64,24.99,6.13,1.16,882.1,100.0,0,normal
2027-03-05 16:12:11.017845,22.78,74.5,23.65,6.08,1.05,716.42,100.0,0,normal
2026-07-13 06:12:10.677247,18.11,74.32,25.31,5.95,0.55,444.27,40.0,0,normal
2027-03-02 16:12:11.013381,20.51,82.46,23.96,6.12,0.74,796.14,100.0,0,normal
2027-05-03 09:12:11.105697,18.63,79.72,23.51,6.04,0.77,144.55,40.0,0,normal
2027-02-23 16:12:11.002828,24.09,74.36,24.9,5.5,1.08,808.05,100.0,0,normal
2026-11-21 06:12:10.866055,25.56,75.52,25.96,5.5,0.35,596.35,40.0,0,normal
2027-05-28 08:12:11.143589,22.22,73.78,25.56,6.03,0.32,362.24,40.0,0,normal
2027-06-18 18:12:11.177381,23.9,70.42,24.87,5.92,1.0,969.22,100.0,0,normal
2026-12-31 17:12:10.926411,20.0,69.7,24.57,6.11,0.83,609.25,100.0,0,normal
2026-08-18 13:12:10.727228,22.75,69.45,24.87,6.12,0.42,639.94,100.0,0,normal
2026-10-03 23:12:10.793397,27.61,71.57,25.26,6.17,0.49,1070.38,100.0,0,normal
2027-06-08 19:12:11.161071,26.85,82.0,25.1,6.11,1.5,582.61,40.0,0,normal
2027-01-29 15:12:10.965999,20.3,84.27,24.19,6.32,1.2,620.06,100.0,0,normal
2026-12-16 02:12:10.902886,24.18,70.6,27.0,5.65,0.41,500.69,40.0,0,normal
2026-08-15 06:12:10.722770,28.27,75.22,23.0,5.92,0.55,574.15,40.0,0,normal
2026-07-26 19:12:10.696326,17.37,75.19,24.31,6.68,0.84,432.14,40.0,0,normal
2026-05-22 15:12:10.601477,23.63,67.88,25.61,5.88,0.83,491.96,40.0,0,normal
2026-09-10 10:12:10.758575,22.34,78.93,23.35,6.62,0.88,743.94,100.0,0,normal
2026-12-12 18:12:10.897940,26.6,81.9,23.26,6.25,0.9,742.3,100.0,0,normal
2027-06-17 16:12:11.175389,21.46,72.09,25.63,6.06,1.02,535.68,40.0,0,normal
2027-02-19 10:12:10.996692,22.7,72.36,25.25,5.5,0.8,778.93,100.0,0,normal
2026-06-08 15:12:11.204202,23.5,75.0,25.0,6.15,1.69,600.0,97.37,1,high_salinity
2026-07-06 05:12:10.667637,21.4,79.47,24.34,6.01,0.4,533.66,40.0,0,normal
2026-12-15 14:12:10.902178,22.55,73.36,24.23,6.0,0.69,745.82,100.0,0,normal
2027-01-20 22:12:10.954455,23.19,77.93,24.99,5.5,0.86,729.72,100.0,0,normal
2026-09-19 05:12:10.771631,23.83,84.37,24.8,5.92,0.72,545.72,40.0,0,normal
2026-06-04 22:12:10.623073,24.17,77.6,25.84,5.5,0.75,592.05,40.0,0,normal
2026-06-06 16:12:11.204187,23.5,75.0,25.0,6.15,1.83,600.0,95.33,1,high_salinity
2026-11-19 23:12:10.864129,24.87,79.13,26.27,6.23,0.53,380.52,40.0,0,normal
2026-09-27 08:12:10.783779,21.13,75.87,24.91,6.3,0.43,837.72,100.0,0,normal
2027-03-18 01:12:11.037188,23.95,75.45,25.67,6.25,0.64,422.74,40.0,0,normal
2026-06-28 19:12:11.205744,23.5,75.0,25.0,8.26,0.75,600.0,60.0,1,ph_alkaline
2027-04-03 18:12:11.063040,26.78,74.74,25.42,5.79,0.97,426.73,40.0,0,normal
2026-06-02 00:12:10.619044,25.86,65.0,26.8,6.23,1.0,849.67,100.0,0,normal
2027-02-17 18:12:10.994214,23.07,67.82,25.0,5.55,0.7,600.98,100.0,0,normal
2027-05-27 13:12:11.142189,22.24,76.35,25.87,6.28,0.63,814.47,100.0,0,normal
2026-10-28 02:12:10.828226,23.38,77.2,25.13,6.19,0.67,1030.22,100.0,0,normal
2027-04-23 09:12:11.091386,20.93,71.4,23.56,6.27,1.3,323.02,40.0,0,normal
2026-07-23 11:12:10.691707,21.48,78.17,24.56,6.15,1.12,777.84,100.0,0,normal
2026-11-12 14:12:10.852020,23.89,76.02,24.04,5.98,0.95,1052.54,100.0,0,normal
2027-04-06 09:12:11.066815,20.61,74.66,23.5,6.61,0.91,789.49,100.0,0,normal
2026-05-25 22:12:11.200807,35.7,44.76,25.0,6.15,0.75,600.0,0.0,1,high_temp
2026-11-02 17:12:10.836297,27.21,76.05,25.15,6.05,0.59,675.71,100.0,0,normal
2026-10-31 00:12:10.832482,21.42,68.63,24.11,6.49,0.65,556.57,40.0,0,normal
2026-06-11 21:12:10.633966,22.93,72.02,25.84,6.14,1.07,978.18,100.0,0,normal
2027-04-13 02:12:11.076583,25.05,72.79,25.95,6.06,1.0,358.26,40.0,0,normal
2027-06-06 03:12:11.156365,20.72,76.68,25.02,6.19,0.54,360.86,40.0,0,normal
2026-09-28 00:12:10.784762,21.72,78.02,25.41,6.41,0.57,578.82,40.0,0,normal
2026-11-30 22:12:10.880249,26.58,74.85,25.27,6.4,0.5,555.92,40.0,0,normal
2026-06-06 08:12:10.625726,27.11,82.07,23.91,5.82,0.93,164.77,40.0,0,normal
2026-12-10 13:12:10.894811,25.13,75.26,23.22,5.91,0.62,658.72,100.0,0,normal
2026-06-23 18:12:11.205088,23.5,75.0,25.0,4.85,0.75,600.0,60.0,1,ph_acidic
2027-02-12 10:12:10.986481,22.29,77.08,26.84,6.06,0.96,233.02,40.0,0,normal
2027-04-19 08:12:11.085885,25.54,80.23,24.48,6.7,0.53,652.59,100.0,0,normal
2026-09-10 01:12:10.758041,23.58,74.21,27.0,6.21,0.86,487.75,40.0,0,normal
2026-07-03 19:12:10.664402,17.0,70.43,24.99,6.46,0.85,578.23,40.0,0,normal
2026-05-24 00:12:11.205108,23.5,75.0,25.0,5.08,0.75,600.0,60.0,1,ph_acidic
2026-12-18 09:12:10.906356,25.8,74.45,23.49,6.27,0.78,553.8,40.0,0,normal
2026-10-18 20:12:10.815495,22.17,75.77,25.87,6.25,0.73,938.12,100.0,0,normal
2027-03-31 07:12:11.056602,20.05,66.42,24.36,6.0,0.4,784.11,100.0,0,normal
2026-07-31 12:12:10.702598,26.3,79.07,24.59,6.24,0.59,781.97,100.0,0,normal
2026-06-19 02:12:10.644574,22.49,81.24,26.38,5.62,1.1,454.98,40.0,0,normal
2027-01-09 03:12:10.938543,24.88,77.26,25.59,6.07,0.46,565.99,40.0,0,normal
2027-05-09 05:12:11.114190,26.17,76.65,24.36,5.57,1.02,698.99,100.0,0,normal
2027-02-10 12:12:10.983667,21.23,79.65,24.69,5.96,0.44,261.56,40.0,0,normal
2026-06-21 14:12:10.647888,24.95,72.82,25.17,6.76,0.85,541.81,40.0,0,normal
2027-05-18 10:12:11.127688,21.88,72.82,25.29,6.1,0.45,441.76,40.0,0,normal
2026-06-14 17:12:10.638224,23.36,80.19,26.75,6.04,1.04,819.04,100.0,0,normal
2027-06-08 17:12:11.160961,28.99,77.08,25.58,6.34,0.9,456.87,40.0,0,normal
2026-09-20 19:12:10.773839,22.76,68.49,23.97,6.02,0.74,554.58,40.0,0,normal
2027-02-13 11:12:10.987879,24.71,74.46,25.32,5.87,0.43,529.17,40.0,0,normal
2026-07-25 23:12:10.695108,25.67,78.06,24.39,6.34,1.02,570.03,40.0,0,normal
2026-05-26 06:12:10.607526,22.38,77.04,26.6,6.34,0.8,787.84,100.0,0,normal
2026-09-24 08:12:10.779137,29.74,74.03,25.56,6.5,1.05,641.79,100.0,0,normal
2027-03-17 23:12:11.036968,24.68,68.69,23.63,6.74,0.48,260.72,40.0,0,normal
2026-06-03 16:12:10.621370,24.08,74.01,25.19,5.81,1.37,652.51,100.0,0,normal
2026-05-25 05:12:10.605276,19.57,81.33,23.0,6.51,1.14,473.44,40.0,0,normal
2027-02-27 08:12:11.008261,24.05,73.39,25.81,6.54,0.47,308.01,40.0,0,normal
2027-04-11 09:12:11.074057,19.28,72.12,25.79,6.8,0.48,332.78,40.0,0,normal
2026-07-11 09:12:10.674752,17.0,71.13,26.77,6.06,0.78,549.19,40.0,0,normal
2027-06-04 06:12:11.153813,20.02,76.78,25.12,6.31,0.65,815.59,100.0,0,normal
2027-04-29 04:12:11.099506,23.1,73.71,25.85,5.99,0.61,929.48,100.0,0,normal
2027-01-05 10:12:10.933239,22.65,71.8,23.09,6.14,0.7,748.52,100.0,0,normal
2027-02-23 07:12:11.002161,21.12,80.89,27.0,6.24,0.23,572.06,40.0,0,normal
2026-08-04 00:12:10.707294,19.84,78.66,24.65,6.1,0.88,456.7,40.0,0,normal
2026-11-27 14:12:10.875231,17.0,77.12,24.86,6.46,0.36,739.49,100.0,0,normal
2026-06-11 04:12:10.632778,24.92,77.03,25.12,5.77,0.84,682.0,100.0,0,normal
2026-08-21 06:12:10.730984,22.01,69.64,26.3,6.09,1.41,442.39,40.0,0,normal
2026-06-05 11:12:10.623800,23.8,66.52,27.0,6.17,0.51,452.03,40.0,0,normal
2026-12-11 12:12:10.896152,19.66,76.87,25.77,5.93,0.79,776.55,100.0,0,normal
2027-06-18 10:12:11.176948,24.95,73.6,25.02,5.5,1.0,671.34,100.0,0,normal
2026-07-22 09:12:10.690035,23.44,85.0,26.74,6.54,0.61,537.55,40.0,0,normal
2026-12-20 11:12:10.909302,20.46,69.63,26.88,6.08,0.79,549.52,40.0,0,normal
2027-02-27 19:12:11.009158,25.13,79.92,26.6,6.21,0.76,447.36,40.0,0,normal
2027-05-02 09:12:11.104163,25.99,71.36,25.5,6.19,1.25,444.65,40.0,0,normal
2027-01-05 07:12:10.933065,25.5,77.87,26.41,6.19,0.83,583.53,40.0,0,normal
2026-11-27 06:12:10.874788,26.0,74.55,23.39,5.95,0.61,616.29,100.0,0,normal
2026-09-07 18:12:10.755028,26.46,76.4,25.19,5.99,0.7,124.64,40.0,0,normal
2026-05-22 04:12:10.600531,26.8,65.0,23.03,6.14,0.2,479.25,40.0,0,normal
2026-08-22 06:12:10.732408,24.2,68.92,23.97,5.65,0.64,348.68,40.0,0,normal
2026-12-09 02:12:10.892557,25.49,72.71,24.56,6.35,0.96,403.1,40.0,0,normal
2026-06-26 17:12:10.654982,25.48,75.32,27.0,6.62,0.94,786.76,100.0,0,normal
2027-01-09 17:12:10.939339,23.59,80.55,25.51,6.35,0.89,680.86,100.0,0,normal
2027-01-31 15:12:10.968716,24.74,66.36,23.12,6.04,0.44,199.39,40.0,0,normal
2026-06-17 01:12:10.641799,24.9,73.85,27.0,6.18,1.2,764.15,100.0,0,normal
2026-06-03 03:12:10.620600,29.31,83.53,24.55,6.41,0.87,413.16,40.0,0,normal
2026-08-14 03:12:10.721278,23.25,81.14,25.71,6.09,0.97,999.12,100.0,0,normal
2026-06-18 21:12:10.644283,23.41,73.7,24.69,5.84,0.93,748.69,100.0,0,normal
2027-04-13 00:12:11.076474,29.46,85.0,24.0,6.13,0.99,643.62,100.0,0,normal
2027-05-01 06:12:11.102405,24.48,66.99,25.57,5.95,0.95,442.95,40.0,0,normal
2026-06-01 03:12:11.203367,23.5,75.0,14.6,6.15,3.08,600.0,38.92,1,drought
2026-07-29 00:12:10.699295,30.0,80.77,24.79,6.3,0.38,569.82,40.0,0,normal
2026-10-30 18:12:10.832152,21.97,70.99,25.85,6.08,0.65,781.68,100.0,0,normal
2027-03-18 03:12:11.037299,23.04,75.28,25.4,6.17,0.53,808.39,100.0,0,normal
2026-09-04 03:12:10.750248,23.21,73.06,25.01,6.34,1.17,402.5,40.0,0,normal
2026-08-22 08:12:10.732516,25.62,80.32,25.17,6.08,0.56,585.28,40.0,0,normal
2027-04-23 13:12:11.091746,20.57,69.41,26.0,6.71,0.86,589.72,40.0,0,normal
2026-11-09 10:12:10.846727,27.78,65.0,26.59,6.3,1.38,962.81,100.0,0,normal
2027-02-04 20:12:10.974837,24.68,80.45,26.96,6.76,1.19,1062.91,100.0,0,normal
2026-11-28 16:12:10.876927,23.28,74.21,24.21,6.0,0.88,387.05,40.0,0,normal
2027-01-25 23:12:10.961130,27.22,77.16,25.68,6.14,0.42,513.81,40.0,0,normal
2026-07-07 04:12:10.668920,23.45,78.27,24.68,6.73,0.82,802.88,100.0,0,normal
2026-06-09 19:12:10.630627,17.0,75.22,26.33,6.35,1.1,835.46,100.0,0,normal
2027-01-02 03:12:10.928556,24.43,75.45,25.35,5.93,1.04,612.31,100.0,0,normal
2027-01-11 01:12:10.941111,22.79,69.96,23.62,6.32,0.63,800.79,100.0,0,normal
2026-05-27 16:12:10.610740,20.34,73.49,24.7,5.75,0.44,548.28,40.0,0,normal
2026-08-04 10:12:10.707832,21.95,73.86,25.78,6.06,1.0,333.44,40.0,0,normal
2027-03-06 00:12:11.018728,22.51,74.13,24.37,5.9,0.91,727.44,100.0,0,normal
2026-09-20 03:12:10.772954,19.31,68.44,25.07,6.37,0.96,508.18,40.0,0,normal
2027-06-17 15:12:11.175334,20.16,77.64,26.35,6.3,0.83,615.46,100.0,0,normal
2026-06-09 09:12:11.206387,34.53,75.0,17.78,6.15,2.19,600.0,27.11,1,combined_stress
2027-01-31 03:12:10.968043,17.74,85.0,23.86,5.69,0.71,757.42,100.0,0,normal
2026-11-25 16:12:10.872450,19.01,76.19,24.06,6.26,0.34,706.0,100.0,0,normal
2026-06-27 16:12:11.203490,23.5,75.0,29.26,6.15,0.75,600.0,50.0,1,overwater
2027-01-18 11:12:10.951197,23.36,73.08,25.68,6.5,0.89,580.07,40.0,0,normal
2027-03-18 08:12:11.037569,24.94,81.44,24.98,6.21,0.43,777.89,100.0,0,normal
2027-04-15 16:12:11.080367,26.28,71.99,23.71,6.08,1.28,769.02,100.0,0,normal
2027-02-01 09:12:10.969698,24.54,79.77,23.42,5.91,0.97,674.86,100.0,0,normal
2026-12-24 21:12:10.915263,19.32,73.48,26.14,6.24,0.64,928.29,100.0,0,normal
2026-06-13 05:12:10.635831,22.33,71.72,23.51,5.94,0.4,723.51,100.0,0,normal
2026-12-09 05:12:10.892757,27.42,78.23,23.41,5.89,0.71,573.89,40.0,0,normal
2026-12-04 05:12:10.885120,25.7,68.0,23.81,6.5,1.47,850.77,100.0,0,normal
2027-04-10 11:12:11.072651,24.16,76.44,25.87,5.69,0.01,182.72,40.0,0,normal
2026-10-02 13:12:10.791154,25.1,77.14,25.67,6.24,0.3,370.25,40.0,0,normal
2027-03-14 04:12:11.031592,20.2,80.49,26.16,6.12,0.86,823.19,100.0,0,normal
2026-06-04 19:12:10.622900,27.18,78.54,25.59,6.48,0.85,424.5,40.0,0,normal
2027-02-17 05:12:10.993479,21.92,79.33,24.55,6.17,0.7,599.17,40.0,0,normal
2026-09-25 10:12:10.781119,26.19,79.15,25.78,5.79,1.04,698.92,100.0,0,normal
2027-01-30 00:12:10.966551,24.2,68.27,25.2,6.06,0.19,1065.61,100.0,0,normal
2026-07-27 14:12:10.697392,25.01,77.02,24.16,6.16,0.91,479.38,40.0,0,normal
2026-12-21 00:12:10.910109,18.88,85.0,25.13,5.81,0.68,302.0,40.0,0,normal
2027-02-09 15:12:10.982317,17.04,78.99,25.1,6.0,1.04,582.25,40.0,0,normal
2027-03-08 08:12:11.022791,26.79,69.18,26.15,6.07,1.16,617.7,100.0,0,normal
2027-03-19 21:12:11.039772,24.82,71.95,25.55,6.05,0.54,457.52,40.0,0,normal
2026-06-15 15:12:10.639841,25.82,84.11,25.98,6.06,1.37,340.88,40.0,0,normal
2026-06-18 00:12:10.643071,22.97,66.67,23.45,6.06,0.63,562.16,40.0,0,normal
2027-03-12 21:12:11.029689,23.21,80.25,24.63,6.17,0.9,413.01,40.0,0,normal
2026-12-23 14:12:10.913553,23.26,77.3,24.4,5.98,0.59,468.26,40.0,0,normal
2027-01-10 12:12:10.940390,30.0,70.88,27.0,6.43,0.57,291.62,40.0,0,normal
2026-12-23 12:12:10.913445,24.8,73.35,25.0,5.91,0.43,770.54,100.0,0,normal
2027-03-29 21:12:11.054509,18.82,80.27,25.9,5.89,0.86,630.73,100.0,0,normal
2027-05-22 19:12:11.134785,20.46,79.94,25.78,6.1,0.83,1135.33,100.0,0,normal
2027-03-30 21:12:11.055934,19.56,79.04,23.85,5.54,0.3,501.15,40.0,0,normal
2026-11-13 10:12:10.853479,21.63,72.31,26.08,6.17,0.97,875.81,100.0,0,normal
2027-05-25 00:12:11.138030,23.54,79.68,25.84,6.53,0.5,376.72,40.0,0,normal
2026-05-29 03:12:11.205861,23.5,75.0,25.0,7.13,0.75,600.0,60.0,1,ph_alkaline
2026-08-04 20:12:10.708394,23.26,77.09,24.77,6.21,0.8,473.28,40.0,0,normal
2026-09-06 19:12:10.753767,25.21,74.49,25.8,5.95,0.43,727.84,100.0,0,normal
2026-07-02 06:12:11.203834,23.5,75.0,30.49,6.15,0.75,600.0,50.0,1,overwater
2026-08-26 13:12:10.738921,21.14,69.29,25.67,5.96,0.81,406.48,40.0,0,normal
2026-11-12 09:12:10.851698,25.59,78.78,26.66,6.01,1.09,606.79,100.0,0,normal
2026-10-31 04:12:10.832698,17.0,73.5,26.53,5.95,1.5,479.58,40.0,0,normal
2027-03-29 18:12:11.054336,26.14,74.13,24.69,5.89,0.87,537.43,40.0,0,normal
2026-10-15 17:12:10.810904,22.1,82.05,25.02,5.5,0.84,447.48,40.0,0,normal
2026-06-30 18:12:11.206220,23.5,75.0,25.0,6.15,0.75,6.75,0.0,1,low_light
2027-06-11 18:12:11.165301,18.66,76.01,24.5,5.99,0.12,420.97,40.0,0,normal
2026-12-06 15:12:10.888724,20.81,79.92,26.03,5.79,1.21,645.35,100.0,0,normal
2027-01-25 13:12:10.960582,25.84,74.47,24.77,5.98,0.52,517.82,40.0,0,normal
2026-11-02 02:12:10.835448,24.4,75.34,23.15,6.42,1.09,537.8,40.0,0,normal
2026-09-20 10:12:10.773331,20.21,69.51,24.34,5.68,0.84,802.09,100.0,0,normal
2027-03-07 05:12:11.021087,19.65,83.76,24.21,6.46,0.37,673.6,100.0,0,normal
2026-05-30 19:12:11.205570,23.5,75.0,25.0,7.63,0.75,600.0,60.0,1,ph_alkaline
2026-08-16 12:12:10.724528,21.79,73.03,26.34,6.07,1.05,665.31,100.0,0,normal
2026-06-04 10:12:11.205580,23.5,75.0,25.0,8.05,0.75,600.0,60.0,1,ph_alkaline
2026-11-29 10:12:10.877973,22.46,73.67,24.56,6.18,0.75,650.47,100.0,0,normal
2026-08-19 14:12:10.728626,20.77,78.1,24.07,6.21,0.7,648.13,100.0,0,normal
2026-05-28 01:12:10.611221,26.24,72.76,25.1,5.88,1.18,846.1,100.0,0,normal
2026-12-14 18:12:10.900834,26.59,76.63,25.29,6.45,0.97,522.03,40.0,0,normal
2027-04-26 21:12:11.096407,19.63,79.1,23.52,6.48,0.26,417.16,40.0,0,normal
2027-06-11 11:12:11.164707,24.83,80.89,25.34,6.53,0.83,679.29,100.0,0,normal
2026-12-06 22:12:10.889100,21.52,85.0,25.28,6.23,0.32,646.85,100.0,0,normal
2027-05-29 03:12:11.144758,27.92,77.24,25.13,6.09,0.8,615.23,100.0,0,normal
2027-04-09 19:12:11.071774,24.99,76.34,25.15,6.18,1.02,442.21,40.0,0,normal
2026-05-22 17:12:11.204926,23.5,75.0,25.0,6.15,5.2,600.0,48.14,1,high_salinity
2027-06-09 20:12:11.162450,21.78,79.98,25.2,5.97,0.25,278.69,40.0,0,normal
2027-01-13 06:12:10.944029,22.38,77.34,25.84,6.53,1.16,643.42,100.0,0,normal
2027-02-18 12:12:10.995343,23.9,65.53,24.6,6.37,0.56,571.14,40.0,0,normal
2027-01-16 04:12:10.948177,22.48,69.56,24.07,6.17,0.57,569.37,40.0,0,normal
2026-10-07 05:12:10.798057,26.79,82.46,25.03,6.07,0.8,799.06,100.0,0,normal
2027-05-10 15:12:11.116301,23.2,77.99,24.6,6.08,1.06,423.47,40.0,0,normal
2026-09-26 14:12:10.782786,24.45,66.4,25.3,6.46,0.68,648.12,100.0,0,normal
2026-07-17 12:12:10.682949,21.42,79.09,25.43,5.72,0.31,391.01,40.0,0,normal
2026-11-26 02:12:10.873028,20.77,69.53,25.61,6.3,1.19,729.96,100.0,0,normal
2027-01-06 08:12:10.934505,20.38,75.21,26.56,5.95,0.69,797.95,100.0,0,normal
2026-12-29 13:12:10.923183,22.86,81.88,25.1,6.14,0.55,433.5,40.0,0,normal
2026-11-25 23:12:10.872850,26.41,74.67,26.03,5.84,0.43,614.21,100.0,0,normal
2026-08-02 03:12:10.704754,21.66,71.49,24.96,6.71,0.55,484.73,40.0,0,normal
2026-08-03 07:12:10.706339,24.33,72.71,25.25,6.02,0.71,525.08,40.0,0,normal
2027-02-23 01:12:11.001840,21.42,75.93,25.49,6.06,0.79,798.3,100.0,0,normal
2027-05-12 23:12:11.119452,19.04,72.96,25.11,5.9,0.91,944.08,100.0,0,normal
2026-06-09 16:12:11.205246,23.5,75.0,25.0,4.37,0.75,600.0,60.0,1,ph_acidic
2026-11-21 07:12:10.866119,28.39,76.78,25.91,6.26,0.5,318.02,40.0,0,normal
2027-04-02 13:12:11.061006,25.49,82.02,24.67,6.8,0.7,430.42,40.0,0,normal
2026-12-21 10:12:10.910659,21.39,84.13,24.53,5.5,0.31,380.21,40.0,0,normal
2026-05-22 01:12:10.600287,26.01,70.37,24.27,6.27,0.0,379.12,40.0,0,normal
2026-08-07 17:12:10.712268,25.93,73.77,24.95,6.02,0.33,627.76,100.0,0,normal
2026-06-13 16:12:10.636594,23.55,76.83,25.36,6.14,0.41,559.53,40.0,0,normal
2026-06-05 14:12:10.623986,17.0,71.94,26.78,6.15,0.71,409.46,40.0,0,normal
2027-01-07 18:12:10.936647,23.43,85.0,25.36,6.56,1.34,862.89,100.0,0,normal
2026-05-25 13:12:11.205551,23.5,75.0,25.0,8.09,0.75,600.0,60.0,1,ph_alkaline
2026-09-04 04:12:10.750304,21.05,74.19,26.14,6.57,0.6,329.97,40.0,0,normal
2026-10-13 08:12:10.807285,28.46,79.28,25.16,6.57,0.97,621.69,100.0,0,normal
2026-06-10 02:12:10.631007,24.13,68.91,24.61,5.71,1.06,790.99,100.0,0,normal
2026-09-25 00:12:10.780089,25.77,72.6,24.16,5.87,0.87,507.48,40.0,0,normal
2027-03-11 02:12:11.026937,25.64,76.97,27.0,6.03,0.75,637.21,100.0,0,normal
2026-10-17 04:12:10.813017,25.79,74.4,25.45,6.02,0.89,473.67,40.0,0,normal
2027-04-24 03:12:11.092534,20.62,75.26,25.72,5.6,0.37,729.6,100.0,0,normal
2027-02-06 11:12:10.977284,23.92,73.22,24.86,6.6,1.04,445.38,40.0,0,normal
2026-09-04 15:12:10.750907,24.45,71.36,24.95,6.33,0.97,1143.23,100.0,0,normal
2026-05-27 12:12:10.610517,17.0,73.07,24.7,6.61,0.33,483.47,40.0,0,normal
2026-10-23 08:12:10.821704,27.28,75.79,23.94,5.98,0.61,745.17,100.0,0,normal
2026-07-18 05:12:10.683927,23.92,65.0,24.38,6.25,0.65,469.75,40.0,0,normal
2027-04-01 04:12:11.058380,20.86,79.72,26.87,6.49,0.51,543.12,40.0,0,normal
2027-01-21 05:12:10.954832,18.75,68.61,23.55,6.25,0.82,598.45,40.0,0,normal
2026-12-04 07:12:10.885424,22.09,75.45,25.91,6.26,0.98,808.63,100.0,0,normal
2027-04-18 04:12:11.084029,24.83,72.43,24.54,6.72,0.44,692.11,100.0,0,normal
2026-07-19 22:12:10.686487,17.0,80.02,23.74,5.85,0.66,550.35,40.0,0,normal
2026-11-09 09:12:10.846670,22.89,81.98,27.0,5.95,1.03,643.63,100.0,0,normal
2026-06-18 08:12:10.643580,23.61,73.15,23.79,6.36,0.94,589.7,40.0,0,normal
2026-10-19 22:12:10.816927,25.93,78.4,24.3,6.37,0.97,610.81,100.0,0,normal
2026-11-08 18:12:10.845447,26.84,69.64,25.24,6.04,0.52,768.8,100.0,0,normal
2026-06-15 17:12:10.639960,30.0,68.71,26.16,6.45,0.99,760.72,100.0,0,normal
2026-12-11 06:12:10.895810,27.5,74.79,26.19,6.26,0.8,550.5,40.0,0,normal
2026-09-29 04:12:10.786412,19.81,78.72,24.45,6.43,0.65,535.53,40.0,0,normal
2026-09-26 00:12:10.781906,29.08,69.62,25.65,6.55,0.7,275.15,40.0,0,normal
2026-10-30 23:12:10.832428,21.44,66.82,24.31,6.57,0.63,916.04,100.0,0,normal
2027-01-06 05:12:10.934339,22.15,70.27,25.07,6.8,0.04,240.08,40.0,0,normal
2026-08-21 01:12:10.730680,21.42,80.98,24.52,6.04,0.69,77.55,40.0,0,normal
2026-08-19 10:12:10.728409,20.63,77.61,23.75,6.13,1.21,586.67,40.0,0,normal
2027-03-11 13:12:11.027734,24.26,77.83,24.88,6.0,0.64,727.4,100.0,0,normal
2026-09-28 10:12:10.785344,17.0,72.87,25.85,5.98,0.49,370.64,40.0,0,normal
2026-12-08 04:12:10.891095,19.74,76.75,24.59,5.98,0.99,682.32,100.0,0,normal
2027-06-07 00:12:11.157723,24.45,68.53,24.52,5.86,0.49,244.53,40.0,0,normal
2026-09-14 10:12:10.765058,30.0,78.18,25.65,6.26,0.74,640.87,100.0,0,normal
2026-10-16 11:12:10.811931,26.88,81.84,26.51,6.65,0.76,705.69,100.0,0,normal
2026-11-07 12:12:10.843593,25.32,78.79,24.17,6.61,0.94,910.81,100.0,0,normal
2026-08-02 05:12:10.704888,25.7,78.74,25.45,6.27,0.0,740.59,100.0,0,normal
2026-06-02 02:12:10.619158,21.7,80.28,25.36,5.57,0.72,727.7,100.0,0,normal
2027-06-05 02:12:11.154988,19.51,77.33,23.74,6.24,0.83,572.92,40.0,0,normal
2027-01-05 22:12:10.933951,24.17,71.39,24.73,5.8,0.82,998.5,100.0,0,normal
2026-11-02 01:12:10.835394,24.19,81.5,24.42,6.45,1.3,500.78,40.0,0,normal
2026-06-22 18:12:10.649501,24.89,77.51,25.78,5.98,0.58,697.42,100.0,0,normal
2027-03-18 18:12:11.038131,25.82,85.0,23.81,6.36,0.97,563.23,40.0,0,normal
2027-05-21 05:12:11.132364,17.0,69.4,24.56,5.98,0.83,556.21,40.0,0,normal
2026-10-04 18:12:10.794456,24.14,70.56,23.4,6.05,0.49,490.51,40.0,0,normal
2027-01-18 15:12:10.951428,21.66,72.94,24.86,6.26,0.85,547.51,40.0,0,normal
2027-04-23 18:12:11.092018,20.3,77.61,24.99,6.23,0.69,615.91,100.0,0,normal
2026-06-04 05:12:10.622114,22.73,75.83,24.27,6.09,0.82,741.09,100.0,0,normal
2027-02-17 19:12:10.994269,21.34,79.35,23.93,6.33,0.87,502.53,40.0,0,normal
2026-08-07 04:12:10.711493,22.44,76.32,23.93,6.22,0.7,753.95,100.0,0,normal
2026-09-02 13:12:10.748140,22.62,76.66,25.1,6.16,0.67,633.51,100.0,0,normal
2026-06-26 06:12:11.205373,23.5,75.0,25.0,4.82,0.75,600.0,60.0,1,ph_acidic
2027-06-02 14:12:11.151455,25.98,77.16,24.55,5.78,0.4,562.89,40.0,0,normal
2026-07-05 23:12:10.667274,20.2,77.81,24.63,6.43,0.96,861.57,100.0,0,normal
2027-04-07 23:12:11.069310,17.0,78.86,23.0,6.38,0.9,451.39,40.0,0,normal
2027-05-27 07:12:11.141856,23.29,69.0,24.19,6.28,0.73,446.85,40.0,0,normal
2026-07-05 16:12:10.666896,25.02,74.38,26.07,5.54,0.85,481.79,40.0,0,normal
2026-05-26 08:12:10.607687,25.21,75.14,25.63,6.08,0.45,399.03,40.0,0,normal
2026-10-14 06:12:10.808689,17.0,68.47,23.58,6.29,0.85,1012.02,100.0,0,normal
2026-07-20 03:12:10.686831,21.72,72.05,23.0,6.05,0.67,600.51,100.0,0,normal
2026-07-30 03:12:10.700768,27.04,66.81,24.48,5.87,0.89,317.65,40.0,0,normal
2026-12-16 01:12:10.902826,28.47,70.74,25.65,6.5,0.68,345.73,40.0,0,normal
2026-07-08 22:12:10.671479,21.47,82.08,25.24,5.96,0.44,1141.85,100.0,0,normal
2027-06-02 15:12:11.151519,25.37,80.83,24.14,5.96,0.62,889.07,100.0,0,normal
2026-07-26 09:12:10.695752,20.87,65.77,25.67,5.57,0.54,642.77,100.0,0,normal
2026-07-06 08:12:10.667799,22.08,72.15,25.74,6.03,0.5,409.63,40.0,0,normal
2027-01-30 12:12:10.967208,25.89,72.51,24.21,6.04,0.58,464.07,40.0,0,normal
2026-11-10 05:12:10.847937,22.14,78.28,24.34,6.05,0.67,373.57,40.0,0,normal
2026-12-24 23:12:10.915369,20.51,71.85,25.46,5.76,0.85,566.55,40.0,0,normal
2027-04-15 22:12:11.080700,17.83,69.38,23.0,6.41,1.33,674.72,100.0,0,normal
2027-05-11 09:12:11.117310,18.91,67.33,24.2,5.67,0.46,479.41,40.0,0,normal
2027-05-22 11:12:11.134304,25.47,74.93,24.81,6.18,0.77,468.36,40.0,0,normal
2027-05-01 13:12:11.102944,25.76,85.0,25.22,5.98,0.81,259.5,40.0,0,normal
2026-07-31 13:12:10.702652,18.65,79.52,23.77,5.83,1.02,698.74,100.0,0,normal
2027-03-25 04:12:11.047837,27.44,69.46,24.86,6.39,0.36,473.35,40.0,0,normal
2027-01-21 04:12:10.954779,22.6,72.35,24.17,6.38,1.15,563.61,40.0,0,normal
2026-12-30 23:12:10.925383,27.12,76.81,25.62,6.52,0.98,869.27,100.0,0,normal
2026-07-31 04:12:10.702166,29.11,79.14,24.32,6.12,0.35,588.3,40.0,0,normal
2026-05-22 09:12:10.600980,24.29,79.1,24.32,6.33,0.62,965.31,100.0,0,normal
2026-10-23 03:12:10.821431,28.55,65.0,23.4,6.5,0.54,986.0,100.0,0,normal
2027-06-11 02:12:11.164119,24.49,74.37,25.49,6.08,1.06,210.1,40.0,0,normal
2026-12-10 00:12:10.893894,21.72,76.98,24.6,6.48,0.7,302.91,40.0,0,normal
2027-05-20 15:12:11.131567,17.0,72.35,26.79,6.11,1.32,409.5,40.0,0,normal
2027-01-28 20:12:10.964935,22.44,71.61,26.53,6.21,0.79,441.01,40.0,0,normal
2026-06-14 16:12:10.638154,25.34,83.39,26.2,6.17,0.37,662.34,100.0,0,normal
2027-06-07 15:12:11.158688,24.0,73.0,25.49,5.56,0.0,426.22,40.0,0,normal
2026-08-05 04:12:10.708832,27.14,84.76,25.74,5.66,1.09,858.17,100.0,0,normal
2027-05-11 03:12:11.116988,22.61,74.88,24.57,6.28,0.7,552.84,40.0,0,normal
2026-12-12 03:12:10.897033,19.23,78.21,25.03,6.2,0.96,896.68,100.0,0,normal
2026-07-27 16:12:10.697499,27.4,71.58,24.01,6.51,1.15,397.31,40.0,0,normal
2027-04-17 09:12:11.082830,26.89,75.44,24.79,5.75,0.48,688.11,100.0,0,normal
2026-06-06 16:12:11.201312,34.86,41.2,25.0,6.15,0.75,600.0,42.0,1,high_temp
2026-09-16 16:12:10.768099,24.98,71.23,23.0,5.93,0.74,595.28,40.0,0,normal
2027-02-12 20:12:10.987031,23.76,75.33,24.72,6.63,0.16,999.86,100.0,0,normal
2026-10-16 01:12:10.811379,27.03,74.1,24.69,6.35,1.14,493.27,40.0,0,normal
2027-05-23 06:12:11.135384,26.97,70.54,26.46,6.39,0.91,698.89,100.0,0,normal
2026-07-09 04:12:10.671808,22.66,81.09,24.24,6.12,0.09,673.77,100.0,0,normal
2027-01-13 03:12:10.943865,21.3,74.44,23.43,6.46,0.57,630.53,100.0,0,normal
2027-01-16 18:12:10.948950,23.44,72.92,24.68,5.66,0.92,901.01,100.0,0,normal
2027-02-10 08:12:10.983423,20.0,66.25,24.5,6.72,0.58,302.99,40.0,0,normal
2027-05-15 02:12:11.122448,25.5,73.71,23.33,6.31,0.49,321.34,40.0,0,normal
2026-11-27 04:12:10.874675,21.87,76.78,24.36,6.45,0.31,468.89,40.0,0,normal
2027-06-06 12:12:11.157062,24.92,70.66,26.77,6.44,0.42,858.33,100.0,0,normal
2026-10-29 18:12:10.830654,25.17,73.64,25.92,5.84,1.06,549.99,40.0,0,normal
2027-01-19 17:12:10.952848,24.09,75.16,25.9,6.8,0.63,1016.93,100.0,0,normal
2026-07-10 15:12:10.673753,23.48,73.44,24.76,5.97,0.76,640.59,100.0,0,normal
2027-03-28 02:12:11.052079,23.38,75.83,25.64,6.08,0.65,351.47,40.0,0,normal
2026-11-20 15:12:10.865089,30.0,79.94,24.4,5.5,0.38,962.58,100.0,0,normal
2026-07-01 01:12:10.660753,28.46,68.56,24.52,6.3,1.05,418.69,40.0,0,normal
2026-11-12 05:12:10.851374,22.16,68.27,24.84,5.99,0.75,493.11,40.0,0,normal
2026-05-23 13:12:10.602700,19.46,75.7,25.07,6.22,0.85,707.43,100.0,0,normal
2026-11-15 18:12:10.856958,22.22,82.06,24.25,6.35,0.65,333.05,40.0,0,normal
2027-06-09 11:12:11.161961,24.99,80.24,24.94,6.59,0.49,525.25,40.0,0,normal
2027-02-10 15:12:10.983829,18.1,77.4,25.16,6.28,0.59,525.32,40.0,0,normal
2027-06-12 20:12:11.166855,25.85,78.0,24.97,6.4,1.47,455.3,40.0,0,normal
2027-04-09 14:12:11.071486,24.18,79.4,25.52,5.53,1.03,1010.84,100.0,0,normal
2026-06-20 16:12:11.201848,10.82,75.0,25.0,6.15,0.75,600.0,60.0,1,low_temp
2027-03-20 18:12:11.041019,20.76,72.62,23.82,6.37,0.36,457.03,40.0,0,normal
2027-04-23 12:12:11.091691,21.27,72.52,25.39,5.87,0.85,481.65,40.0,0,normal
2027-01-15 05:12:10.946786,24.34,79.73,25.62,6.51,0.75,433.9,40.0,0,normal
2026-06-15 02:12:10.638796,18.97,70.1,23.88,6.31,0.69,719.12,100.0,0,normal
2026-12-13 19:12:10.899370,24.89,72.69,24.75,6.41,0.57,469.33,40.0,0,normal
2027-04-10 20:12:11.073160,23.69,78.2,24.88,6.68,0.74,401.74,40.0,0,normal
2027-04-01 06:12:11.058489,22.13,69.52,23.0,6.22,0.75,462.68,40.0,0,normal
2027-05-25 12:12:11.138832,30.0,75.04,24.13,6.14,1.15,602.35,100.0,0,normal
2026-09-29 11:12:10.786804,27.78,68.85,23.0,6.53,0.85,878.69,100.0,0,normal
2027-04-23 14:12:11.091800,19.5,76.24,25.14,6.53,1.2,146.71,40.0,0,normal
2026-11-04 01:12:10.838302,20.76,71.73,26.19,5.6,1.21,725.66,100.0,0,normal
2027-03-29 05:12:11.053618,26.41,70.94,25.13,6.07,0.27,649.7,100.0,0,normal
2026-08-06 10:12:10.710495,23.66,75.64,24.6,6.28,0.07,472.51,40.0,0,normal
2027-06-07 02:12:11.157831,24.61,67.94,24.11,6.66,0.64,1224.0,100.0,0,normal
2026-12-11 18:12:10.896510,22.63,78.04,25.36,6.28,0.55,586.84,40.0,0,normal
2026-08-25 08:12:10.736507,21.16,85.0,23.0,5.5,0.86,624.47,100.0,0,normal
2026-07-16 11:12:10.681500,17.0,78.95,24.66,6.1,0.68,898.75,100.0,0,normal
2026-09-14 12:12:10.765165,17.0,72.32,23.17,6.0,0.56,905.53,100.0,0,normal
2026-10-22 14:12:10.820670,20.74,65.34,25.57,6.8,0.27,696.83,100.0,0,normal
2027-02-28 17:12:11.010366,23.8,76.63,24.21,6.46,0.36,558.78,40.0,0,normal
2027-01-10 19:12:10.940769,23.62,72.22,27.0,6.6,0.33,816.41,100.0,0,normal
2026-06-17 14:12:10.642527,27.98,79.76,25.38,5.86,0.31,750.75,100.0,0,normal
2026-05-24 00:12:10.603550,29.43,75.58,26.14,5.88,0.48,832.75,100.0,0,normal
2026-09-07 11:12:10.754655,23.99,79.48,26.07,6.13,0.81,491.96,40.0,0,normal
2026-08-11 22:12:10.718164,19.81,70.39,24.92,5.58,1.19,479.99,40.0,0,normal
2026-08-20 09:12:10.729678,18.45,79.08,25.3,6.46,1.02,385.18,40.0,0,normal
2027-03-11 16:12:11.027896,24.66,79.49,25.51,6.29,0.91,398.8,40.0,0,normal
2026-10-07 22:12:10.799013,23.8,65.0,23.8,6.2,0.0,576.78,40.0,0,normal
2026-09-24 20:12:10.779874,24.19,75.33,25.98,6.49,0.17,573.46,40.0,0,normal
2026-11-08 21:12:10.845652,25.0,74.39,24.47,6.6,0.76,611.2,100.0,0,normal
2027-06-08 06:12:11.159864,18.89,85.0,23.77,6.19,0.96,609.25,100.0,0,normal
2026-07-17 17:12:10.683240,25.29,78.25,24.17,6.42,0.64,791.05,100.0,0,normal
2027-05-26 20:12:11.141202,26.02,74.87,26.82,5.56,0.93,577.09,40.0,0,normal
2027-06-17 14:12:11.175280,26.59,68.18,23.62,6.4,0.1,621.66,100.0,0,normal
2026-10-04 12:12:10.794102,22.44,71.61,24.74,6.37,1.01,512.1,40.0,0,normal
2027-04-19 02:12:11.085259,22.99,76.13,25.57,6.09,0.89,463.16,40.0,0,normal
2026-08-23 20:12:10.734508,17.29,73.74,23.64,6.02,0.71,494.14,40.0,0,normal
2027-01-28 02:12:10.963937,25.03,76.29,26.98,6.4,0.35,841.9,100.0,0,normal
2026-07-10 00:12:10.672929,27.0,72.56,24.14,6.19,0.95,640.51,100.0,0,normal
2026-10-26 01:12:10.825494,24.6,71.64,23.1,6.71,0.65,958.03,100.0,0,normal
2026-10-05 16:12:10.795813,19.33,68.57,24.29,5.98,0.34,658.35,100.0,0,normal
2026-09-22 22:12:10.777126,22.58,76.04,24.6,5.87,0.78,756.12,100.0,0,normal
2027-05-29 02:12:11.144702,22.28,73.96,25.21,5.75,0.83,1032.96,100.0,0,normal
2027-05-02 13:12:11.104383,25.44,71.11,23.87,6.54,0.7,254.56,40.0,0,normal
2026-07-01 06:12:10.661031,22.2,65.0,25.75,6.17,0.45,626.46,100.0,0,normal
2026-06-05 07:12:11.205841,23.5,75.0,25.0,7.44,0.75,600.0,60.0,1,ph_alkaline
2026-06-21 23:12:10.648370,24.77,82.47,24.22,6.49,1.09,796.92,100.0,0,normal
2027-01-29 03:12:10.965310,25.45,79.73,24.38,5.5,0.61,908.98,100.0,0,normal
2027-02-23 06:12:11.002107,27.26,72.55,25.12,6.07,0.91,177.64,40.0,0,normal
2026-11-20 20:12:10.865413,22.9,73.49,25.07,5.5,0.93,660.08,100.0,0,normal
2027-04-04 03:12:11.063576,23.12,67.52,25.72,5.77,0.56,507.52,40.0,0,normal
2027-03-03 07:12:11.014476,28.71,70.36,25.55,5.5,0.22,691.65,100.0,0,normal
2027-05-16 00:12:11.123727,23.74,75.76,25.1,6.53,0.73,759.05,100.0,0,normal
2026-07-11 18:12:10.675254,20.99,74.04,24.68,5.77,1.5,216.28,40.0,0,normal
2027-01-15 04:12:10.946731,18.04,81.98,24.96,6.32,0.5,682.46,100.0,0,normal
2026-10-11 22:12:10.805213,28.39,71.6,27.0,6.03,0.6,598.72,40.0,0,normal
2026-09-07 23:12:10.755313,22.43,73.22,24.61,6.31,1.18,579.65,40.0,0,normal
2026-09-08 05:12:10.755636,25.98,65.0,24.21,6.14,0.48,549.1,40.0,0,normal
2027-02-01 07:12:10.969590,22.84,72.41,24.77,6.42,0.78,350.9,40.0,0,normal
2027-01-21 10:12:10.955100,25.9,81.52,25.1,5.82,0.77,614.17,100.0,0,normal
2026-10-09 19:12:10.801999,21.89,70.88,23.96,6.41,1.11,249.58,40.0,0,normal
2027-05-24 00:12:11.136425,25.55,83.53,25.14,6.13,0.45,225.14,40.0,0,normal
2027-05-24 10:12:11.137218,21.74,76.33,23.21,5.5,0.59,513.12,40.0,0,normal
2027-04-17 11:12:11.082937,18.16,66.42,24.51,6.29,1.15,582.16,40.0,0,normal
2026-06-24 03:12:11.204643,23.5,75.0,25.0,6.15,3.49,600.0,72.14,1,high_salinity
2027-06-01 16:12:11.150209,21.88,74.18,25.05,5.7,0.68,549.19,40.0,0,normal
2027-03-05 22:12:11.018523,25.51,81.16,25.66,6.21,1.0,573.99,40.0,0,normal
2027-03-03 08:12:11.014575,24.27,71.18,24.14,6.34,0.38,943.75,100.0,0,normal
2026-07-24 05:12:10.692726,25.46,70.45,24.39,6.12,0.7,444.62,40.0,0,normal
2027-05-03 21:12:11.106384,25.25,81.34,23.23,5.97,0.46,419.59,40.0,0,normal
2027-04-23 23:12:11.092319,23.64,72.4,23.52,6.27,1.13,1094.17,100.0,0,normal
2026-12-18 11:12:10.906479,21.68,79.79,25.63,6.17,1.02,974.08,100.0,0,normal
2027-03-06 07:12:11.019296,21.42,78.8,26.88,6.11,0.8,582.4,40.0,0,normal
2026-08-29 17:12:10.743090,20.53,70.32,24.08,6.28,0.8,261.01,40.0,0,normal
2026-06-15 11:12:10.639346,21.38,69.97,24.02,6.35,1.21,786.2,100.0,0,normal
2026-10-15 15:12:10.810793,25.5,77.5,24.32,5.93,0.78,607.22,100.0,0,normal
2027-04-14 06:12:11.078299,19.26,74.83,25.06,6.17,0.13,561.94,40.0,0,normal
2027-05-19 22:12:11.130326,26.39,67.03,25.01,6.14,0.59,628.23,100.0,0,normal
2026-06-26 11:12:10.654650,25.43,77.6,24.6,6.4,1.14,546.53,40.0,0,normal
2026-06-05 00:12:10.623191,23.94,76.25,25.84,5.98,1.08,518.7,40.0,0,normal
2027-02-15 03:12:10.990320,25.89,67.35,23.57,6.0,0.56,564.01,40.0,0,normal
2026-10-24 23:12:10.823876,23.47,71.19,25.24,5.94,0.64,616.45,100.0,0,normal
2027-04-25 02:12:11.093875,24.4,69.61,25.95,6.59,0.29,504.2,40.0,0,normal
2026-09-18 13:12:10.770712,20.72,75.43,25.87,6.38,0.86,388.68,40.0,0,normal
2026-12-10 23:12:10.895378,21.64,73.39,24.58,6.01,0.92,617.05,100.0,0,normal
2026-06-16 10:12:11.204126,23.5,75.0,31.91,6.15,0.75,600.0,50.0,1,overwater
2026-10-29 21:12:10.830955,24.03,84.38,23.0,5.98,0.56,739.54,100.0,0,normal
2027-01-12 02:12:10.942491,26.07,79.75,25.08,6.07,0.73,377.88,40.0,0,normal
2027-01-19 15:12:10.952741,20.17,84.46,24.68,5.95,0.48,470.84,40.0,0,normal
2026-05-23 00:12:10.601995,24.54,70.84,26.03,5.86,1.1,647.11,100.0,0,normal
2026-07-21 14:12:10.688975,25.45,73.05,24.81,6.07,0.89,809.03,100.0,0,normal
2026-07-31 05:12:10.702221,25.96,76.46,26.41,6.45,0.71,547.35,40.0,0,normal
2026-08-26 07:12:10.738587,24.14,73.14,26.74,6.24,0.7,453.32,40.0,0,normal
2027-06-03 13:12:11.152842,21.63,73.87,25.91,6.55,1.27,653.62,100.0,0,normal
2026-10-09 16:12:10.801830,21.67,65.0,25.67,6.03,1.18,325.03,40.0,0,normal
2026-06-06 22:12:10.626552,25.95,75.74,25.45,6.26,0.68,711.9,100.0,0,normal
2027-01-19 05:12:10.952187,29.15,75.85,26.62,5.88,0.76,943.39,100.0,0,normal
2027-04-24 20:12:11.093550,24.75,77.92,24.61,6.01,1.11,820.86,100.0,0,normal
2026-12-02 16:12:10.882958,24.27,65.0,25.83,6.45,0.5,643.63,100.0,0,normal
2026-07-28 11:12:10.698565,22.14,67.94,26.0,5.91,0.4,801.34,100.0,0,normal
2026-06-23 22:12:10.651111,23.52,72.2,24.74,6.18,0.21,808.4,100.0,0,normal
2027-06-02 01:12:11.150711,20.37,72.06,25.54,5.98,0.67,540.65,40.0,0,normal
2026-11-03 12:12:10.837598,26.54,73.49,23.95,6.18,0.42,949.0,100.0,0,normal
2026-11-24 11:12:10.870768,25.67,79.4,24.73,6.58,0.5,884.1,100.0,0,normal
2027-05-23 13:12:11.135800,30.0,74.05,24.94,5.91,0.88,582.69,40.0,0,normal
2027-06-13 22:12:11.168415,23.67,65.46,24.23,6.0,0.8,612.34,100.0,0,normal
2027-01-12 07:12:10.942758,27.08,76.6,23.43,6.25,0.8,394.6,40.0,0,normal
2027-02-04 23:12:10.975000,25.9,77.98,26.97,5.97,0.77,524.54,40.0,0,normal
2026-08-25 07:12:10.736453,28.11,66.27,25.73,6.33,0.6,855.07,100.0,0,normal
2026-06-12 02:12:11.206842,32.03,75.0,10.88,6.15,2.89,600.0,0.0,1,combined_stress
2027-06-17 07:12:11.174720,23.88,85.0,25.63,6.19,0.78,879.67,100.0,0,normal
2026-07-10 08:12:10.673377,26.35,75.77,25.3,6.24,0.24,650.32,100.0,0,normal
2027-04-23 22:12:11.092266,22.43,67.09,25.81,5.89,0.91,332.38,40.0,0,normal
2026-06-19 09:12:11.203329,23.5,75.0,17.52,6.15,3.42,600.0,36.56,1,drought
2026-09-03 21:12:10.749909,20.99,75.39,23.5,5.81,0.66,444.16,40.0,0,normal
2026-11-09 18:12:10.847263,27.78,78.22,25.61,5.95,0.71,926.82,100.0,0,normal
2026-12-25 10:12:10.916035,25.21,66.79,24.32,5.85,1.11,471.72,40.0,0,normal
2027-02-19 05:12:10.996323,24.66,81.99,25.03,6.14,0.75,666.08,100.0,0,normal
2027-01-30 16:12:10.967439,20.55,75.02,25.96,6.68,1.19,531.97,40.0,0,normal
2027-06-10 03:12:11.162824,23.49,73.61,25.69,6.12,0.92,399.71,40.0,0,normal
2026-12-11 08:12:10.895925,25.63,84.82,24.82,5.97,0.39,903.02,100.0,0,normal
2027-04-08 21:12:11.070551,25.27,75.2,25.77,6.21,0.66,686.98,100.0,0,normal
2026-11-26 03:12:10.873086,23.34,72.45,23.31,6.57,0.55,639.53,100.0,0,normal
2026-07-10 05:12:10.673215,17.25,77.8,25.76,6.4,0.85,599.35,40.0,0,normal
2027-04-19 10:12:11.085993,23.65,79.37,25.8,5.7,0.08,654.77,100.0,0,normal
2027-05-26 22:12:11.141317,21.33,68.52,24.55,6.09,0.89,294.58,40.0,0,normal
2026-09-16 11:12:10.767823,17.0,75.25,24.46,5.95,0.31,425.8,40.0,0,normal
2026-06-08 19:12:11.206279,23.5,75.0,25.0,6.15,0.75,6.94,0.0,1,low_light
2027-05-19 13:12:11.129758,17.69,85.0,23.99,6.13,0.21,659.31,100.0,0,normal
2027-04-12 12:12:11.075795,25.57,78.53,25.45,5.95,0.75,482.75,40.0,0,normal
2026-09-16 13:12:10.767937,20.29,81.94,24.83,5.98,0.66,445.13,40.0,0,normal
2027-03-31 21:12:11.058002,30.0,80.19,26.19,6.41,0.68,660.55,100.0,0,normal
2026-08-24 05:12:10.734995,27.19,75.96,24.58,6.15,1.36,753.28,100.0,0,normal
2026-08-23 08:12:10.733843,21.9,73.5,26.47,6.43,0.85,217.21,40.0,0,normal
2027-06-09 01:12:11.161406,22.17,77.23,24.87,6.11,0.75,575.78,40.0,0,normal
2026-06-23 15:12:10.650703,23.38,69.99,24.19,6.2,1.46,695.46,100.0,0,normal
2026-06-29 21:12:10.659209,25.09,67.91,24.29,5.67,1.0,678.15,100.0,0,normal
2027-02-04 09:12:10.974227,23.09,78.88,24.99,5.87,0.82,401.45,40.0,0,normal
2026-08-30 13:12:10.744178,24.27,78.94,24.41,6.21,0.6,676.27,100.0,0,normal
2027-03-09 11:12:11.024340,17.09,84.49,24.06,5.98,0.58,862.4,100.0,0,normal
2027-03-22 15:12:11.043785,21.79,77.57,24.91,6.55,0.93,306.09,40.0,0,normal
2026-07-09 05:12:10.671862,25.32,80.28,25.24,5.77,0.91,566.23,40.0,0,normal
2026-10-05 23:12:10.796212,23.95,65.96,25.12,6.43,0.95,494.51,40.0,0,normal
2027-06-20 13:12:11.180080,22.82,78.89,24.78,6.15,0.48,571.42,40.0,0,normal
2027-04-06 16:12:11.067416,22.94,74.84,24.34,6.77,0.76,737.24,100.0,0,normal
2026-12-08 03:12:10.891037,19.83,74.74,27.0,6.17,0.62,609.19,100.0,0,normal
2026-10-07 06:12:10.798111,21.89,77.62,23.49,6.38,1.13,655.52,100.0,0,normal
2026-07-31 23:12:10.703222,21.29,77.04,25.24,6.63,0.88,557.07,40.0,0,normal
2026-09-02 21:12:10.748589,19.01,71.96,24.89,5.62,1.09,593.24,40.0,0,normal
2027-05-27 03:12:11.141603,22.62,75.23,26.42,5.89,1.28,600.08,100.0,0,normal
2027-05-22 05:12:11.133723,21.71,74.42,24.58,5.95,0.89,440.31,40.0,0,normal
2026-06-02 23:12:10.620377,24.99,71.05,24.37,6.26,0.91,689.88,100.0,0,normal
2026-07-28 01:12:10.698022,21.68,71.82,23.16,6.38,1.21,838.99,100.0,0,normal
2026-12-06 08:12:10.888324,23.14,78.75,23.44,6.17,0.76,883.15,100.0,0,normal
2027-03-11 18:12:11.028004,22.0,75.71,23.93,6.41,0.44,784.52,100.0,0,normal
2026-12-11 01:12:10.895515,22.68,77.57,25.2,6.39,1.25,659.86,100.0,0,normal
2026-08-23 21:12:10.734562,21.66,71.77,24.58,6.19,0.48,798.67,100.0,0,normal
2027-03-26 21:12:11.050199,29.56,75.4,23.9,5.99,0.89,781.71,100.0,0,normal
2026-10-23 09:12:10.821758,23.95,72.57,25.23,6.13,0.7,605.11,100.0,0,normal
2026-08-08 20:12:10.713836,22.68,71.29,25.13,6.25,0.97,481.03,40.0,0,normal
2026-12-30 04:12:10.924067,22.45,79.94,26.98,6.27,0.74,855.35,100.0,0,normal
2027-02-24 02:12:11.003585,20.31,79.76,24.65,6.21,0.22,851.21,100.0,0,normal
2026-06-14 12:12:10.637895,23.28,69.94,25.92,6.26,0.6,667.27,100.0,0,normal
2026-06-03 04:12:10.620655,25.63,79.4,25.39,5.97,0.77,780.95,100.0,0,normal
2027-02-02 00:12:10.970717,21.0,65.0,26.98,6.27,1.38,388.89,40.0,0,normal
2027-02-19 16:12:10.997022,25.55,72.98,25.61,6.38,0.3,579.57,40.0,0,normal
2027-01-23 18:12:10.958199,29.06,73.6,23.66,6.12,0.13,377.8,40.0,0,normal
2026-05-29 02:12:10.612615,21.17,80.21,24.83,6.25,0.51,587.29,40.0,0,normal
2026-06-02 04:12:10.619270,20.39,75.1,24.82,5.95,0.89,346.56,40.0,0,normal
2027-02-09 00:12:10.981491,24.36,73.13,26.63,6.17,1.17,622.78,100.0,0,normal
2027-01-10 23:12:10.941003,24.68,74.69,23.89,6.17,0.49,435.44,40.0,0,normal
2026-10-16 05:12:10.811600,26.03,66.93,24.36,5.75,0.02,965.62,100.0,0,normal
2027-05-01 21:12:11.103421,18.33,67.78,23.85,6.54,0.15,384.38,40.0,0,normal
2026-06-04 04:12:10.622059,25.28,76.4,26.14,6.33,0.39,663.35,100.0,0,normal
2026-12-01 03:12:10.880541,24.17,76.3,24.54,6.25,1.02,624.42,100.0,0,normal
2026-11-08 05:12:10.844595,22.45,80.36,25.95,5.84,1.03,791.18,100.0,0,normal
2026-12-03 03:12:10.883619,20.12,75.6,25.13,6.19,0.65,659.97,100.0,0,normal
2026-06-01 06:12:10.617907,21.87,79.15,24.07,6.14,1.28,568.21,40.0,0,normal
2026-06-01 13:12:10.618290,23.9,73.67,25.43,6.08,0.86,551.83,40.0,0,normal
2026-07-07 08:12:10.669139,24.36,72.58,25.38,6.31,0.7,538.34,40.0,0,normal
2026-11-27 02:12:10.874563,22.27,74.22,24.27,6.12,0.0,376.25,40.0,0,normal
2026-08-01 10:12:10.703811,20.6,65.77,25.71,6.64,0.45,975.75,100.0,0,normal
2026-05-24 03:12:10.603721,19.56,79.83,25.42,6.56,0.15,648.43,100.0,0,normal
2026-08-06 12:12:10.710602,17.03,77.11,24.62,5.86,0.97,799.33,100.0,0,normal
2027-01-06 09:12:10.934566,24.49,78.59,25.84,5.98,0.6,621.63,100.0,0,normal
2026-10-09 23:12:10.802241,26.02,77.51,24.76,5.82,0.86,678.93,100.0,0,normal
2027-06-07 14:12:11.158627,22.55,77.08,26.26,6.0,0.94,458.56,40.0,0,normal
2027-04-12 02:12:11.075003,20.23,71.13,23.97,6.8,0.84,566.01,40.0,0,normal
2026-06-27 09:12:10.655867,22.29,74.95,24.54,6.11,0.7,784.34,100.0,0,normal
2026-07-13 07:12:10.677301,23.47,80.07,24.96,6.22,1.5,634.6,100.0,0,normal
2026-12-14 06:12:10.900009,25.92,68.21,23.05,6.47,0.73,445.97,40.0,0,normal
2027-01-20 18:12:10.954223,25.3,67.74,24.53,6.12,0.69,307.42,40.0,0,normal
2027-01-14 13:12:10.945716,24.39,77.81,23.29,6.04,0.53,340.8,40.0,0,normal
2027-04-24 13:12:11.093071,28.35,75.74,24.57,6.13,0.62,976.89,100.0,0,normal
2026-08-17 11:12:10.725789,23.24,81.22,24.52,6.59,0.3,609.43,100.0,0,normal
2026-12-02 02:12:10.881988,23.03,72.04,23.0,5.61,0.76,859.99,100.0,0,normal
2026-06-01 09:12:10.618074,18.44,73.01,23.0,6.39,0.58,541.13,40.0,0,normal
2027-02-19 08:12:10.996581,18.03,78.49,25.77,6.65,0.61,814.8,100.0,0,normal
2026-07-16 20:12:10.681999,22.62,65.15,23.7,5.94,0.06,594.89,40.0,0,normal
2027-05-11 16:12:11.117701,21.75,77.31,25.87,6.28,0.91,470.36,40.0,0,normal
2026-08-17 23:12:10.726454,25.25,75.62,25.55,6.31,1.17,726.14,100.0,0,normal
2026-07-26 10:12:10.695806,25.98,77.66,24.66,5.67,0.0,982.23,100.0,0,normal
2026-08-01 23:12:10.704538,19.0,69.9,24.95,6.3,0.76,1015.18,100.0,0,normal
2027-05-06 06:12:11.109999,28.46,84.39,24.65,6.41,0.48,850.43,100.0,0,normal
2027-04-04 12:12:11.064070,21.34,77.68,24.72,6.36,1.26,616.17,100.0,0,normal
2026-10-29 14:12:10.830439,24.35,72.51,26.18,5.98,0.43,867.79,100.0,0,normal
2026-08-30 21:12:10.744621,25.23,72.61,26.12,5.92,0.11,404.0,40.0,0,normal
2026-09-25 22:12:10.781796,23.81,72.32,25.76,5.5,1.27,859.46,100.0,0,normal
2027-05-28 14:12:11.143919,25.4,65.79,26.25,5.7,0.53,753.26,100.0,0,normal
2027-02-15 04:12:10.990438,23.84,76.47,25.9,5.91,0.88,797.66,100.0,0,normal
2027-04-28 05:12:11.098236,18.17,85.0,24.73,5.97,0.76,563.85,40.0,0,normal
2027-01-19 14:12:10.952688,23.06,78.27,24.89,6.57,1.02,600.01,100.0,0,normal
2026-06-24 12:12:11.204589,23.5,75.0,25.0,6.15,3.21,600.0,76.02,1,high_salinity
2026-06-09 16:12:10.630464,19.4,81.77,25.39,5.92,0.83,620.94,100.0,0,normal
2027-06-16 14:12:11.172953,21.89,76.67,23.36,6.63,0.66,430.44,40.0,0,normal
2027-04-09 02:12:11.070842,24.11,77.69,25.01,6.03,0.46,803.57,100.0,0,normal
2026-11-05 17:12:10.840620,19.94,82.51,23.89,6.43,0.78,867.94,100.0,0,normal
2026-08-03 17:12:10.706912,21.48,76.9,23.95,6.12,0.62,572.23,40.0,0,normal
2027-03-01 14:12:11.011768,24.72,72.4,24.99,6.27,1.24,638.26,100.0,0,normal
2026-12-03 23:12:10.884765,22.12,78.19,26.91,5.97,0.97,493.78,40.0,0,normal
2026-05-28 09:12:11.205919,23.5,75.0,25.0,8.01,0.75,600.0,60.0,1,ph_alkaline
2026-07-30 00:12:10.700608,24.45,74.02,24.16,6.26,0.9,1157.04,100.0,0,normal
2026-10-01 20:12:10.790067,26.9,68.34,25.69,6.09,0.6,780.1,100.0,0,normal
2026-06-19 12:12:10.645119,24.58,68.91,23.79,6.15,0.92,825.36,100.0,0,normal
2026-11-11 18:12:10.850557,22.8,77.57,25.36,6.55,0.47,798.54,100.0,0,normal
2026-11-24 13:12:10.870881,17.62,75.54,24.91,6.0,0.96,705.33,100.0,0,normal
2026-06-10 06:12:10.631435,29.31,81.28,25.6,5.98,1.34,157.96,40.0,0,normal
2027-01-17 03:12:10.949450,26.33,79.82,25.71,6.71,1.09,345.63,40.0,0,normal
2026-10-07 09:12:10.798306,19.13,75.47,26.55,6.39,0.9,622.36,100.0,0,normal
2026-12-24 15:12:10.914940,17.0,73.59,25.98,5.67,0.68,649.52,100.0,0,normal
2027-04-07 01:12:11.067915,25.53,66.82,24.58,5.95,1.39,469.77,40.0,0,normal
2026-06-04 07:12:10.622223,23.89,75.56,24.45,6.0,1.32,395.6,40.0,0,normal
2026-07-08 18:12:10.671264,23.94,70.95,26.31,6.07,0.8,627.9,100.0,0,normal
2027-03-05 14:12:11.017739,20.24,75.23,25.75,6.02,0.75,788.76,100.0,0,normal
2026-07-19 02:12:10.685171,17.0,74.53,24.4,6.28,0.9,736.19,100.0,0,normal
2026-10-14 08:12:10.808902,22.72,72.47,25.13,5.95,0.53,793.71,100.0,0,normal
2026-07-23 14:12:10.691878,24.76,76.18,25.51,5.64,0.88,479.19,40.0,0,normal
2026-10-26 10:12:10.826011,30.0,65.92,25.2,6.49,0.3,166.09,40.0,0,normal
2026-06-06 17:12:10.626271,19.83,80.64,25.0,5.85,0.95,556.67,40.0,0,normal
2026-06-08 03:12:10.628358,26.86,74.08,25.26,5.97,1.14,452.65,40.0,0,normal
2026-07-30 05:12:10.700892,26.36,73.12,24.79,6.19,0.83,566.39,40.0,0,normal
2026-09-30 08:12:10.787956,26.24,70.58,23.6,5.92,0.79,739.98,100.0,0,normal
2026-07-28 16:12:10.698836,22.4,75.39,23.98,6.19,1.15,515.31,40.0,0,normal
2027-01-30 08:12:10.966993,26.21,65.0,24.67,6.14,0.0,740.45,100.0,0,normal
2026-11-12 21:12:10.852718,24.87,78.09,23.0,6.25,0.72,598.65,40.0,0,normal
2026-12-08 20:12:10.892193,19.03,76.03,24.44,5.99,0.74,942.92,100.0,0,normal
2027-04-08 15:12:11.070215,26.52,74.5,25.74,6.57,0.63,526.83,40.0,0,normal
2026-11-02 20:12:10.836471,19.56,73.45,25.08,6.46,0.28,859.54,100.0,0,normal
2027-05-27 15:12:11.142453,22.98,67.95,24.99,6.5,1.09,652.93,100.0,0,normal
2027-01-17 22:12:10.950502,22.5,65.53,24.63,6.23,1.11,550.34,40.0,0,normal
2026-06-30 13:12:11.202129,8.36,75.0,25.0,6.15,0.75,600.0,60.0,1,low_temp
2027-04-06 15:12:11.067279,19.56,81.89,24.17,5.89,1.21,684.66,100.0,0,normal
2026-07-30 17:12:10.701554,22.33,84.5,23.97,5.89,0.76,697.71,100.0,0,normal
2026-08-28 07:12:10.741225,23.43,77.32,25.25,6.42,0.82,584.94,40.0,0,normal
2027-05-09 17:12:11.114840,22.41,78.92,25.97,6.09,0.7,1095.0,100.0,0,normal
2026-06-02 11:12:10.619662,19.71,77.76,24.38,6.57,1.04,428.45,40.0,0,normal
2026-09-02 02:12:10.747549,29.74,74.05,24.73,6.12,0.75,267.28,40.0,0,normal
2026-12-10 01:12:10.894020,22.38,73.05,24.58,6.31,0.55,768.66,100.0,0,normal
2026-12-07 04:12:10.889668,24.42,74.04,25.3,6.05,0.65,745.89,100.0,0,normal
2026-08-17 20:12:10.726292,24.55,75.99,24.91,6.53,1.11,528.0,40.0,0,normal
2027-03-30 10:12:11.055332,23.44,83.46,23.44,6.8,0.47,563.71,40.0,0,normal
2027-06-08 03:12:11.159405,27.05,72.72,24.18,6.25,0.86,667.76,100.0,0,normal
2026-11-26 07:12:10.873321,22.15,77.45,25.89,6.48,0.95,602.17,100.0,0,normal
2027-01-11 20:12:10.942157,23.34,69.91,23.65,5.68,0.84,893.0,100.0,0,normal
2027-04-30 05:12:11.100898,23.4,74.76,25.82,6.25,0.94,815.93,100.0,0,normal
2026-08-30 18:12:10.744461,25.51,77.37,25.45,5.84,0.77,455.63,40.0,0,normal
2026-07-02 00:12:11.203730,23.5,75.0,28.61,6.15,0.75,600.0,50.0,1,overwater
2026-08-23 05:12:10.733681,22.64,76.16,24.76,6.25,0.93,790.07,100.0,0,normal
2026-05-30 16:12:11.200861,37.81,50.28,25.0,6.15,0.75,600.0,0.0,1,high_temp
2026-05-29 02:12:11.204406,23.5,75.0,25.0,6.15,5.86,600.0,38.97,1,high_salinity
2026-06-30 10:12:11.206776,34.35,75.0,16.97,6.15,3.67,600.0,20.89,1,combined_stress
2026-05-28 22:12:11.206289,23.5,75.0,25.0,6.15,0.75,11.36,0.0,1,low_light
2027-02-12 11:12:10.986536,23.81,85.0,23.6,5.79,0.77,707.64,100.0,0,normal
2026-07-18 16:12:10.684591,27.1,68.79,26.56,6.42,0.2,845.1,100.0,0,normal
2026-09-28 06:12:10.785117,24.86,70.82,24.64,5.84,0.78,232.8,40.0,0,normal
2026-06-11 07:12:11.201495,33.13,41.39,25.0,6.15,0.75,600.0,42.0,1,high_temp
2026-10-13 00:12:10.806681,24.53,75.09,24.78,6.31,0.47,786.77,100.0,0,normal
2026-10-02 03:12:10.790571,29.34,81.43,24.19,5.73,0.77,694.8,100.0,0,normal
2026-08-10 22:12:10.716603,21.91,68.37,24.4,6.53,0.84,432.79,40.0,0,normal
2027-04-24 05:12:11.092642,20.31,78.59,24.32,6.58,0.92,522.74,40.0,0,normal
2026-10-06 01:12:10.796319,19.99,76.75,24.56,6.41,0.69,17.3,0.0,0,normal
2027-01-02 13:12:10.929157,26.35,73.59,24.99,5.86,1.04,627.22,100.0,0,normal
2026-07-23 09:12:10.691503,21.9,73.42,25.71,6.51,0.38,519.15,40.0,0,normal
2026-08-11 14:12:10.717493,23.88,68.22,24.7,5.95,0.66,715.17,100.0,0,normal
2027-06-08 01:12:11.159294,20.2,72.29,25.25,6.23,0.08,788.37,100.0,0,normal
2026-06-10 17:12:11.203897,23.5,75.0,28.89,6.15,0.75,600.0,50.0,1,overwater
2026-11-17 06:12:10.859743,18.88,69.15,24.57,6.39,0.77,588.4,40.0,0,normal
2027-04-18 03:12:11.083973,22.39,79.25,26.15,6.44,0.61,817.1,100.0,0,normal
2026-09-24 18:12:10.779759,24.05,79.09,24.91,5.62,0.95,638.68,100.0,0,normal
2027-02-27 00:12:11.007800,20.83,74.96,24.59,6.05,0.8,1224.0,100.0,0,normal
2026-06-12 10:12:10.634737,20.18,72.38,24.43,5.58,1.01,799.98,100.0,0,normal
2026-11-01 22:12:10.835231,24.55,76.66,24.63,5.77,0.75,525.65,40.0,0,normal
2026-09-25 02:12:10.780196,22.1,65.0,24.83,6.59,0.35,606.0,100.0,0,normal
2026-07-11 00:12:10.674258,24.13,74.9,24.66,5.73,0.48,815.87,100.0,0,normal
2026-12-17 11:12:10.904964,19.47,78.4,24.26,5.9,0.76,379.8,40.0,0,normal
2026-06-21 06:12:11.204331,23.5,75.0,25.0,6.15,5.31,600.0,46.62,1,high_salinity
2026-06-29 10:12:10.658608,22.32,76.28,24.98,6.54,0.71,580.69,40.0,0,normal
2026-12-19 02:12:10.907402,18.3,78.59,25.7,5.89,1.11,448.72,40.0,0,normal
2027-03-23 10:12:11.045493,29.02,77.57,26.08,6.56,1.11,551.4,40.0,0,normal
2026-07-05 21:12:10.667166,24.78,84.85,24.18,6.18,0.85,933.42,100.0,0,normal
2027-06-18 01:12:11.175920,25.94,68.68,25.14,5.64,0.88,612.54,100.0,0,normal
2026-11-11 23:12:10.850883,20.61,73.76,24.86,6.62,0.64,841.96,100.0,0,normal
2026-07-30 16:12:10.701500,20.79,76.99,23.8,6.38,0.76,244.98,40.0,0,normal
2026-06-10 19:12:10.632206,21.38,73.14,25.51,5.95,0.93,512.19,40.0,0,normal
2027-02-02 18:12:10.971877,18.35,77.3,25.08,6.05,0.76,859.66,100.0,0,normal
2027-04-08 09:12:11.069892,24.01,66.43,24.95,6.11,1.24,541.77,40.0,0,normal
2027-01-16 21:12:10.949110,21.85,75.49,24.85,6.32,1.16,956.17,100.0,0,normal
2026-12-29 20:12:10.923585,21.79,73.35,24.31,6.44,0.8,479.25,40.0,0,normal
2026-09-02 07:12:10.747815,22.93,80.09,24.03,6.01,0.64,394.01,40.0,0,normal
2027-01-05 20:12:10.933811,19.24,77.82,26.68,6.5,0.71,647.23,100.0,0,normal
2026-05-25 13:12:11.201325,33.8,52.74,25.0,6.15,0.75,600.0,42.0,1,high_temp
2026-08-19 03:12:10.727989,30.0,76.31,25.77,5.65,0.32,492.52,40.0,0,normal
2027-01-04 05:12:10.931488,26.1,75.45,25.68,5.97,0.47,229.08,40.0,0,normal
2027-05-27 08:12:11.141911,22.3,83.19,27.0,5.62,0.98,601.35,100.0,0,normal
2026-12-13 23:12:10.899611,25.87,66.25,26.37,6.32,0.98,459.89,40.0,0,normal
2026-11-05 15:12:10.840488,20.68,70.52,23.62,6.15,0.67,873.06,100.0,0,normal
2027-01-03 17:12:10.930790,19.83,77.14,24.24,6.8,1.03,559.76,40.0,0,normal
2026-09-01 08:12:10.746546,19.74,82.68,25.92,5.83,1.02,693.55,100.0,0,normal
2026-09-01 17:12:10.747044,26.42,76.14,25.63,6.2,1.18,546.1,40.0,0,normal
2027-05-19 06:12:11.129357,24.18,84.11,23.99,6.11,1.16,174.69,40.0,0,normal
2026-07-18 02:12:10.683759,23.47,68.7,25.89,6.13,0.79,469.42,40.0,0,normal
2027-02-24 14:12:11.004271,19.99,73.38,25.27,5.94,0.64,818.23,100.0,0,normal
2027-03-28 14:12:11.052762,19.68,72.94,27.0,6.27,0.7,512.68,40.0,0,normal
2026-06-02 18:12:11.206414,33.28,75.0,10.9,6.15,3.94,600.0,0.0,1,combined_stress
2026-08-09 06:12:10.714396,26.52,72.62,24.66,6.13,0.48,619.88,100.0,0,normal
2027-04-04 17:12:11.064341,23.56,81.93,23.15,6.05,0.65,670.19,100.0,0,normal
2027-03-06 05:12:11.019157,25.43,76.01,25.79,6.18,0.7,520.96,40.0,0,normal
2027-04-15 12:12:11.080149,21.64,78.86,25.8,6.45,0.61,546.76,40.0,0,normal
2026-08-04 18:12:10.708286,27.78,79.75,24.99,6.33,0.68,571.43,40.0,0,normal
2026-09-18 19:12:10.771041,26.41,66.6,24.41,6.57,0.66,369.84,40.0,0,normal
2027-02-05 00:12:10.975053,22.11,79.24,24.21,6.33,0.52,485.56,40.0,0,normal
2026-12-25 04:12:10.915668,27.67,75.5,23.62,6.25,1.07,613.87,100.0,0,normal
2026-08-23 14:12:10.734165,18.86,77.44,25.35,6.31,1.44,633.42,100.0,0,normal
2026-08-02 14:12:10.705384,26.92,78.4,26.56,6.2,0.31,489.28,40.0,0,normal
2026-07-03 13:12:10.664077,22.82,79.48,25.7,6.2,0.5,411.68,40.0,0,normal
2026-06-20 10:12:10.646334,24.07,65.0,25.47,6.8,0.64,689.47,100.0,0,normal
2027-03-25 20:12:11.048733,25.1,74.16,26.54,5.98,0.24,467.65,40.0,0,normal
2027-02-11 13:12:10.985156,19.49,77.26,23.09,5.74,0.9,497.44,40.0,0,normal
2027-03-21 04:12:11.041579,21.92,76.14,24.5,6.21,0.93,795.98,100.0,0,normal
2026-11-23 03:12:10.868880,23.44,78.83,25.03,6.01,0.52,819.72,100.0,0,normal
2026-06-28 21:12:10.657887,20.34,83.97,24.95,6.37,0.69,453.83,40.0,0,normal
2027-02-16 06:12:10.991893,23.04,73.53,24.65,5.9,0.64,252.88,40.0,0,normal
2026-09-27 06:12:10.783672,22.27,78.31,24.63,5.82,0.4,378.19,40.0,0,normal
2027-06-16 04:12:11.172205,25.0,66.31,24.62,5.91,1.19,583.42,40.0,0,normal
2026-06-15 19:12:10.640074,24.71,75.89,26.29,6.41,0.89,533.36,40.0,0,normal
2027-06-14 13:12:11.169268,18.1,70.65,25.15,6.09,0.67,596.63,40.0,0,normal
2026-06-09 09:12:10.630057,21.87,77.72,26.35,5.85,0.62,762.02,100.0,0,normal
2027-03-14 19:12:11.032455,23.89,77.0,24.19,6.14,0.1,504.88,40.0,0,normal
2026-11-08 12:12:10.845045,17.96,82.24,24.19,6.1,1.24,353.39,40.0,0,normal
2026-10-11 15:12:10.804832,22.0,71.65,23.95,6.08,1.22,612.78,100.0,0,normal
2026-05-22 11:12:10.601229,26.06,71.15,24.84,6.12,0.0,461.25,40.0,0,normal
2027-02-05 06:12:10.975378,22.85,73.04,24.38,5.88,0.46,802.01,100.0,0,normal
2026-06-03 07:12:11.202038,11.45,75.0,25.0,6.15,0.75,600.0,60.0,1,low_temp
2026-10-23 12:12:10.821923,20.72,77.0,25.86,6.12,0.87,814.52,100.0,0,normal
2027-02-07 01:12:10.978167,21.13,83.76,25.16,6.04,0.56,552.88,40.0,0,normal
2026-05-25 22:12:10.606924,24.45,80.89,27.0,6.42,1.28,946.67,100.0,0,normal
2027-01-12 14:12:10.943152,24.29,78.87,24.62,5.96,0.69,516.7,40.0,0,normal
2026-11-02 13:12:10.836069,25.26,65.0,24.38,6.28,1.1,510.9,40.0,0,normal
2027-03-29 22:12:11.054563,21.43,72.48,25.07,6.34,0.95,906.91,100.0,0,normal
2026-12-10 21:12:10.895264,18.07,77.11,24.64,5.68,1.27,706.68,100.0,0,normal
2026-12-08 01:12:10.890922,24.43,76.21,26.64,5.89,1.17,549.64,40.0,0,normal
2027-04-08 16:12:11.070269,26.88,76.5,24.44,5.51,0.77,636.99,100.0,0,normal
2026-06-03 05:12:10.620710,19.88,67.36,24.56,6.45,0.6,613.24,100.0,0,normal
2027-04-15 14:12:11.080256,27.42,74.58,25.05,6.06,1.05,284.4,40.0,0,normal
2027-03-26 11:12:11.049659,19.5,84.19,25.62,6.42,0.23,465.56,40.0,0,normal
2027-01-10 02:12:10.939835,17.0,77.69,26.73,6.18,0.44,162.37,40.0,0,normal
2026-09-19 07:12:10.771741,24.58,77.33,26.12,6.0,0.49,724.7,100.0,0,normal
2027-01-08 15:12:10.937878,24.62,77.78,24.66,6.64,1.03,393.44,40.0,0,normal
2026-09-04 23:12:10.751351,22.59,79.35,24.64,5.5,0.57,990.57,100.0,0,normal
2026-08-03 14:12:10.706718,25.73,71.53,24.73,5.5,0.82,643.16,100.0,0,normal
2027-03-01 06:12:11.011326,19.21,78.84,24.11,6.37,1.0,277.01,40.0,0,normal
2026-08-08 06:12:10.713072,22.68,67.93,24.53,6.13,0.39,539.93,40.0,0,normal
2026-08-12 14:12:10.719093,22.74,67.96,25.09,5.7,0.26,596.41,40.0,0,normal
2026-05-28 00:12:11.202543,23.5,75.0,14.6,6.15,2.66,600.0,41.88,1,drought
2027-01-19 19:12:10.952957,22.4,82.41,24.62,5.74,1.15,205.22,40.0,0,normal
2026-09-10 22:12:10.759789,24.92,76.57,24.51,5.66,0.89,800.32,100.0,0,normal
2027-05-05 02:12:11.108145,25.48,79.84,25.57,6.19,0.91,547.53,40.0,0,normal
2026-10-13 02:12:10.806959,22.44,85.0,25.39,6.74,0.87,668.28,100.0,0,normal
2026-10-14 18:12:10.809480,19.82,80.72,24.21,6.12,1.16,906.37,100.0,0,normal
2026-08-20 19:12:10.730360,26.15,79.98,26.16,6.02,0.68,713.27,100.0,0,normal
2027-02-15 00:12:10.990107,26.15,74.53,24.98,6.05,0.68,596.18,40.0,0,normal
2027-02-16 01:12:10.991620,30.0,75.91,26.63,6.02,0.59,944.99,100.0,0,normal
2027-04-04 13:12:11.064126,25.19,70.65,25.77,6.04,0.0,761.84,100.0,0,normal
2027-06-21 01:12:11.180753,25.29,74.18,26.56,6.34,0.96,582.88,40.0,0,normal
2026-10-09 11:12:10.801563,21.6,81.28,23.24,6.52,0.24,139.0,40.0,0,normal
2026-09-03 22:12:10.749963,22.24,72.28,25.59,5.95,0.06,806.68,100.0,0,normal
2027-05-21 07:12:11.132476,24.37,67.14,25.38,6.57,0.65,655.5,100.0,0,normal
2026-09-19 06:12:10.771687,23.36,79.47,24.13,5.63,1.23,422.38,40.0,0,normal
2027-03-21 07:12:11.041744,25.84,72.93,23.42,6.04,1.17,517.89,40.0,0,normal
2027-02-06 14:12:10.977468,25.85,73.11,24.15,5.85,0.44,367.9,40.0,0,normal
2027-02-21 16:12:10.999862,25.25,68.59,23.85,6.2,0.76,799.56,100.0,0,normal
2027-02-03 14:12:10.973167,21.76,76.27,25.11,6.02,0.75,452.6,40.0,0,normal
2027-04-28 15:12:11.098789,20.83,80.78,23.42,5.76,1.23,714.11,100.0,0,normal
2026-11-20 19:12:10.865334,25.42,73.95,24.97,6.28,0.21,584.76,40.0,0,normal
2026-07-14 06:12:10.678569,22.32,81.43,24.0,6.3,0.71,357.25,40.0,0,normal
2026-09-30 03:12:10.787691,26.92,77.21,25.48,6.52,0.35,542.54,40.0,0,normal
2027-05-01 04:12:11.102298,29.01,68.29,23.98,6.15,0.88,598.37,40.0,0,normal
2026-10-02 14:12:10.791208,26.67,71.06,23.96,6.45,0.65,547.1,40.0,0,normal
2027-04-26 16:12:11.096133,24.18,70.43,23.0,5.73,0.45,781.79,100.0,0,normal
2026-09-13 07:12:10.763456,23.98,70.41,24.43,5.93,1.22,630.65,100.0,0,normal
2026-11-20 01:12:10.864250,24.55,85.0,26.5,6.2,0.82,712.26,100.0,0,normal
2026-10-23 13:12:10.821984,20.36,71.43,26.11,6.17,0.67,797.6,100.0,0,normal
2026-12-12 19:12:10.897995,20.25,75.53,24.86,5.94,0.61,421.5,40.0,0,normal
2026-09-21 18:12:10.775264,27.13,78.57,24.32,6.16,0.5,582.55,40.0,0,normal
2027-06-04 08:12:11.153947,18.74,71.34,24.85,6.62,0.62,334.13,40.0,0,normal
2026-12-11 19:12:10.896569,21.41,77.04,25.14,6.58,1.34,516.8,40.0,0,normal
2027-06-20 17:12:11.180295,25.84,77.04,24.74,6.43,0.32,579.21,40.0,0,normal
2026-06-20 05:12:10.646067,19.74,66.8,26.14,6.38,0.0,469.42,40.0,0,normal
2027-02-28 02:12:11.009566,23.54,79.55,24.56,6.5,1.08,797.03,100.0,0,normal
2027-04-07 17:12:11.068811,24.98,78.49,24.39,6.34,0.39,620.31,100.0,0,normal
2026-09-03 20:12:10.749855,21.76,75.79,23.27,6.28,0.94,1128.84,100.0,0,normal
2026-09-24 01:12:10.778762,25.03,76.99,25.45,6.25,1.06,693.26,100.0,0,normal
2027-02-08 04:12:10.979860,22.92,67.65,24.71,5.73,1.14,385.46,40.0,0,normal
2026-11-21 03:12:10.865861,21.82,69.82,25.7,6.33,0.45,779.05,100.0,0,normal
2027-04-30 16:12:11.101618,25.36,85.0,23.0,5.93,1.38,822.28,100.0,0,normal
2026-09-23 20:12:10.778482,22.75,67.63,23.28,6.44,0.92,908.18,100.0,0,normal
2027-02-02 02:12:10.970851,25.05,70.47,25.72,5.81,0.91,519.41,40.0,0,normal
2026-10-11 03:12:10.804062,22.42,70.08,24.57,6.26,0.95,699.01,100.0,0,normal
2026-12-28 21:12:10.922208,23.79,65.41,25.63,6.11,0.61,700.5,100.0,0,normal
2027-02-08 20:12:10.981252,23.72,65.0,25.09,6.48,0.25,538.04,40.0,0,normal
2027-02-10 16:12:10.983882,20.72,75.01,24.48,6.16,1.04,624.62,100.0,0,normal
2027-03-10 05:12:11.025538,24.73,76.92,24.41,6.1,0.85,796.52,100.0,0,normal
2027-04-09 20:12:11.071829,30.0,68.26,26.99,6.29,0.64,706.4,100.0,0,normal
2027-01-11 17:12:10.941995,29.43,72.03,25.12,5.75,0.71,566.22,40.0,0,normal
2027-01-18 22:12:10.951814,22.2,75.74,23.84,5.95,0.61,827.78,100.0,0,normal
2027-05-23 11:12:11.135687,23.3,70.74,25.16,5.99,0.7,813.54,100.0,0,normal
2026-07-15 23:12:10.680830,24.13,67.42,25.79,6.55,0.71,776.18,100.0,0,normal
2026-05-28 02:12:11.202506,23.5,75.0,12.66,6.15,3.41,600.0,0.0,1,drought
2027-05-11 14:12:11.117580,19.87,77.53,24.27,5.74,0.05,511.86,40.0,0,normal
2027-05-22 00:12:11.133450,24.83,76.45,26.56,6.45,0.64,853.28,100.0,0,normal
2026-08-09 02:12:10.714180,25.8,65.0,24.86,6.29,0.78,408.17,40.0,0,normal
2027-03-30 12:12:11.055440,19.0,75.04,24.39,5.71,1.25,779.11,100.0,0,normal
2026-06-16 04:12:10.640601,25.49,80.64,24.38,6.33,0.8,712.86,100.0,0,normal
2026-09-17 15:12:10.769364,17.0,72.62,25.72,6.51,0.69,799.16,100.0,0,normal
2027-06-15 06:12:11.170205,27.11,67.01,25.99,5.73,0.5,487.32,40.0,0,normal
2026-06-07 10:12:10.627337,26.4,79.6,24.06,6.18,0.48,450.73,40.0,0,normal
2027-05-20 20:12:11.131844,25.0,73.74,25.31,6.47,0.46,545.67,40.0,0,normal
2027-05-15 23:12:11.123668,26.9,82.86,23.47,6.28,0.46,284.2,40.0,0,normal
2027-02-28 18:12:11.010440,27.74,77.71,24.02,5.83,1.06,777.67,100.0,0,normal
2027-01-01 21:12:10.928220,25.0,78.08,24.09,6.19,0.78,314.25,40.0,0,normal
2026-05-26 00:12:10.607052,25.77,77.07,25.34,6.02,0.8,834.49,100.0,0,normal
2026-07-30 07:12:10.701002,19.03,83.77,24.47,6.32,0.7,874.67,100.0,0,normal
2026-06-19 23:12:11.201216,33.85,58.78,25.0,6.15,0.75,600.0,42.0,1,high_temp
2026-12-21 17:12:10.911065,30.0,85.0,26.14,5.57,0.99,664.13,100.0,0,normal
2026-07-23 01:12:10.690915,23.29,76.38,24.27,6.04,0.61,464.42,40.0,0,normal
2027-05-03 10:12:11.105751,21.16,76.45,26.44,5.81,0.67,832.81,100.0,0,normal
2026-09-11 20:12:10.761056,20.94,71.02,25.04,5.96,0.66,628.28,100.0,0,normal
2026-07-27 12:12:10.697285,25.77,66.27,23.38,6.47,1.16,248.28,40.0,0,normal
2026-10-24 20:12:10.823714,25.49,70.95,24.9,6.25,0.21,636.0,100.0,0,normal
2026-08-29 02:12:10.742275,26.58,78.64,24.91,6.02,0.77,714.44,100.0,0,normal
2026-12-22 03:12:10.911607,25.79,72.77,23.82,6.5,0.37,624.89,100.0,0,normal
2026-10-11 17:12:10.804943,25.63,67.46,24.33,5.76,0.54,911.55,100.0,0,normal
2026-06-09 03:12:11.200784,34.26,45.1,25.0,6.15,0.75,600.0,42.0,1,high_temp
2027-04-10 09:12:11.072544,26.05,73.34,24.69,5.61,0.06,798.84,100.0,0,normal
2026-12-07 22:12:10.890751,22.54,79.24,25.53,6.29,0.78,537.79,40.0,0,normal
2027-04-17 10:12:11.082884,23.21,72.75,24.9,6.59,0.65,756.46,100.0,0,normal
2026-11-20 04:12:10.864451,22.01,74.7,24.65,6.03,0.86,444.01,40.0,0,normal
2026-06-22 15:12:11.205266,23.5,75.0,25.0,4.79,0.75,600.0,60.0,1,ph_acidic
2027-04-30 08:12:11.101076,22.48,80.15,23.96,6.2,0.94,662.28,100.0,0,normal
2027-03-12 20:12:11.029634,25.05,74.51,24.44,6.42,0.49,428.72,40.0,0,normal
2026-09-21 16:12:10.775157,17.0,70.52,24.44,5.55,0.41,355.55,40.0,0,normal
2026-09-01 18:12:10.747098,20.35,72.33,24.77,5.78,0.49,271.39,40.0,0,normal
2027-01-27 23:12:10.963776,18.59,74.38,25.11,5.74,0.71,933.76,100.0,0,normal
2027-05-18 02:12:11.127168,21.47,71.52,26.01,5.77,0.24,611.17,100.0,0,normal
2026-09-11 11:12:10.760573,26.15,80.61,24.25,5.77,0.75,373.14,40.0,0,normal
2026-09-01 00:12:10.746100,18.01,67.37,23.67,6.26,0.45,878.68,100.0,0,normal
2026-05-22 20:12:10.601753,25.18,68.73,24.99,6.29,0.26,574.54,40.0,0,normal
2026-09-13 13:12:10.763781,26.84,75.97,24.53,5.81,0.39,575.42,40.0,0,normal
2027-01-01 22:12:10.928276,26.9,71.68,23.23,6.02,0.71,445.88,40.0,0,normal
2027-01-02 07:12:10.928778,22.75,78.37,25.86,6.6,0.82,639.82,100.0,0,normal
2027-03-29 19:12:11.054389,19.37,74.89,24.62,5.96,0.56,807.88,100.0,0,normal
2026-12-04 03:12:10.884990,24.59,79.7,25.55,6.14,0.64,713.12,100.0,0,normal
2026-12-29 00:12:10.922378,18.68,76.19,25.02,6.7,0.77,524.16,40.0,0,normal
2026-06-24 18:12:10.652291,21.47,78.36,26.43,6.2,0.76,684.85,100.0,0,normal
2027-02-06 04:12:10.976899,21.45,74.57,24.91,5.73,0.66,501.04,40.0,0,normal
2026-08-24 18:12:10.735730,25.2,85.0,26.22,6.02,0.24,962.6,100.0,0,normal
2026-08-10 04:12:10.715605,26.2,68.81,25.57,5.61,0.21,679.27,100.0,0,normal
2026-07-22 07:12:10.689918,20.34,77.13,24.06,6.43,0.45,586.33,40.0,0,normal
2027-04-17 12:12:11.082991,22.96,77.17,25.61,6.21,0.76,862.92,100.0,0,normal
2026-06-21 05:12:11.201908,15.93,75.0,25.0,6.15,0.75,600.0,60.0,1,low_temp
2026-08-30 07:12:10.743856,18.02,68.75,27.0,5.95,0.57,895.73,100.0,0,normal
2026-07-08 15:12:10.671089,18.29,67.36,26.11,6.38,0.86,511.06,40.0,0,normal
2026-08-02 20:12:10.705717,26.92,81.07,24.81,6.64,0.97,709.37,100.0,0,normal
2027-01-14 20:12:10.946108,21.43,65.0,26.23,6.01,0.76,568.38,40.0,0,normal
2026-06-16 16:12:11.203876,23.5,75.0,29.61,6.15,0.75,600.0,50.0,1,overwater
2027-04-16 00:12:11.080807,17.0,76.02,24.17,6.8,0.76,622.47,100.0,0,normal
2027-04-19 01:12:11.085205,21.87,76.33,24.9,6.22,0.35,536.39,40.0,0,normal
2026-09-17 02:12:10.768652,24.65,68.66,24.3,6.06,0.66,837.98,100.0,0,normal
2026-09-29 12:12:10.786862,27.2,79.8,25.31,5.78,0.81,727.58,100.0,0,normal
2026-07-15 15:12:10.680398,20.05,72.34,25.7,6.22,0.25,315.37,40.0,0,normal
2027-06-18 17:12:11.177327,24.6,76.35,26.42,6.36,0.95,840.61,100.0,0,normal
2027-01-08 01:12:10.937074,23.62,68.49,23.29,6.43,0.78,674.53,100.0,0,normal
2027-02-27 10:12:11.008372,18.17,74.61,26.65,6.79,0.52,474.43,40.0,0,normal
2026-06-16 21:12:10.641582,22.81,73.41,24.63,6.54,1.05,638.88,100.0,0,normal
2026-09-11 14:12:10.760733,26.9,67.09,24.33,5.96,0.47,818.02,100.0,0,normal
2026-08-21 16:12:10.731518,22.55,70.86,26.39,6.07,0.69,332.0,40.0,0,normal
2027-02-04 03:12:10.973902,21.55,71.84,26.35,5.92,0.75,962.88,100.0,0,normal
2027-05-24 14:12:11.137473,23.98,77.58,23.95,6.72,0.14,545.13,40.0,0,normal
2026-07-04 15:12:10.665522,27.22,83.42,24.94,5.88,1.44,814.1,100.0,0,normal
2027-01-10 06:12:10.940054,24.89,77.17,26.33,6.31,0.39,811.94,100.0,0,normal
2026-05-25 11:12:11.206114,23.5,75.0,25.0,6.15,0.75,9.59,0.0,1,low_light
2026-10-24 04:12:10.822819,25.87,79.26,25.14,5.99,0.86,718.56,100.0,0,normal
2026-06-22 00:12:10.648438,23.17,83.5,25.17,6.34,0.84,775.09,100.0,0,normal
2026-05-31 07:12:10.616464,24.32,81.3,25.17,5.5,0.53,448.41,40.0,0,normal
2026-09-30 06:12:10.787850,18.87,71.88,25.58,6.24,0.99,816.13,100.0,0,normal
2026-06-17 02:12:10.641857,18.8,66.08,23.8,6.02,0.31,555.7,40.0,0,normal
2027-04-18 22:12:11.085030,21.18,80.21,24.32,5.82,1.18,524.43,40.0,0,normal
2027-04-02 04:12:11.060511,25.66,82.66,23.0,5.88,0.82,437.58,40.0,0,normal
2026-11-28 21:12:10.877241,26.09,81.58,25.77,5.6,0.66,704.04,100.0,0,normal
2027-01-14 10:12:10.945552,19.0,70.42,24.67,5.77,0.39,273.5,40.0,0,normal
2026-10-05 21:12:10.796100,27.87,68.15,25.38,6.1,0.91,428.42,40.0,0,normal
2027-04-02 23:12:11.061747,25.55,77.22,25.86,6.0,0.05,633.85,100.0,0,normal
2026-10-31 18:12:10.833640,27.7,75.46,26.12,5.68,1.1,953.75,100.0,0,normal
2026-07-24 19:12:10.693526,23.49,65.0,24.94,6.35,0.48,681.18,100.0,0,normal
2026-10-10 10:12:10.803098,21.29,77.18,23.78,5.88,0.87,536.28,40.0,0,normal
2026-06-05 18:12:10.624397,23.41,74.38,24.45,6.5,0.17,530.75,40.0,0,normal
2026-09-02 03:12:10.747602,21.51,72.78,24.96,6.09,0.81,783.21,100.0,0,normal
2027-06-20 10:12:11.179916,20.4,70.84,25.13,6.14,0.69,620.93,100.0,0,normal
2027-02-15 18:12:10.991241,24.26,68.49,25.71,6.56,0.8,528.81,40.0,0,normal
2027-02-14 16:12:10.989673,22.48,68.9,23.49,5.9,1.13,532.2,40.0,0,normal
2026-06-01 00:12:10.617580,22.48,77.41,24.37,6.46,1.05,770.46,100.0,0,normal
2026-09-08 10:12:10.755905,27.43,69.34,25.74,5.9,0.42,772.61,100.0,0,normal
2027-06-21 07:12:11.181083,21.71,65.0,24.82,6.05,0.47,690.76,100.0,0,normal
2027-02-14 17:12:10.989727,23.36,77.09,24.47,6.58,1.18,304.74,40.0,0,normal
2026-11-28 02:12:10.876142,22.35,76.25,25.25,6.02,0.83,808.56,100.0,0,normal
2026-09-23 22:12:10.778601,23.1,79.26,25.64,5.86,0.9,656.15,100.0,0,normal
2027-02-14 07:12:10.989154,24.31,71.24,25.79,5.87,0.75,1134.72,100.0,0,normal
2026-11-28 01:12:10.876084,24.06,83.71,24.36,6.3,0.94,379.02,40.0,0,normal
2027-05-15 20:12:11.123481,24.44,75.14,24.24,6.03,0.93,475.84,40.0,0,normal
2026-07-22 16:12:10.690430,30.0,66.82,23.47,5.78,1.12,779.27,100.0,0,normal
2026-07-03 11:12:10.663968,23.04,74.39,24.07,5.61,0.64,449.86,40.0,0,normal
2026-09-27 23:12:10.784703,24.65,85.0,24.76,6.31,0.98,537.26,40.0,0,normal
2027-02-03 13:12:10.973108,28.1,75.33,24.03,5.95,0.88,532.95,40.0,0,normal
2026-10-12 03:12:10.805487,19.92,72.84,24.44,6.65,0.74,712.92,100.0,0,normal
2027-05-10 18:12:11.116467,20.59,71.71,24.65,5.85,0.6,650.37,100.0,0,normal
2026-07-07 00:12:10.668695,17.47,72.33,25.93,6.02,0.38,554.57,40.0,0,normal
2027-05-28 15:12:11.143974,23.82,82.56,24.69,5.99,0.56,392.69,40.0,0,normal
2027-03-16 10:12:11.034911,23.03,70.48,25.55,6.12,0.82,374.79,40.0,0,normal
2027-06-07 13:12:11.158570,25.7,83.29,25.97,5.79,0.32,508.46,40.0,0,normal
2027-03-05 10:12:11.017527,22.46,65.0,24.46,6.54,0.75,360.86,40.0,0,normal
2026-11-24 03:12:10.870294,27.48,80.78,26.81,6.53,1.0,551.87,40.0,0,normal
2026-07-28 19:12:10.699016,23.38,76.16,26.28,6.04,0.96,709.09,100.0,0,normal
2027-02-19 21:12:10.997325,28.73,70.92,23.41,6.12,0.56,619.47,100.0,0,normal
2026-10-12 14:12:10.806128,22.89,76.08,26.2,6.57,0.35,703.92,100.0,0,normal
2026-09-26 06:12:10.782230,23.3,75.14,25.66,5.99,0.21,566.23,40.0,0,normal
2026-09-18 12:12:10.770657,21.23,77.74,24.8,6.13,1.1,910.93,100.0,0,normal
2026-07-20 17:12:10.687643,19.81,74.29,26.58,6.15,0.27,670.17,100.0,0,normal
2026-10-22 13:12:10.820613,25.26,74.48,24.07,6.47,0.24,1131.63,100.0,0,normal
2027-06-15 08:12:11.170959,28.27,75.57,25.53,6.18,1.0,431.49,40.0,0,normal
2027-06-18 09:12:11.176888,25.85,72.22,23.0,6.09,0.95,304.37,40.0,0,normal
2027-06-19 02:12:11.177851,18.26,69.01,25.68,6.5,0.49,320.4,40.0,0,normal
2026-05-31 02:12:10.616188,22.7,67.5,24.91,6.31,0.56,643.11,100.0,0,normal
2026-05-28 10:12:11.204115,23.5,75.0,30.9,6.15,0.75,600.0,50.0,1,overwater
2027-04-17 14:12:11.083097,25.52,69.16,25.52,6.01,1.31,495.01,40.0,0,normal
2027-05-07 19:12:11.112202,26.88,71.91,24.31,6.27,0.8,197.52,40.0,0,normal
2026-07-04 03:12:10.664858,19.32,73.18,25.28,5.91,1.0,772.11,100.0,0,normal
2026-10-26 05:12:10.825741,17.0,81.55,23.0,5.99,0.84,161.49,40.0,0,normal
2027-05-22 20:12:11.134839,23.65,81.69,24.84,6.17,0.72,491.12,40.0,0,normal
2026-08-27 08:12:10.739955,26.3,71.59,23.56,5.92,0.94,378.26,40.0,0,normal
2027-01-04 10:12:10.931763,18.47,79.84,24.61,6.43,0.88,648.61,100.0,0,normal
2026-07-22 19:12:10.690592,27.44,73.91,24.84,5.84,0.9,692.71,100.0,0,normal
2026-06-28 19:12:10.657779,23.33,75.27,24.5,6.34,0.9,655.07,100.0,0,normal
2026-11-22 06:12:10.867665,24.28,71.22,26.89,6.08,0.73,674.1,100.0,0,normal
2027-02-15 09:12:10.990722,25.33,78.32,23.93,6.8,1.2,520.78,40.0,0,normal
2027-01-13 11:12:10.944296,19.85,73.57,25.99,6.22,0.47,597.26,40.0,0,normal
2026-09-14 11:12:10.765112,22.64,69.37,25.13,5.69,0.87,466.03,40.0,0,normal
2026-08-05 06:12:10.708957,17.6,78.24,25.13,6.55,0.86,693.16,100.0,0,normal
2026-11-29 05:12:10.877688,20.01,73.71,24.9,6.47,0.76,976.22,100.0,0,normal
2026-08-18 03:12:10.726668,17.99,80.49,24.86,5.65,0.7,466.79,40.0,0,normal
2026-10-10 22:12:10.803791,25.42,74.33,25.84,6.74,0.85,554.82,40.0,0,normal
2026-09-04 12:12:10.750743,24.58,70.66,24.6,6.32,1.31,506.23,40.0,0,normal
2026-10-13 18:12:10.807856,27.55,71.13,24.83,5.89,0.81,870.41,100.0,0,normal
2026-10-13 14:12:10.807614,21.28,76.53,24.27,5.96,0.73,1005.46,100.0,0,normal
2026-07-19 11:12:10.685665,24.09,77.35,24.68,5.85,0.43,404.45,40.0,0,normal
2026-06-26 13:12:10.654758,25.2,75.13,25.6,6.31,0.62,631.79,100.0,0,normal
2026-09-27 11:12:10.783938,23.57,85.0,24.48,6.23,0.53,415.26,40.0,0,normal
2027-04-21 06:12:11.088450,26.25,83.92,25.27,6.8,0.73,435.43,40.0,0,normal
2027-04-02 03:12:11.060451,28.15,76.33,24.77,6.17,0.41,659.69,100.0,0,normal
2026-10-22 15:12:10.820725,24.07,65.6,24.57,6.02,0.59,610.95,100.0,0,normal
2027-04-14 04:12:11.078172,25.2,71.63,25.41,5.98,0.65,428.7,40.0,0,normal
2027-04-25 20:12:11.094863,25.26,77.01,25.55,5.89,0.71,604.66,100.0,0,normal
2026-12-22 22:12:10.912666,22.56,72.25,26.32,5.88,0.54,617.71,100.0,0,normal
2026-12-11 20:12:10.896624,23.39,73.77,25.85,6.53,0.7,518.45,40.0,0,normal
2027-05-19 11:12:11.129641,27.66,70.98,25.08,6.09,0.98,857.78,100.0,0,normal
2026-12-23 11:12:10.913391,23.57,78.52,24.14,6.58,0.71,456.72,40.0,0,normal
2026-06-22 04:12:10.648661,23.32,72.01,26.01,5.79,0.81,367.3,40.0,0,normal
2026-09-25 11:12:10.781173,23.5,71.97,23.91,6.57,0.95,365.67,40.0,0,normal
2026-06-05 12:12:10.623871,26.17,77.44,25.07,6.11,1.1,741.65,100.0,0,normal
2026-10-08 15:12:10.799946,24.93,69.71,24.63,5.99,1.19,619.89,100.0,0,normal
2026-09-18 09:12:10.770366,21.95,80.04,24.64,6.24,0.48,1115.56,100.0,0,normal
2026-08-20 08:12:10.729624,24.32,77.47,26.46,6.2,0.58,417.8,40.0,0,normal
2027-03-07 16:12:11.021719,20.25,73.73,26.2,6.06,0.69,321.38,40.0,0,normal
2026-10-07 01:12:10.797842,20.07,70.32,25.83,6.32,1.09,163.28,40.0,0,normal
2026-09-14 18:12:10.765510,23.34,74.97,26.27,6.08,0.98,604.43,100.0,0,normal
2026-07-21 02:12:10.688143,22.85,73.95,24.57,5.54,0.36,185.81,40.0,0,normal
2027-05-13 10:12:11.120089,24.48,71.91,25.8,5.92,0.68,581.21,40.0,0,normal
2027-05-20 02:12:11.130667,24.25,76.24,25.72,5.74,0.21,502.96,40.0,0,normal
2026-09-25 04:12:10.780304,21.35,68.91,25.22,6.41,1.07,644.99,100.0,0,normal
2027-01-03 13:12:10.930563,22.31,72.06,24.68,6.12,0.56,603.22,100.0,0,normal
2026-09-02 12:12:10.748086,17.4,75.24,25.9,6.32,1.03,560.63,40.0,0,normal
2026-09-19 03:12:10.771519,22.97,76.88,23.91,5.85,0.0,225.8,40.0,0,normal
2026-11-01 23:12:10.835286,26.19,85.0,25.26,6.32,0.91,567.89,40.0,0,normal
2026-06-22 20:12:10.649614,27.55,74.76,25.79,5.59,0.49,532.48,40.0,0,normal
2027-04-23 06:12:11.091208,26.03,77.72,26.83,6.54,0.58,537.09,40.0,0,normal
2026-07-28 09:12:10.698456,21.57,76.7,26.0,6.13,0.51,797.59,100.0,0,normal
2026-07-11 23:12:10.675523,25.17,71.49,23.23,6.76,0.91,1122.22,100.0,0,normal
2027-05-17 22:12:11.126865,25.44,72.6,25.75,6.32,0.58,555.08,40.0,0,normal
2027-02-23 22:12:11.003363,27.08,71.25,24.64,6.06,0.85,417.26,40.0,0,normal
2026-07-26 17:12:10.696219,24.41,78.0,24.45,6.28,0.69,647.84,100.0,0,normal
2026-11-24 04:12:10.870370,23.6,79.51,24.76,6.07,0.81,352.97,40.0,0,normal
2027-02-10 13:12:10.983721,27.4,74.36,24.07,6.38,0.53,611.62,100.0,0,normal
2026-10-26 14:12:10.826224,21.23,77.89,24.41,6.04,0.74,511.2,40.0,0,normal
2026-11-20 06:12:10.864576,26.04,81.13,25.58,6.35,0.97,421.11,40.0,0,normal
2026-06-20 13:12:10.646514,19.16,67.58,25.58,5.89,0.83,280.0,40.0,0,normal
2026-06-12 06:12:10.634517,28.29,65.0,25.58,6.59,0.86,397.72,40.0,0,normal
2026-09-22 03:12:10.775782,22.35,73.14,24.81,6.15,0.48,473.9,40.0,0,normal
2027-04-07 12:12:11.068537,24.66,70.85,25.15,6.3,0.64,353.16,40.0,0,normal
2027-02-10 01:12:10.983039,20.84,74.67,24.04,6.52,0.72,219.74,40.0,0,normal
2026-11-14 18:12:10.855366,24.06,75.31,24.76,6.43,0.26,401.53,40.0,0,normal
2026-11-05 05:12:10.839877,17.28,79.33,24.96,6.1,0.69,850.72,100.0,0,normal
2027-03-16 08:12:11.034798,27.73,78.32,25.96,6.62,0.77,293.56,40.0,0,normal
2026-12-03 02:12:10.883561,30.0,75.26,24.88,6.8,0.55,811.24,100.0,0,normal
2027-03-02 10:12:11.013026,23.26,85.0,24.83,5.92,0.05,500.97,40.0,0,normal
2026-10-19 15:12:10.816550,20.46,85.0,25.08,6.06,1.08,1043.86,100.0,0,normal
2027-03-22 04:12:11.043164,26.91,72.7,25.22,6.57,0.79,815.23,100.0,0,normal
2026-11-20 18:12:10.865268,19.88,77.28,25.23,5.91,0.75,851.06,100.0,0,normal
2026-11-06 07:12:10.841449,22.45,76.39,25.79,6.4,0.99,824.72,100.0,0,normal
2026-06-20 16:12:10.646675,22.45,78.99,25.82,5.87,0.94,430.45,40.0,0,normal
2027-02-15 21:12:10.991403,22.46,71.79,24.0,6.15,0.74,527.63,40.0,0,normal
2027-06-06 07:12:11.156579,21.32,71.1,24.16,5.52,0.76,773.95,100.0,0,normal
2027-04-28 18:12:11.098950,28.34,78.93,26.19,5.97,0.73,465.74,40.0,0,normal
2026-11-30 23:12:10.880306,22.25,74.4,24.05,6.43,1.43,342.18,40.0,0,normal
2026-06-20 17:12:10.646729,25.48,66.98,24.55,6.31,1.05,396.83,40.0,0,normal
2027-06-05 14:12:11.155646,24.18,74.61,23.88,6.4,0.54,443.08,40.0,0,normal
2026-07-12 22:12:10.676795,22.38,76.05,25.46,6.27,0.49,749.14,100.0,0,normal
2026-05-24 06:12:11.204342,23.5,75.0,25.0,6.15,3.95,600.0,65.68,1,high_salinity
2027-06-17 17:12:11.175462,23.44,81.12,24.53,5.87,0.89,634.31,100.0,0,normal
2027-01-19 10:12:10.952474,30.0,72.91,25.22,6.22,0.15,541.24,40.0,0,normal
2026-06-20 20:12:10.646888,23.36,85.0,25.92,6.06,0.8,535.49,40.0,0,normal
2027-03-16 01:12:11.034236,28.84,74.5,25.12,6.18,1.15,885.9,100.0,0,normal
2026-11-21 02:12:10.865801,22.6,84.13,25.36,6.02,0.94,888.53,100.0,0,normal
2027-03-31 14:12:11.057149,24.28,83.24,24.73,6.33,0.61,589.89,40.0,0,normal
2026-07-01 14:12:11.204460,23.5,75.0,25.0,6.15,3.71,600.0,69.01,1,high_salinity
2026-10-15 06:12:10.810142,24.81,79.33,24.11,5.68,0.49,580.43,40.0,0,normal
2027-04-07 19:12:11.068921,23.29,77.18,23.89,6.3,0.85,716.82,100.0,0,normal
2026-05-30 21:12:10.615911,28.82,65.0,24.42,6.34,0.91,392.58,40.0,0,normal
2027-02-23 17:12:11.003030,24.32,71.97,24.63,6.13,0.72,645.7,100.0,0,normal
2026-11-08 13:12:10.845124,27.51,65.0,25.47,6.8,0.99,408.4,40.0,0,normal
2026-07-03 03:12:10.663532,21.18,73.03,25.35,5.99,0.99,326.7,40.0,0,normal
2026-06-04 12:12:10.622489,24.64,73.14,24.32,6.34,0.72,395.39,40.0,0,normal
2026-10-06 18:12:10.797466,25.14,80.5,25.78,6.02,0.81,531.84,40.0,0,normal
2027-03-18 05:12:11.037407,24.53,78.48,24.09,5.95,1.0,736.09,100.0,0,normal
2026-10-01 05:12:10.789232,21.97,72.09,25.55,6.08,0.5,445.63,40.0,0,normal
2026-06-04 23:12:10.623137,22.43,85.0,25.33,5.87,1.03,385.11,40.0,0,normal
2026-12-26 19:12:10.918017,24.84,66.09,26.01,6.44,0.83,510.0,40.0,0,normal
2026-08-22 03:12:10.732221,23.08,68.45,25.14,6.5,0.57,732.68,100.0,0,normal
2026-11-15 23:12:10.857252,26.15,81.04,25.23,6.06,0.31,560.76,40.0,0,normal
2027-05-22 14:12:11.134466,27.13,74.49,24.89,6.11,0.64,414.99,40.0,0,normal
2026-05-31 18:12:10.617223,17.63,72.0,24.12,5.84,1.29,840.73,100.0,0,normal
2027-05-10 13:12:11.116191,26.72,71.71,25.26,6.23,0.5,1074.26,100.0,0,normal
2027-01-16 00:12:10.947958,25.55,70.86,24.91,6.54,0.99,839.88,100.0,0,normal
2027-01-13 18:12:10.944680,25.72,73.98,25.18,6.14,1.5,814.67,100.0,0,normal
2026-08-27 21:12:10.740681,26.09,73.8,24.77,5.83,1.25,224.98,40.0,0,normal
2026-08-14 21:12:10.722285,23.23,77.36,25.96,6.8,0.73,623.1,100.0,0,normal
2027-03-12 11:12:11.029125,24.45,70.41,24.7,6.42,0.61,321.19,40.0,0,normal
2027-05-16 02:12:11.123835,27.75,75.13,23.98,5.94,0.09,499.98,40.0,0,normal
2027-03-03 14:12:11.014933,26.42,72.72,26.03,6.27,0.93,723.61,100.0,0,normal
2027-05-10 23:12:11.116742,22.71,78.99,23.0,6.2,0.7,538.14,40.0,0,normal
2026-07-21 19:12:10.689246,22.09,76.73,24.77,6.14,1.23,615.5,100.0,0,normal
2027-04-24 17:12:11.093386,21.81,80.75,23.97,5.71,0.87,451.83,40.0,0,normal
2026-09-26 17:12:10.782948,21.2,75.92,24.17,6.0,0.74,787.25,100.0,0,normal
2026-11-12 10:12:10.851762,26.18,74.91,24.32,5.98,1.09,408.3,40.0,0,normal
2026-06-23 07:12:10.650246,21.72,68.72,26.07,5.8,1.5,967.04,100.0,0,normal
2027-01-05 03:12:10.932713,20.6,76.14,25.0,5.67,1.36,783.38,100.0,0,normal
2026-06-27 08:12:10.655814,21.78,76.56,24.49,6.11,0.71,854.16,100.0,0,normal
2027-05-21 11:12:11.132699,26.94,76.3,25.8,6.19,1.33,662.58,100.0,0,normal
2026-07-13 16:12:10.677789,23.23,74.57,25.37,5.95,0.81,193.4,40.0,0,normal
2027-05-27 16:12:11.142560,23.64,83.2,24.23,6.19,1.08,450.74,40.0,0,normal
2027-01-04 07:12:10.931598,18.61,79.46,25.08,5.83,0.45,479.49,40.0,0,normal
2027-02-09 10:12:10.982045,20.15,73.45,24.69,6.03,0.72,179.21,40.0,0,normal
2027-04-26 14:12:11.096004,25.39,76.8,24.28,5.67,1.02,647.98,100.0,0,normal
2027-03-10 09:12:11.025757,18.27,76.77,25.24,6.37,1.01,655.07,100.0,0,normal
2026-07-11 21:12:10.675416,17.18,71.39,24.5,6.35,0.48,734.19,100.0,0,normal
2026-07-21 07:12:10.688593,19.23,74.29,26.91,6.58,0.27,388.33,40.0,0,normal
2026-10-01 17:12:10.789906,25.61,73.85,25.42,5.95,0.67,957.34,100.0,0,normal
2026-06-08 01:12:10.628228,26.88,77.67,25.29,6.46,0.84,495.85,40.0,0,normal
2026-11-04 06:12:10.838592,29.09,85.0,24.59,6.36,0.64,472.15,40.0,0,normal
2026-09-24 22:12:10.779982,24.28,84.31,26.77,6.22,1.04,435.84,40.0,0,normal
2026-08-26 00:12:10.738186,25.09,80.27,24.27,5.85,1.09,389.38,40.0,0,normal
2026-10-31 16:12:10.833530,24.16,80.85,23.0,6.39,0.25,750.3,100.0,0,normal
2026-10-16 02:12:10.811434,17.87,77.48,23.0,6.26,0.18,701.26,100.0,0,normal
2027-02-22 16:12:11.001336,29.36,74.18,24.75,6.53,1.17,764.99,100.0,0,normal
2027-03-07 17:12:11.021773,25.87,77.44,24.0,6.24,0.37,92.63,40.0,0,normal
2026-08-17 22:12:10.726400,26.55,83.02,24.67,6.33,1.5,508.27,40.0,0,normal
2026-12-30 22:12:10.925328,18.88,69.62,25.02,6.21,1.16,596.73,40.0,0,normal
2026-06-30 01:12:11.203200,23.5,75.0,17.81,6.15,2.96,600.0,39.81,1,drought
2026-11-14 10:12:10.854927,23.26,75.81,23.78,6.79,0.73,616.61,100.0,0,normal
2026-05-22 05:12:11.204083,23.5,75.0,29.1,6.15,0.75,600.0,50.0,1,overwater
2026-08-08 09:12:10.713242,21.51,77.86,25.09,6.03,0.23,858.58,100.0,0,normal
2027-05-24 02:12:11.136543,24.11,81.66,24.37,6.17,0.29,735.83,100.0,0,normal
2026-08-02 10:12:10.705166,24.16,72.98,24.56,5.8,0.57,720.39,100.0,0,normal
2027-01-10 14:12:10.940500,28.91,76.7,25.7,6.8,1.02,530.89,40.0,0,normal
2026-11-23 15:12:10.869596,24.06,83.23,23.24,5.7,0.76,549.85,40.0,0,normal
2026-10-02 17:12:10.791367,24.34,73.93,25.78,6.03,0.93,781.8,100.0,0,normal
2027-03-13 02:12:11.029990,21.52,83.47,25.2,6.53,0.29,842.01,100.0,0,normal
2026-08-15 16:12:10.723339,21.04,77.84,26.06,6.32,1.09,712.07,100.0,0,normal
2026-07-31 09:12:10.702437,23.85,78.78,25.29,6.08,0.7,524.72,40.0,0,normal
2027-06-11 13:12:11.164822,26.7,73.65,24.51,5.89,0.87,507.49,40.0,0,normal
2027-03-29 09:12:11.053833,25.56,73.11,24.76,6.17,0.37,792.69,100.0,0,normal
2026-05-27 08:12:11.203553,23.5,75.0,29.4,6.15,0.75,600.0,50.0,1,overwater
2026-10-21 02:12:10.818540,29.81,75.89,24.83,6.15,0.68,1017.7,100.0,0,normal
2026-11-24 09:12:10.870652,23.65,81.0,25.77,6.43,0.78,794.13,100.0,0,normal
2027-04-25 08:12:11.094212,21.85,74.43,23.67,5.95,0.89,483.44,40.0,0,normal
2026-12-23 00:12:10.912787,22.75,78.81,26.02,5.9,0.84,532.19,40.0,0,normal
2027-04-09 05:12:11.071003,23.81,71.54,25.03,5.91,1.01,782.16,100.0,0,normal
2027-04-29 08:12:11.099740,25.46,68.69,24.86,6.21,0.82,518.41,40.0,0,normal
2027-06-05 22:12:11.156096,23.47,74.69,24.57,6.2,0.86,524.71,40.0,0,normal
2027-02-09 12:12:10.982155,21.75,71.44,24.16,5.95,0.89,619.11,100.0,0,normal
2026-10-16 00:12:10.811323,21.0,71.13,27.0,6.22,0.33,584.46,40.0,0,normal
2026-11-29 19:12:10.878494,21.47,75.64,26.55,6.35,0.74,500.38,40.0,0,normal
2027-03-25 16:12:11.048492,25.63,72.08,25.43,6.52,0.61,876.31,100.0,0,normal
2027-02-09 08:12:10.981936,24.18,77.8,24.87,5.6,1.28,714.78,100.0,0,normal
2026-06-22 02:12:10.648547,19.79,65.0,26.19,5.89,0.73,722.8,100.0,0,normal
2026-06-20 15:12:10.646621,23.14,76.19,25.42,6.29,0.88,637.86,100.0,0,normal
2026-06-06 20:12:10.626439,29.06,65.0,25.68,6.02,1.43,385.51,40.0,0,normal
2026-11-22 14:12:10.868113,21.29,75.77,25.73,6.14,0.35,537.7,40.0,0,normal
2026-09-24 12:12:10.779355,26.89,70.43,24.77,6.17,0.02,763.12,100.0,0,normal
2027-05-26 00:12:11.139551,21.5,80.38,24.17,6.3,0.9,279.85,40.0,0,normal
2027-03-15 22:12:11.034077,26.28,78.1,23.05,6.44,0.39,718.03,100.0,0,normal
2026-11-13 21:12:10.854164,24.65,72.52,26.8,6.0,0.38,776.88,100.0,0,normal
2026-11-10 22:12:10.848908,26.31,66.53,24.34,6.19,0.6,742.06,100.0,0,normal
2026-06-09 07:12:11.201070,33.74,41.7,25.0,6.15,0.75,600.0,42.0,1,high_temp
2026-11-24 20:12:10.871291,24.28,67.91,24.93,6.14,1.27,565.48,40.0,0,normal
2026-10-16 06:12:10.811654,22.75,72.61,25.12,5.7,0.29,453.65,40.0,0,normal
2026-09-08 04:12:10.755583,24.01,82.66,23.43,5.9,1.17,555.69,40.0,0,normal
2027-05-24 05:12:11.136910,21.79,73.43,24.92,6.33,0.34,525.18,40.0,0,normal
2027-03-24 04:12:11.046495,27.42,66.29,25.41,6.58,0.49,305.02,40.0,0,normal
2027-05-07 21:12:11.112308,26.18,73.63,27.0,5.99,0.61,362.57,40.0,0,normal
2026-07-15 18:12:10.680561,24.11,77.93,24.98,6.2,1.04,830.32,100.0,0,normal
2026-11-23 00:12:10.868711,19.1,75.15,24.43,6.29,0.83,717.78,100.0,0,normal
2026-08-16 06:12:10.724205,23.46,80.36,24.34,6.58,0.69,739.14,100.0,0,normal
2026-09-23 07:12:10.777634,24.19,81.4,26.19,5.97,0.63,797.99,100.0,0,normal
2027-01-24 04:12:10.958764,23.7,65.0,25.2,6.15,0.83,465.38,40.0,0,normal
2027-05-20 01:12:11.130545,17.48,72.35,23.74,5.6,0.63,849.24,100.0,0,normal
2026-07-14 14:12:10.679004,24.26,65.0,25.19,6.63,0.85,569.68,40.0,0,normal
2026-11-20 12:12:10.864917,24.65,67.75,23.95,6.29,0.65,274.51,40.0,0,normal
2026-11-19 12:12:10.863481,21.93,73.66,24.0,6.53,0.15,719.72,100.0,0,normal
2026-07-17 06:12:10.682617,23.74,73.14,25.71,6.33,0.42,853.84,100.0,0,normal
2026-09-07 20:12:10.755135,24.7,78.16,24.58,6.11,0.92,1124.34,100.0,0,normal
2027-06-21 12:12:11.181353,25.46,80.21,23.68,6.23,0.27,659.26,100.0,0,normal
2026-10-14 23:12:10.809747,22.83,71.76,24.95,6.8,1.17,469.98,40.0,0,normal
2026-08-22 14:12:10.732838,29.56,76.78,25.7,5.62,0.5,575.06,40.0,0,normal
2026-06-08 20:12:10.629341,22.13,83.2,25.4,6.28,0.69,820.36,100.0,0,normal
2026-06-18 06:12:10.643470,25.78,72.82,24.85,6.55,0.64,674.24,100.0,0,normal
2027-04-20 12:12:11.087455,17.99,75.22,23.0,6.19,0.68,773.56,100.0,0,normal
2026-11-05 03:12:10.839768,30.0,70.19,25.75,6.38,0.57,798.73,100.0,0,normal
2027-04-09 06:12:11.071057,24.82,81.64,24.37,6.25,0.51,824.3,100.0,0,normal
2026-10-04 06:12:10.793776,21.49,81.75,25.72,6.32,0.77,509.22,40.0,0,normal
2026-12-05 11:12:10.887149,22.64,70.38,24.34,6.3,0.91,625.33,100.0,0,normal
2027-03-20 11:12:11.040549,17.62,71.92,24.34,6.29,0.8,821.47,100.0,0,normal
2026-11-08 19:12:10.845508,21.94,80.6,24.71,6.18,1.03,795.6,100.0,0,normal
2026-11-08 20:12:10.845569,20.1,65.44,24.74,6.05,1.32,888.81,100.0,0,normal
2027-04-30 17:12:11.101672,27.6,67.5,25.02,6.53,1.13,962.19,100.0,0,normal
2026-06-16 12:12:10.641047,21.42,79.85,24.52,6.14,1.33,532.02,40.0,0,normal
2027-02-04 01:12:10.973782,24.6,75.08,26.43,5.8,1.33,342.0,40.0,0,normal
2027-05-20 16:12:11.131621,27.49,79.89,25.8,5.64,0.47,604.16,100.0,0,normal
2026-10-20 20:12:10.818214,25.13,69.7,23.0,6.07,0.87,767.34,100.0,0,normal
2026-07-25 08:12:10.694267,22.72,71.6,25.66,6.22,0.88,445.1,40.0,0,normal
2026-10-20 16:12:10.817979,29.9,77.48,25.04,6.35,0.6,655.96,100.0,0,normal
2026-10-29 13:12:10.830386,25.86,79.69,26.2,6.07,0.45,777.17,100.0,0,normal
2026-06-14 03:12:10.637337,22.64,73.56,24.39,6.59,0.32,800.84,100.0,0,normal
2026-11-06 18:12:10.842083,21.15,74.87,25.07,6.24,0.84,494.17,40.0,0,normal
2026-06-12 08:12:10.634627,21.54,66.22,24.0,6.15,0.81,698.33,100.0,0,normal
2026-10-02 15:12:10.791261,26.91,75.4,25.22,6.8,1.0,728.13,100.0,0,normal
2026-06-22 22:12:11.203792,23.5,75.0,31.44,6.15,0.75,600.0,50.0,1,overwater
2026-07-01 08:12:10.661139,22.75,69.37,25.87,6.25,0.99,775.23,100.0,0,normal
2027-01-28 18:12:10.964827,23.14,72.15,24.85,6.24,0.43,551.08,40.0,0,normal
2027-03-04 13:12:11.016322,22.28,84.95,25.46,5.72,0.48,241.1,40.0,0,normal
2027-02-28 05:12:11.009727,19.99,70.6,25.45,6.12,0.86,782.79,100.0,0,normal
2027-04-29 11:12:11.099914,21.55,77.73,25.19,5.69,0.47,776.37,100.0,0,normal
2026-10-29 05:12:10.829942,22.92,68.57,24.25,6.74,0.55,867.41,100.0,0,normal
2026-10-11 21:12:10.805159,24.6,74.37,25.83,6.1,0.93,537.81,40.0,0,normal
2026-11-15 15:12:10.856783,26.0,69.21,24.87,6.63,0.82,316.72,40.0,0,normal
2027-02-21 06:12:10.999297,21.09,73.5,25.89,5.91,0.81,256.51,40.0,0,normal
2026-08-17 01:12:10.725254,20.87,77.21,26.06,5.92,0.37,538.31,40.0,0,normal
2026-06-20 22:12:11.206466,33.89,75.0,13.38,6.15,3.22,600.0,22.79,1,combined_stress
2027-02-02 17:12:10.971819,26.75,68.2,25.79,6.0,1.13,283.95,40.0,0,normal
2026-10-02 19:12:10.791474,21.97,85.0,24.14,6.31,0.66,530.76,40.0,0,normal
2026-10-21 15:12:10.819375,26.97,77.36,25.57,6.34,0.38,442.1,40.0,0,normal
2027-01-17 05:12:10.949567,21.54,73.11,26.94,6.8,1.15,369.35,40.0,0,normal
2026-07-07 06:12:10.669029,26.39,78.58,24.97,6.39,0.83,463.82,40.0,0,normal
2026-06-26 05:12:11.201544,35.12,59.94,25.0,6.15,0.75,600.0,0.0,1,high_temp
2027-03-24 15:12:11.047118,24.28,66.07,23.73,5.95,1.21,528.87,40.0,0,normal
2026-07-04 07:12:10.665075,24.11,83.35,23.58,6.37,0.74,510.3,40.0,0,normal
2026-07-10 19:12:10.673969,22.42,78.01,26.46,6.18,0.48,788.24,100.0,0,normal
2027-05-13 09:12:11.120036,25.67,76.06,23.0,5.96,1.16,705.44,100.0,0,normal
2027-05-21 08:12:11.132532,23.91,74.97,24.31,6.32,0.92,540.32,40.0,0,normal
2026-08-18 11:12:10.727120,23.77,75.47,23.82,6.18,0.69,681.36,100.0,0,normal
2026-11-23 22:12:10.870003,28.86,72.79,24.58,6.24,0.52,697.96,100.0,0,normal
2027-05-30 19:12:11.147458,21.93,70.9,25.11,5.5,0.3,269.43,40.0,0,normal
2026-12-07 08:12:10.889910,23.68,67.24,26.43,5.88,0.71,796.77,100.0,0,normal
2026-06-29 23:12:10.659316,20.69,71.73,25.7,6.03,0.52,905.57,100.0,0,normal
2026-11-07 20:12:10.844083,25.61,79.48,23.72,6.01,0.47,768.92,100.0,0,normal
2026-12-03 08:12:10.883907,19.63,71.53,23.52,6.21,0.33,932.61,100.0,0,normal
2026-06-07 11:12:10.627426,24.73,74.33,24.32,5.79,0.86,537.3,40.0,0,normal
2026-10-10 00:12:10.802295,26.06,77.41,24.3,5.84,0.33,459.56,40.0,0,normal
2027-02-07 03:12:10.978334,25.29,70.27,24.75,5.85,1.07,492.26,40.0,0,normal
2027-06-07 19:12:11.158946,28.32,65.6,24.87,5.89,0.86,591.99,40.0,0,normal
2027-06-15 00:12:11.169863,25.47,83.96,25.86,5.89,0.47,512.87,40.0,0,normal
2026-06-09 12:12:11.206067,23.5,75.0,25.0,6.15,0.75,12.41,0.0,1,low_light
2026-08-21 08:12:10.731091,28.34,68.8,25.01,6.19,0.75,203.64,40.0,0,normal
2026-07-15 02:12:10.679671,26.21,71.26,24.1,5.79,0.84,234.4,40.0,0,normal
2027-02-13 22:12:10.988502,23.93,80.95,24.9,6.4,0.6,795.63,100.0,0,normal
2026-07-09 11:12:10.672218,23.25,78.58,24.75,5.96,0.89,374.84,40.0,0,normal
2026-11-15 06:12:10.856217,21.32,82.69,24.75,5.82,1.5,556.56,40.0,0,normal
2026-12-21 19:12:10.911173,26.11,74.25,24.76,6.41,0.29,205.61,40.0,0,normal
2026-07-24 16:12:10.693357,21.19,71.42,25.08,5.85,0.68,645.37,100.0,0,normal
2026-11-18 22:12:10.862654,20.84,74.0,24.81,6.28,0.84,415.47,40.0,0,normal
2026-08-14 15:12:10.721942,28.1,74.46,25.22,6.16,0.73,685.81,100.0,0,normal
2026-09-26 13:12:10.782733,26.45,66.87,25.75,5.93,0.78,528.01,40.0,0,normal
2026-05-24 11:12:10.604179,25.44,79.41,23.34,5.99,0.83,714.72,100.0,0,normal
2026-08-30 06:12:10.743803,25.03,71.86,24.44,6.33,1.02,611.42,100.0,0,normal
2026-11-24 14:12:10.870936,22.24,78.32,24.33,6.12,1.05,1011.17,100.0,0,normal
2027-04-27 15:12:11.097414,24.75,81.95,23.42,6.45,0.51,339.15,40.0,0,normal
2027-06-18 21:12:11.177574,23.38,78.39,25.72,6.63,0.68,788.75,100.0,0,normal
2026-11-16 10:12:10.857927,27.0,78.04,23.85,6.07,0.99,742.37,100.0,0,normal
2026-12-25 05:12:10.915725,23.15,73.33,24.36,6.35,0.83,635.3,100.0,0,normal
2027-01-28 04:12:10.964046,25.08,77.12,25.55,6.09,1.0,595.74,40.0,0,normal
2026-08-04 05:12:10.707563,26.38,80.14,25.46,6.68,0.53,430.01,40.0,0,normal
2027-05-27 23:12:11.143054,21.87,78.86,23.8,6.22,1.09,977.93,100.0,0,normal
2026-11-29 21:12:10.878604,23.22,84.1,24.43,6.16,0.35,386.51,40.0,0,normal
2026-11-03 01:12:10.836754,21.57,70.81,25.73,6.19,0.52,1050.04,100.0,0,normal
2026-06-19 05:12:10.644735,25.63,70.86,23.37,6.1,0.71,775.92,100.0,0,normal
2026-06-22 01:12:11.204915,23.5,75.0,25.0,6.15,7.13,600.0,21.24,1,high_salinity
2027-03-27 10:12:11.051175,22.41,73.64,25.56,6.15,1.09,263.79,40.0,0,normal
2027-05-25 15:12:11.139047,30.0,75.66,25.69,5.92,0.55,617.96,100.0,0,normal
2027-06-21 17:12:11.181642,24.7,74.54,25.61,6.16,0.44,384.68,40.0,0,normal
2026-09-12 21:12:10.762452,25.16,74.66,23.0,5.96,0.93,454.55,40.0,0,normal
2027-02-20 18:12:10.998607,19.83,71.4,24.56,6.26,0.29,583.6,40.0,0,normal
2026-09-13 19:12:10.764104,25.42,74.55,23.0,5.85,0.71,639.46,100.0,0,normal
2026-08-27 10:12:10.740065,21.95,77.54,26.15,6.22,0.53,217.49,40.0,0,normal
2027-05-07 02:12:11.111131,23.14,75.8,25.58,6.29,1.0,703.62,100.0,0,normal
2027-04-09 04:12:11.070950,21.82,79.6,26.28,6.54,0.72,1059.01,100.0,0,normal
2027-05-29 14:12:11.145410,24.26,77.11,25.49,6.17,0.8,663.13,100.0,0,normal
2026-12-26 13:12:10.917554,23.97,80.7,24.23,5.95,0.49,411.23,40.0,0,normal
2026-06-27 03:12:10.655541,23.94,70.27,23.0,6.18,0.66,918.75,100.0,0,normal
2026-11-22 00:12:10.867142,27.49,67.33,25.84,6.8,1.38,557.23,40.0,0,normal
2027-06-18 07:12:11.176768,26.43,81.33,25.4,6.66,0.67,794.93,100.0,0,normal
2026-11-28 06:12:10.876366,30.0,75.34,26.95,5.84,0.92,128.69,40.0,0,normal
2027-02-13 21:12:10.988448,28.35,77.51,26.04,5.95,0.96,696.42,100.0,0,normal
2026-09-24 03:12:10.778869,20.33,79.57,26.39,5.75,0.81,589.2,40.0,0,normal
2026-08-22 18:12:10.733051,24.27,71.38,24.03,6.5,0.67,848.4,100.0,0,normal
2027-06-03 06:12:11.152405,29.57,78.69,25.14,6.34,0.74,403.04,40.0,0,normal
2026-12-09 01:12:10.892498,22.57,73.11,25.97,5.98,0.55,471.8,40.0,0,normal
2027-04-04 11:12:11.064017,26.27,80.47,24.66,6.01,0.53,887.1,100.0,0,normal
2026-06-05 18:12:11.203275,23.5,75.0,17.11,6.15,1.82,600.0,47.74,1,drought
2027-02-25 05:12:11.005251,28.94,78.89,24.21,6.22,0.72,581.98,40.0,0,normal
2026-06-24 03:12:11.203417,23.5,75.0,17.72,6.15,1.66,600.0,48.85,1,drought
2027-05-10 04:12:11.115459,24.22,71.89,24.23,6.61,0.48,890.99,100.0,0,normal
2026-11-25 19:12:10.872621,30.0,66.17,25.56,6.43,0.55,479.27,40.0,0,normal
2026-07-11 11:12:10.674862,21.33,78.68,23.05,5.98,1.15,630.01,100.0,0,normal
2027-02-17 00:12:10.993204,22.17,73.94,24.88,5.82,0.84,517.55,40.0,0,normal
2026-08-25 09:12:10.736561,22.05,75.26,25.09,5.69,0.7,854.14,100.0,0,normal
2026-08-21 00:12:10.730627,21.04,77.67,25.26,6.41,0.66,601.62,100.0,0,normal
2026-09-18 07:12:10.770238,22.86,85.0,25.22,6.18,0.6,886.91,100.0,0,normal
2027-03-03 19:12:11.015201,23.13,73.99,25.14,5.72,0.73,834.68,100.0,0,normal
2026-08-28 11:12:10.741455,23.6,68.5,26.61,6.19,0.15,557.99,40.0,0,normal
2027-05-09 13:12:11.114625,20.41,67.89,25.58,6.05,1.2,830.52,100.0,0,normal
2026-12-04 18:12:10.886203,27.3,65.0,24.11,5.6,0.64,1009.66,100.0,0,normal
2027-03-27 16:12:11.051503,22.97,75.43,26.05,6.13,0.49,750.64,100.0,0,normal
2026-06-16 20:12:11.205531,23.5,75.0,25.0,7.78,0.75,600.0,60.0,1,ph_alkaline
2026-06-16 18:12:10.641394,25.76,75.29,25.3,6.26,0.97,797.33,100.0,0,normal
2026-10-05 18:12:10.795922,22.77,79.31,25.55,6.16,1.01,770.88,100.0,0,normal
2026-12-25 17:12:10.916422,30.0,76.69,27.0,6.28,0.77,389.12,40.0,0,normal
2026-10-10 13:12:10.803269,29.25,78.95,24.38,6.1,0.59,1096.36,100.0,0,normal
2026-09-26 18:12:10.783001,22.28,79.41,25.1,6.0,1.5,601.96,100.0,0,normal
2026-06-22 23:12:10.649784,18.34,70.4,23.85,5.91,0.35,286.18,40.0,0,normal
2026-12-09 13:12:10.893228,24.18,77.53,24.79,6.07,0.74,589.28,40.0,0,normal
2026-12-27 22:12:10.920313,23.92,77.84,24.03,5.5,0.55,829.98,100.0,0,normal
2026-11-10 21:12:10.848851,24.28,73.68,26.3,6.52,1.22,606.34,100.0,0,normal
2026-07-08 17:12:10.671209,22.32,81.51,26.88,6.09,1.0,608.23,100.0,0,normal
2026-11-10 12:12:10.848346,21.72,74.97,25.81,6.55,0.71,600.11,100.0,0,normal
2027-05-10 12:12:11.116134,25.35,74.84,23.21,6.42,0.73,471.14,40.0,0,normal
2026-06-10 07:12:10.631492,24.2,72.25,25.65,5.64,0.78,655.41,100.0,0,normal
2026-09-21 05:12:10.774559,23.38,70.75,25.7,6.19,0.8,841.06,100.0,0,normal
2026-12-05 03:12:10.886718,26.4,74.63,25.77,6.62,0.83,509.12,40.0,0,normal
2026-05-24 05:12:11.202232,23.5,75.0,15.47,6.15,2.48,600.0,43.12,1,drought
2027-02-08 19:12:10.981198,20.9,73.84,24.69,6.37,1.19,887.34,100.0,0,normal
2026-12-03 17:12:10.884432,20.87,75.13,23.45,6.72,0.79,954.71,100.0,0,normal
2026-12-28 19:12:10.922074,28.09,78.32,24.59,6.21,0.3,832.74,100.0,0,normal
2027-06-03 16:12:11.153029,23.13,83.98,23.0,5.91,0.88,429.3,40.0,0,normal
2026-10-05 19:12:10.795975,23.4,78.74,25.62,6.34,0.97,515.71,40.0,0,normal
2026-09-06 07:12:10.753105,23.66,78.33,24.39,5.86,1.05,567.27,40.0,0,normal
2026-11-24 17:12:10.871120,23.91,69.18,25.23,6.74,0.69,621.4,100.0,0,normal
2027-04-04 08:12:11.063857,21.44,80.69,24.97,6.6,0.66,662.82,100.0,0,normal
2026-06-25 13:12:10.653427,27.2,80.1,25.04,6.28,0.6,459.72,40.0,0,normal
2026-06-09 00:12:11.201735,15.26,75.0,25.0,6.15,0.75,600.0,60.0,1,low_temp
2027-04-03 13:12:11.062528,21.86,82.26,24.24,6.38,0.54,460.63,40.0,0,normal
2026-09-04 21:12:10.751240,20.06,72.51,25.55,5.93,0.22,485.44,40.0,0,normal
2027-02-27 09:12:11.008317,22.08,78.88,26.88,5.9,0.78,515.79,40.0,0,normal
2027-05-12 04:12:11.118379,21.3,65.0,25.7,5.95,1.4,525.36,40.0,0,normal
2026-06-06 13:12:11.201228,36.79,50.9,25.0,6.15,0.75,600.0,0.0,1,high_temp
2027-03-08 03:12:11.022331,24.97,70.52,25.36,5.89,1.36,403.86,40.0,0,normal
2027-03-30 08:12:11.055194,26.43,66.23,24.8,6.21,0.85,812.82,100.0,0,normal
2027-02-12 15:12:10.986755,23.01,78.48,24.41,6.77,0.65,766.28,100.0,0,normal
2026-05-22 21:12:10.601807,23.35,73.71,26.45,6.07,0.13,794.28,100.0,0,normal
2026-08-09 20:12:10.715172,21.18,75.04,25.73,6.07,0.55,858.87,100.0,0,normal
2027-02-19 18:12:10.997129,30.0,80.24,25.63,6.3,0.47,406.37,40.0,0,normal
2026-12-14 14:12:10.900596,26.73,67.09,25.98,5.75,1.0,343.03,40.0,0,normal
2026-08-13 21:12:10.720930,22.62,68.14,23.92,5.78,0.61,901.23,100.0,0,normal
2027-01-02 04:12:10.928611,20.28,72.61,23.42,6.26,1.01,596.94,40.0,0,normal
2026-07-15 00:12:10.679562,22.54,73.5,24.39,6.1,1.5,892.53,100.0,0,normal
2027-03-20 01:12:11.039987,26.29,72.94,25.31,6.37,1.05,489.0,40.0,0,normal
2026-06-15 16:12:10.639903,21.94,77.89,25.1,6.2,0.87,616.19,100.0,0,normal
2026-07-19 15:12:10.685995,23.71,77.19,24.15,5.79,0.74,520.76,40.0,0,normal
2026-05-31 06:12:10.616409,28.44,70.05,25.9,6.46,0.87,395.75,40.0,0,normal
2027-01-11 00:12:10.941057,25.53,67.74,24.49,6.35,0.6,684.65,100.0,0,normal
2027-03-05 12:12:11.017633,22.25,79.45,25.11,6.32,1.0,253.19,40.0,0,normal
2026-11-22 02:12:10.867251,25.01,68.26,23.45,6.31,0.19,976.57,100.0,0,normal
2026-06-26 19:12:10.655089,27.15,75.5,23.13,6.0,0.8,573.76,40.0,0,normal
2026-08-04 08:12:10.707725,23.88,77.23,27.0,6.16,0.45,819.42,100.0,0,normal
2027-06-08 04:12:11.159460,25.64,76.08,24.61,6.04,0.66,377.18,40.0,0,normal
2026-12-02 01:12:10.881922,22.26,69.0,23.55,6.18,0.77,659.14,100.0,0,normal
2026-08-11 11:12:10.717329,22.53,77.8,23.77,6.04,0.46,668.92,100.0,0,normal
2026-08-02 19:12:10.705661,29.1,65.0,26.14,5.67,1.02,655.14,100.0,0,normal
2026-09-29 13:12:10.786916,24.43,75.74,25.13,5.97,0.79,412.89,40.0,0,normal
2027-04-21 18:12:11.089105,23.52,70.0,26.1,5.82,0.54,695.49,100.0,0,normal
2027-04-25 05:12:11.094036,19.4,83.19,26.74,6.09,1.5,331.74,40.0,0,normal
2026-07-02 11:12:10.662639,21.11,65.42,26.98,6.42,1.35,281.21,40.0,0,normal
2027-03-28 09:12:11.052452,25.26,73.5,27.0,5.79,0.53,633.64,100.0,0,normal
2026-06-21 11:12:10.647727,25.45,68.39,26.9,6.44,0.59,620.35,100.0,0,normal
2026-11-02 10:12:10.835907,19.63,67.18,26.27,5.79,0.78,934.51,100.0,0,normal
2027-05-07 09:12:11.111520,23.1,68.81,26.39,5.5,0.84,612.19,100.0,0,normal
2027-03-01 20:12:11.012121,26.49,80.75,24.37,6.01,0.98,590.42,40.0,0,normal
2026-10-15 05:12:10.810087,22.89,65.58,23.0,6.62,0.53,774.68,100.0,0,normal
2026-10-08 18:12:10.800106,26.72,68.53,25.77,6.21,0.88,785.29,100.0,0,normal
2026-09-03 18:12:10.749748,21.15,80.51,25.54,6.19,1.04,320.73,40.0,0,normal
2027-06-04 10:12:11.154057,21.46,83.06,25.11,6.62,1.16,621.8,100.0,0,normal
2026-10-22 09:12:10.820395,23.18,69.34,26.5,5.81,0.94,456.09,40.0,0,normal
2026-06-10 10:12:10.631658,23.42,75.6,25.17,6.3,0.0,795.4,100.0,0,normal
2027-05-12 17:12:11.119117,21.09,74.46,25.35,6.52,1.11,373.26,40.0,0,normal
2027-02-27 13:12:11.008792,22.35,78.59,24.72,5.71,0.74,825.5,100.0,0,normal
2027-04-19 21:12:11.086604,24.72,70.5,25.91,6.02,0.63,487.78,40.0,0,normal
2026-05-28 14:12:10.611951,19.01,74.99,23.71,5.96,0.7,615.25,100.0,0,normal
2027-03-27 18:12:11.051610,24.23,76.75,24.45,6.41,0.71,419.64,40.0,0,normal
2027-03-04 02:12:11.015578,27.21,69.6,25.46,6.37,0.74,602.0,100.0,0,normal
2027-06-11 15:12:11.165101,21.21,68.82,26.69,6.11,1.17,865.01,100.0,0,normal
2026-05-29 18:12:10.614198,23.96,73.17,25.2,6.48,0.81,496.05,40.0,0,normal
2026-07-02 19:12:10.663081,25.09,71.01,24.16,6.27,1.24,666.4,100.0,0,normal
2026-06-15 22:12:11.200836,32.02,40.53,25.0,6.15,0.75,600.0,42.0,1,high_temp
2027-02-12 03:12:10.985911,19.7,73.42,25.77,6.42,0.79,416.41,40.0,0,normal
2026-06-07 17:12:10.627765,24.98,80.73,25.08,6.28,0.63,460.28,40.0,0,normal
2026-06-29 16:12:11.205880,23.5,75.0,25.0,8.24,0.75,600.0,60.0,1,ph_alkaline
2026-06-12 04:12:11.205599,23.5,75.0,25.0,7.69,0.75,600.0,60.0,1,ph_alkaline
2027-03-01 07:12:11.011381,25.4,82.27,25.84,5.75,0.3,664.45,100.0,0,normal
2026-06-28 11:12:11.203479,23.5,75.0,34.28,6.15,0.75,600.0,0.0,1,overwater
2026-11-11 19:12:10.850615,27.63,72.83,25.16,6.74,0.53,525.95,40.0,0,normal
2027-04-24 02:12:11.092481,26.65,82.41,24.19,6.4,0.97,758.62,100.0,0,normal
2027-03-31 20:12:11.057940,28.45,81.18,24.99,5.92,0.44,555.22,40.0,0,normal
2026-06-07 01:12:11.204385,23.5,75.0,25.0,6.15,3.52,600.0,71.76,1,high_salinity
2026-07-13 03:12:10.677084,24.37,72.79,25.02,6.18,1.4,579.21,40.0,0,normal
2026-09-30 00:12:10.787529,22.5,75.28,25.32,5.67,0.45,639.01,100.0,0,normal
2027-02-02 19:12:10.971937,26.8,83.82,25.34,6.22,1.02,829.86,100.0,0,normal
2026-05-24 12:12:10.604235,25.03,69.45,25.75,6.47,0.5,891.05,100.0,0,normal
2027-04-14 05:12:11.078242,17.0,77.31,25.89,6.23,0.7,488.03,40.0,0,normal
2026-07-07 10:12:10.669248,29.14,73.49,24.57,5.84,0.58,621.37,100.0,0,normal
2026-09-26 10:12:10.782460,20.39,80.26,24.84,6.15,0.76,500.37,40.0,0,normal
2027-01-22 20:12:10.956988,25.49,69.11,23.69,5.78,0.95,602.25,100.0,0,normal
2026-07-16 09:12:10.681392,26.48,65.0,24.52,5.88,0.63,317.63,40.0,0,normal
2027-05-05 09:12:11.108540,23.17,76.59,25.19,6.47,0.57,403.62,40.0,0,normal
2027-04-04 20:12:11.064524,26.23,71.22,24.0,6.43,1.32,647.62,100.0,0,normal
2026-08-16 09:12:10.724367,23.52,80.69,27.0,6.46,1.41,288.98,40.0,0,normal
2026-12-07 16:12:10.890368,23.17,76.27,25.84,6.13,1.01,325.76,40.0,0,normal
2026-12-18 14:12:10.906676,25.4,75.56,24.8,5.77,0.69,536.05,40.0,0,normal
2026-06-05 03:12:11.202308,23.5,75.0,11.32,6.15,2.23,600.0,0.0,1,drought
2027-01-04 23:12:10.932500,24.97,76.48,23.27,5.9,0.5,709.19,100.0,0,normal
2027-05-21 14:12:11.132878,20.49,75.89,23.68,5.82,0.95,937.1,100.0,0,normal
2027-01-23 17:12:10.958146,22.85,73.2,25.3,5.71,0.83,559.33,40.0,0,normal
2026-07-25 15:12:10.694649,22.29,68.68,25.48,5.5,0.71,715.72,100.0,0,normal
2026-07-03 02:12:10.663478,19.95,75.97,26.25,6.39,1.15,367.4,40.0,0,normal
2027-05-05 04:12:11.108252,26.69,73.71,23.14,5.82,0.7,17.3,0.0,0,normal
2026-11-25 18:12:10.872564,21.36,75.34,24.39,5.5,1.05,1068.38,100.0,0,normal
2027-01-26 12:12:10.961843,20.83,72.62,25.6,6.38,0.77,676.35,100.0,0,normal
2026-12-13 04:12:10.898524,25.56,75.82,25.03,6.15,0.58,506.84,40.0,0,normal
2027-02-08 10:12:10.980196,26.5,74.91,23.93,6.45,0.71,572.63,40.0,0,normal
2026-09-30 05:12:10.787797,20.79,78.61,24.75,6.23,0.33,782.56,100.0,0,normal
2026-09-04 00:12:10.750070,26.62,70.17,26.08,6.13,1.03,745.45,100.0,0,normal
2026-09-29 08:12:10.786644,18.04,75.94,27.0,6.07,0.19,581.67,40.0,0,normal
2027-01-20 17:12:10.954170,27.82,71.35,23.46,5.82,0.24,506.57,40.0,0,normal
2026-06-24 06:12:11.203771,23.5,75.0,32.05,6.15,0.75,600.0,0.0,1,overwater
2026-07-10 20:12:10.674023,22.94,67.65,25.24,6.19,0.81,946.82,100.0,0,normal
2027-06-03 00:12:11.152037,21.51,73.02,24.79,5.99,0.26,817.95,100.0,0,normal
2026-06-27 16:12:10.656249,26.2,67.12,25.53,6.14,0.39,179.66,40.0,0,normal
2027-06-08 10:12:11.160090,23.88,79.15,24.64,6.0,1.18,218.04,40.0,0,normal
2026-09-02 16:12:10.748321,20.83,74.43,24.05,6.29,0.73,408.23,40.0,0,normal
2026-09-17 09:12:10.769027,17.0,74.03,26.0,6.01,0.96,859.44,100.0,0,normal
2026-11-18 09:12:10.861640,22.89,81.33,26.16,6.37,0.54,578.06,40.0,0,normal
2026-09-21 03:12:10.774448,30.0,77.54,23.85,5.82,0.77,466.18,40.0,0,normal
2027-02-13 15:12:10.988121,23.52,81.69,25.07,5.5,0.92,628.02,100.0,0,normal
2026-09-02 14:12:10.748195,22.92,75.83,24.55,6.45,0.64,469.44,40.0,0,normal
2027-03-21 11:12:11.041961,20.09,74.68,24.56,5.79,0.6,654.46,100.0,0,normal
2026-06-27 20:12:10.656504,23.54,75.91,26.84,6.48,0.94,548.51,40.0,0,normal
2027-02-27 22:12:11.009323,21.71,70.09,25.85,6.62,0.6,598.41,40.0,0,normal
2027-06-09 22:12:11.162557,26.65,67.02,26.23,6.15,0.62,315.97,40.0,0,normal
2026-11-01 20:12:10.835121,26.86,68.53,24.48,6.46,0.7,705.77,100.0,0,normal
2026-05-30 20:12:10.615856,29.39,74.53,24.68,5.81,0.91,1009.08,100.0,0,normal
2026-08-24 20:12:10.735838,28.01,74.18,24.16,6.38,0.89,749.06,100.0,0,normal
2026-08-27 01:12:10.739583,18.46,67.88,24.05,6.32,1.04,319.14,40.0,0,normal
2026-10-26 23:12:10.826739,23.75,85.0,24.64,6.42,0.51,34.34,40.0,0,normal
2026-12-19 18:12:10.908326,26.22,80.54,24.38,6.05,1.16,492.12,40.0,0,normal
2026-06-02 11:12:11.204989,23.5,75.0,25.0,4.07,0.75,600.0,0.0,1,ph_acidic
2027-04-18 17:12:11.084755,24.93,70.75,25.75,5.98,0.79,834.33,100.0,0,normal
2026-07-20 23:12:10.687977,20.14,73.15,24.86,5.92,0.72,351.34,40.0,0,normal
2026-06-10 12:12:10.631769,24.87,71.93,24.22,6.07,1.12,335.64,40.0,0,normal
2027-01-04 17:12:10.932173,18.37,73.34,25.09,6.35,1.07,490.41,40.0,0,normal
2026-10-07 17:12:10.798741,23.41,74.3,25.36,6.31,1.12,307.77,40.0,0,normal
2027-03-09 14:12:11.024501,24.56,74.08,24.67,6.4,1.39,705.86,100.0,0,normal
2027-05-15 13:12:11.123089,21.69,73.43,25.22,6.38,0.33,679.95,100.0,0,normal
2026-06-20 01:12:10.645851,23.83,74.09,24.31,5.83,0.84,815.43,100.0,0,normal
2027-02-15 08:12:10.990668,29.17,67.8,25.94,6.02,0.99,571.26,40.0,0,normal
2027-06-06 22:12:11.157614,22.52,68.61,24.38,6.37,1.19,636.64,100.0,0,normal
2027-04-08 03:12:11.069534,25.46,85.0,27.0,6.29,1.02,1059.06,100.0,0,normal
2027-03-04 07:12:11.016002,26.91,76.42,24.74,6.73,0.82,482.99,40.0,0,normal
2026-07-15 19:12:10.680614,23.4,70.18,24.29,5.95,1.32,344.6,40.0,0,normal
2026-08-25 22:12:10.738078,22.61,72.0,24.51,5.62,0.47,637.08,100.0,0,normal
2026-08-15 00:12:10.722447,22.0,67.44,23.11,6.0,0.97,726.76,100.0,0,normal
2027-03-14 02:12:11.031485,21.13,70.5,24.44,6.03,0.68,389.14,40.0,0,normal
2027-05-10 00:12:11.115242,24.86,73.52,25.57,5.83,0.99,608.47,100.0,0,normal
2026-06-29 03:12:10.658209,24.15,84.38,25.35,5.87,1.02,798.21,100.0,0,normal
2026-05-22 13:12:10.601367,24.89,79.49,24.92,6.55,0.66,401.98,40.0,0,normal
2026-11-09 12:12:10.846840,23.3,82.09,24.99,6.18,0.8,437.13,40.0,0,normal
2027-02-13 18:12:10.988287,22.28,71.47,23.91,6.08,0.35,554.5,40.0,0,normal
2026-07-25 01:12:10.693863,22.76,84.84,24.46,5.55,0.57,794.14,100.0,0,normal
2026-06-21 17:12:10.648049,25.76,74.21,24.4,5.95,0.91,648.29,100.0,0,normal
2026-12-28 10:12:10.921536,22.81,65.54,23.7,5.86,0.87,646.21,100.0,0,normal
2027-05-17 10:12:11.125816,21.88,79.79,23.96,6.51,0.86,887.72,100.0,0,normal
2026-06-09 22:12:10.630790,20.44,76.9,26.0,6.52,1.0,622.5,100.0,0,normal
2026-11-19 01:12:10.862838,23.67,69.62,24.76,6.4,1.16,870.17,100.0,0,normal
2026-06-29 16:12:10.658941,23.9,65.43,25.37,5.91,0.96,252.25,40.0,0,normal
2027-02-08 02:12:10.979748,23.43,76.36,26.76,5.72,1.03,667.56,100.0,0,normal
2027-01-31 05:12:10.968150,17.38,71.4,25.74,6.01,0.15,574.89,40.0,0,normal
2027-05-20 08:12:11.131142,23.5,74.63,23.61,6.17,0.43,747.51,100.0,0,normal
2027-05-03 04:12:11.105214,19.1,66.56,25.14,6.74,0.69,610.32,100.0,0,normal
2026-05-23 14:12:10.602754,28.83,77.55,25.55,6.19,0.74,775.99,100.0,0,normal
2026-10-21 06:12:10.818799,22.0,74.34,25.41,6.8,0.76,375.74,40.0,0,normal
2026-09-05 11:12:10.751995,20.96,74.76,24.59,6.06,0.48,1017.82,100.0,0,normal
2027-04-24 14:12:11.093125,22.74,77.16,23.51,6.44,0.2,805.47,100.0,0,normal
2026-06-24 09:12:11.206914,34.77,75.0,14.55,6.15,2.56,600.0,25.54,1,combined_stress
2027-05-31 13:12:11.148645,27.22,68.8,25.69,6.46,0.29,446.68,40.0,0,normal
2026-06-30 05:12:10.659658,17.0,66.62,23.0,6.05,0.58,494.19,40.0,0,normal
2026-11-07 05:12:10.842714,23.26,80.02,25.8,6.22,1.19,644.09,100.0,0,normal
2026-10-21 19:12:10.819597,28.82,82.36,25.26,5.9,0.97,558.3,40.0,0,normal
2027-02-28 19:12:11.010653,24.91,68.14,24.82,6.22,0.57,608.06,100.0,0,normal
2026-09-10 17:12:10.758952,23.31,79.9,25.43,6.02,0.81,327.93,40.0,0,normal
2026-11-19 10:12:10.863339,24.77,71.53,26.14,6.34,0.46,502.26,40.0,0,normal
2026-09-26 11:12:10.782558,17.59,76.25,24.67,6.0,0.48,671.17,100.0,0,normal
2027-04-15 06:12:11.079792,23.43,80.15,24.71,6.19,0.25,424.53,40.0,0,normal
2026-06-21 19:12:10.648156,21.24,70.83,23.56,5.78,0.67,501.81,40.0,0,normal
2026-06-13 11:12:10.636301,22.18,78.79,26.68,5.9,0.95,715.77,100.0,0,normal
2027-01-17 09:12:10.949782,23.78,74.67,24.97,6.51,0.89,469.27,40.0,0,normal
2026-11-14 15:12:10.855199,19.4,78.54,25.66,5.94,0.24,393.96,40.0,0,normal
2026-07-19 09:12:10.685555,20.41,74.18,25.55,6.74,0.58,639.28,100.0,0,normal
2026-11-18 17:12:10.862214,18.22,74.49,26.46,6.55,0.88,521.68,40.0,0,normal
2026-12-22 00:12:10.911445,21.57,83.11,24.21,5.8,0.95,445.27,40.0,0,normal
2026-11-14 05:12:10.854648,23.04,78.03,23.24,6.72,0.67,740.68,100.0,0,normal
2026-11-12 15:12:10.852076,24.14,72.31,24.69,6.3,0.75,776.1,100.0,0,normal
2027-06-06 20:12:11.157506,19.97,77.64,25.06,5.5,1.14,379.83,40.0,0,normal
2027-03-18 02:12:11.037244,18.0,78.97,25.34,5.82,0.58,673.72,100.0,0,normal
2026-09-11 05:12:10.760181,23.52,77.13,24.79,6.11,0.64,490.98,40.0,0,normal
2026-12-30 11:12:10.924687,19.93,73.79,25.43,6.18,0.78,560.44,40.0,0,normal
2027-01-30 06:12:10.966884,19.96,74.54,25.43,6.42,0.66,290.17,40.0,0,normal
2026-11-20 05:12:10.864514,26.29,66.86,25.89,5.84,0.83,847.65,100.0,0,normal
2027-01-01 06:12:10.927349,25.54,70.28,25.18,5.9,1.09,1038.93,100.0,0,normal
2026-08-05 08:12:10.709064,20.43,73.44,26.62,6.49,0.94,264.8,40.0,0,normal
2027-04-28 23:12:11.099234,19.47,75.77,25.03,6.38,1.46,434.15,40.0,0,normal
2026-12-29 11:12:10.923059,28.75,80.52,25.74,6.32,0.67,778.54,100.0,0,normal
2026-12-27 09:12:10.919527,24.34,70.94,26.14,5.94,0.34,743.4,100.0,0,normal
2026-09-20 04:12:10.773007,23.21,76.32,24.44,6.1,0.63,738.83,100.0,0,normal
2027-02-23 02:12:11.001894,22.03,66.95,25.77,6.36,0.6,718.52,100.0,0,normal
2027-06-08 23:12:11.161298,22.23,75.17,24.37,5.88,0.84,299.12,40.0,0,normal
2027-02-06 03:12:10.976845,24.1,71.77,26.19,6.0,0.55,691.29,100.0,0,normal
2026-09-11 10:12:10.760519,22.04,76.39,24.22,5.62,0.63,909.88,100.0,0,normal
2027-05-29 10:12:11.145189,21.9,75.9,23.74,5.82,1.5,646.42,100.0,0,normal
2026-11-18 19:12:10.862321,30.0,74.27,25.1,5.87,0.74,519.79,40.0,0,normal
2027-06-17 00:12:11.173918,22.7,74.47,24.66,6.19,0.72,597.17,40.0,0,normal
2027-04-09 09:12:11.071219,26.52,67.74,23.0,6.2,0.91,586.4,40.0,0,normal
2027-04-15 05:12:11.079733,18.25,75.71,26.16,6.26,0.62,596.51,40.0,0,normal
2027-03-06 12:12:11.019694,27.49,70.91,24.58,5.93,0.64,361.89,40.0,0,normal
2026-08-02 12:12:10.705275,17.91,77.66,24.79,6.48,0.63,555.92,40.0,0,normal
2027-01-20 00:12:10.953226,20.47,80.85,24.29,6.15,1.05,631.08,100.0,0,normal
2026-11-30 12:12:10.879528,23.69,79.48,23.28,6.15,0.49,626.19,100.0,0,normal
2026-09-29 06:12:10.786536,17.58,76.2,26.38,6.36,0.64,437.53,40.0,0,normal
2026-08-19 22:12:10.729083,28.29,67.64,24.26,6.27,1.02,885.12,100.0,0,normal
2027-02-13 03:12:10.987434,19.76,70.2,25.52,6.8,0.48,585.96,40.0,0,normal
2026-11-04 14:12:10.839036,18.67,76.95,26.49,5.71,1.04,636.64,100.0,0,normal
2026-08-06 02:12:10.710059,27.69,70.61,26.35,6.56,0.73,1147.67,100.0,0,normal
2026-11-14 06:12:10.854704,24.21,78.33,25.39,5.96,0.73,87.98,40.0,0,normal
2027-04-04 23:12:11.064833,23.58,76.18,24.17,6.09,0.52,666.46,100.0,0,normal
2027-06-03 03:12:11.152243,18.74,82.69,26.28,6.46,0.7,623.96,100.0,0,normal
2026-11-18 18:12:10.862267,24.35,71.3,23.71,5.94,0.87,724.6,100.0,0,normal
2026-10-20 23:12:10.818376,22.02,76.11,25.78,6.35,1.19,765.94,100.0,0,normal
2027-01-13 13:12:10.944411,23.37,78.22,26.03,6.43,0.66,552.31,40.0,0,normal
2027-02-12 00:12:10.985752,23.45,69.69,24.41,6.35,0.31,464.56,40.0,0,normal
2027-04-21 08:12:11.088556,20.58,73.93,23.61,6.34,0.3,662.41,100.0,0,normal
2027-02-13 14:12:10.988049,22.9,82.68,24.72,6.36,0.7,697.8,100.0,0,normal
2026-10-22 22:12:10.821153,23.29,68.51,27.0,6.62,0.57,407.43,40.0,0,normal
2026-10-13 12:12:10.807505,23.6,67.44,23.0,6.0,0.46,676.48,100.0,0,normal
2026-09-24 13:12:10.779426,23.79,68.83,25.36,6.26,0.91,106.88,40.0,0,normal
2026-06-22 23:12:11.201119,32.52,48.93,25.0,6.15,0.75,600.0,42.0,1,high_temp
2026-11-01 01:12:10.834040,25.64,79.51,25.81,6.29,0.62,846.38,100.0,0,normal
2027-06-12 08:12:11.166181,25.24,73.35,25.9,5.53,0.94,876.72,100.0,0,normal
2026-09-27 09:12:10.783832,24.52,73.56,24.19,6.41,1.0,767.19,100.0,0,normal
2026-10-15 16:12:10.810849,22.88,84.33,26.85,6.31,1.47,278.03,40.0,0,normal
2027-03-31 22:12:11.058056,27.23,65.0,24.96,5.84,0.76,577.0,40.0,0,normal
2027-04-04 09:12:11.063910,23.84,79.04,23.0,5.91,0.95,447.26,40.0,0,normal
2027-05-21 09:12:11.132587,17.28,71.02,23.96,6.06,0.41,759.61,100.0,0,normal
2027-05-08 14:12:11.113262,22.45,72.95,25.99,6.8,0.82,839.99,100.0,0,normal
2026-07-17 03:12:10.682425,23.48,74.07,25.2,6.38,0.4,867.72,100.0,0,normal
2027-03-13 05:12:11.030159,21.79,66.65,26.96,5.82,0.9,778.18,100.0,0,normal
2027-05-29 17:12:11.145575,21.87,70.72,24.85,5.98,1.07,706.79,100.0,0,normal
2027-01-12 10:12:10.942936,24.07,72.67,23.97,5.78,1.1,672.45,100.0,0,normal
2027-04-23 15:12:11.091857,24.58,73.57,25.86,6.21,0.6,691.95,100.0,0,normal
2026-08-04 16:12:10.708178,26.35,67.57,24.67,6.3,0.39,554.96,40.0,0,normal
2026-10-21 04:12:10.818649,23.23,68.77,23.92,6.01,0.8,635.94,100.0,0,normal
2026-06-25 17:12:11.201765,10.3,75.0,25.0,6.15,0.75,600.0,60.0,1,low_temp
2027-05-18 14:12:11.128342,24.1,72.44,27.0,5.77,0.51,474.9,40.0,0,normal
2026-08-24 15:12:10.735567,29.19,70.23,24.68,5.83,0.83,672.22,100.0,0,normal
2027-06-09 14:12:11.162125,22.92,78.13,23.79,6.08,0.76,335.82,40.0,0,normal
2026-09-22 04:12:10.775837,24.44,76.38,26.41,5.96,0.83,631.76,100.0,0,normal
2026-12-19 08:12:10.907736,26.79,70.64,25.7,6.3,1.06,350.78,40.0,0,normal
2026-12-08 18:12:10.892083,24.75,74.71,24.59,6.18,0.68,618.15,100.0,0,normal
2026-06-25 18:12:10.653707,21.91,65.0,26.18,5.94,0.82,505.07,40.0,0,normal
2027-02-16 17:12:10.992520,26.13,76.63,26.17,6.36,1.25,330.67,40.0,0,normal
2026-09-23 16:12:10.778131,17.0,83.74,25.68,6.09,0.65,539.27,40.0,0,normal
2027-04-11 14:12:11.074325,27.33,75.14,25.24,6.24,0.21,626.74,100.0,0,normal
2026-08-19 15:12:10.728681,26.14,75.7,24.24,6.16,0.6,605.58,100.0,0,normal
2027-06-01 17:12:11.150264,23.48,70.74,24.63,6.47,0.42,584.55,40.0,0,normal
2026-12-17 19:12:10.905429,24.16,83.6,23.6,6.22,0.98,678.93,100.0,0,normal
2027-02-01 02:12:10.969305,20.61,77.68,24.75,6.73,0.51,801.77,100.0,0,normal
2026-10-08 02:12:10.799247,19.59,77.48,24.15,5.96,1.47,306.57,40.0,0,normal
2026-11-18 23:12:10.862724,17.71,75.1,25.44,5.92,0.9,571.85,40.0,0,normal
2027-05-19 02:12:11.129083,20.73,70.16,25.05,6.01,1.12,572.43,40.0,0,normal
2026-08-29 00:12:10.742153,17.03,76.3,26.9,6.25,1.08,524.06,40.0,0,normal
2027-06-02 17:12:11.151632,21.83,69.97,24.94,6.32,0.83,422.73,40.0,0,normal
2026-10-19 06:12:10.816055,24.07,77.63,25.55,5.95,0.91,859.08,100.0,0,normal
2026-10-08 20:12:10.800239,25.69,80.34,26.37,6.29,0.7,337.3,40.0,0,normal
2027-03-06 03:12:11.018950,23.24,85.0,23.51,6.15,0.37,849.04,100.0,0,normal
2027-03-17 06:12:11.036018,21.62,71.65,23.76,5.51,1.19,489.56,40.0,0,normal
2026-08-08 15:12:10.713567,25.82,76.65,24.15,6.07,0.0,792.39,100.0,0,normal
2026-07-10 22:12:10.674149,23.42,79.69,25.66,6.25,0.82,550.42,40.0,0,normal
2027-02-13 17:12:10.988233,19.32,85.0,24.73,5.88,0.49,391.75,40.0,0,normal
2026-11-02 14:12:10.836131,25.86,75.37,27.0,6.8,1.17,755.31,100.0,0,normal
2026-09-21 08:12:10.774727,30.0,81.43,27.0,5.7,0.62,681.27,100.0,0,normal
2027-04-15 13:12:11.080203,25.16,69.33,23.56,6.16,1.31,754.32,100.0,0,normal
2026-07-20 14:12:10.687445,20.99,70.8,24.58,6.35,0.28,362.31,40.0,0,normal
2027-01-21 02:12:10.954672,27.21,72.62,25.45,5.87,0.63,368.14,40.0,0,normal
2026-05-22 18:12:11.205502,23.5,75.0,25.0,8.04,0.75,600.0,60.0,1,ph_alkaline
2026-08-10 18:12:10.716387,22.42,74.62,25.66,6.78,0.43,890.84,100.0,0,normal
2026-12-23 10:12:10.913337,26.88,81.96,26.93,6.29,1.17,538.28,40.0,0,normal
2027-03-28 05:12:11.052238,25.08,75.04,25.77,6.51,0.69,880.02,100.0,0,normal
2027-02-12 07:12:10.986317,18.96,79.79,23.67,6.21,0.72,345.11,40.0,0,normal
2026-07-09 02:12:10.671698,24.13,75.49,24.08,6.69,0.93,893.12,100.0,0,normal
2026-10-06 20:12:10.797574,22.53,77.39,24.15,6.52,1.27,755.86,100.0,0,normal
2026-06-03 14:12:11.202567,23.5,75.0,13.96,6.15,2.33,600.0,44.2,1,drought
2027-04-08 19:12:11.070442,22.12,81.31,25.34,6.41,0.92,1066.87,100.0,0,normal
2026-12-15 05:12:10.901570,23.72,74.24,23.75,5.99,0.0,782.95,100.0,0,normal
2026-10-15 19:12:10.811015,23.73,84.57,25.0,5.99,0.75,481.73,40.0,0,normal
2027-01-31 12:12:10.968550,22.59,73.09,26.28,6.37,0.78,622.02,100.0,0,normal
2027-04-16 19:12:11.082043,18.03,75.78,23.14,6.24,1.0,425.75,40.0,0,normal
2026-12-03 07:12:10.883850,23.6,70.26,26.2,6.03,0.37,744.04,100.0,0,normal
2027-02-11 21:12:10.985581,21.06,72.09,24.65,5.79,0.34,841.28,100.0,0,normal
2026-09-02 15:12:10.748266,25.42,81.77,26.08,6.32,0.29,239.94,40.0,0,normal
2027-03-06 21:12:11.020533,22.24,65.85,23.04,5.91,0.93,672.62,100.0,0,normal
2026-06-16 06:12:10.640712,25.61,71.92,23.0,6.44,0.72,798.16,100.0,0,normal
2027-01-09 22:12:10.939607,23.78,76.26,25.96,6.28,0.71,670.71,100.0,0,normal
2026-12-25 21:12:10.916639,23.83,75.22,25.8,6.28,1.23,1071.17,100.0,0,normal
2026-09-01 06:12:10.746440,22.31,79.68,25.62,6.44,0.08,330.22,40.0,0,normal
2027-01-27 05:12:10.962781,21.57,71.44,25.49,6.12,0.85,801.71,100.0,0,normal
2026-07-22 20:12:10.690645,26.25,74.63,25.86,6.44,0.99,955.69,100.0,0,normal
2027-04-19 14:12:11.086216,24.26,76.31,23.8,5.85,0.39,693.77,100.0,0,normal
2026-09-25 14:12:10.781335,25.0,76.19,24.22,6.53,0.91,291.28,40.0,0,normal
2026-12-07 07:12:10.889853,21.22,77.96,26.62,6.38,0.74,870.25,100.0,0,normal
2026-10-06 12:12:10.797111,22.97,78.6,23.39,5.98,0.54,511.03,40.0,0,normal
2027-04-27 12:12:11.097253,23.72,82.28,24.96,6.46,1.15,342.44,40.0,0,normal
2026-07-20 11:12:10.687273,21.18,73.02,24.15,6.45,0.52,508.1,40.0,0,normal
2026-06-11 17:12:10.633745,19.25,78.02,23.54,5.97,0.74,603.53,100.0,0,normal
2026-10-08 16:12:10.800000,24.69,75.67,24.76,5.84,0.99,394.43,40.0,0,normal
2026-11-04 09:12:10.838768,24.73,79.08,24.88,6.12,0.51,605.85,100.0,0,normal
2026-06-22 15:12:10.649251,20.97,75.88,25.01,6.21,0.84,678.76,100.0,0,normal
2026-06-25 22:12:10.653925,22.92,66.46,23.78,5.76,0.29,658.15,100.0,0,normal
2026-12-28 00:12:10.920963,20.45,70.99,24.75,6.31,1.41,293.55,40.0,0,normal
2026-08-18 16:12:10.727388,18.83,79.54,23.42,6.19,0.4,652.64,100.0,0,normal
2026-07-03 15:12:10.664185,24.42,76.45,25.19,6.12,1.0,378.41,40.0,0,normal
2027-05-21 23:12:11.133395,22.04,77.79,26.39,6.36,0.0,979.2,100.0,0,normal
2027-03-09 10:12:11.024286,28.11,76.05,24.42,6.43,0.4,587.2,40.0,0,normal
2027-04-15 19:12:11.080539,20.52,76.47,25.14,5.5,1.01,589.55,40.0,0,normal
2026-07-05 02:12:10.666114,28.4,75.23,24.14,5.94,0.73,588.29,40.0,0,normal
2027-05-11 21:12:11.117997,21.81,80.0,23.54,6.21,0.6,398.26,40.0,0,normal
2027-05-17 14:12:11.126088,22.79,74.48,25.93,6.27,0.72,710.01,100.0,0,normal
2027-03-26 19:12:11.050091,23.65,72.03,23.13,6.48,1.15,843.14,100.0,0,normal
2027-04-11 12:12:11.074218,24.22,73.29,23.77,6.8,0.96,561.21,40.0,0,normal
2026-08-18 17:12:10.727442,21.03,65.0,24.92,5.89,1.14,803.32,100.0,0,normal
2026-09-14 07:12:10.764897,17.86,75.99,25.43,6.09,1.06,702.14,100.0,0,normal
2026-08-17 21:12:10.726346,28.09,84.52,24.68,5.97,0.49,429.96,40.0,0,normal
2026-10-19 16:12:10.816606,23.75,80.86,25.78,6.63,0.53,842.89,100.0,0,normal
2026-07-25 09:12:10.694321,29.79,74.44,26.6,5.87,0.79,550.38,40.0,0,normal
2027-01-22 14:12:10.956664,23.95,77.73,26.73,6.02,0.88,679.23,100.0,0,normal
2026-08-01 15:12:10.704103,24.28,74.84,24.21,5.5,0.53,795.57,100.0,0,normal
2027-06-07 09:12:11.158291,24.13,78.44,24.3,6.5,1.14,747.12,100.0,0,normal
2027-03-24 18:12:11.047280,26.99,84.24,24.5,6.2,0.76,598.05,40.0,0,normal
2027-03-12 18:12:11.029521,20.54,77.07,25.15,6.35,1.17,774.76,100.0,0,normal
2026-06-21 05:12:10.647383,25.46,66.47,23.34,6.51,0.71,552.53,40.0,0,normal
2026-10-28 19:12:10.829387,24.29,70.0,23.65,6.08,1.21,805.01,100.0,0,normal
2026-11-17 14:12:10.860188,24.5,71.8,25.32,6.35,0.57,987.78,100.0,0,normal
2027-01-05 18:12:10.933699,20.11,74.11,24.58,6.02,0.46,191.34,40.0,0,normal
2026-07-08 00:12:10.670151,20.01,74.66,24.19,5.5,0.94,649.8,100.0,0,normal
2026-09-22 05:12:10.775890,24.91,72.48,25.0,6.05,0.78,682.81,100.0,0,normal
2026-12-22 18:12:10.912452,27.44,73.56,23.84,5.62,1.03,731.23,100.0,0,normal
2027-05-23 08:12:11.135492,20.98,82.19,24.75,5.79,0.63,706.55,100.0,0,normal
2027-02-04 08:12:10.974174,22.72,75.77,25.42,5.95,0.68,722.18,100.0,0,normal
2027-02-24 09:12:11.003974,20.33,74.24,25.89,6.19,0.57,500.11,40.0,0,normal
2027-05-18 19:12:11.128658,23.64,71.4,23.46,6.29,0.74,698.83,100.0,0,normal
2027-05-31 02:12:11.148029,26.44,79.9,23.79,6.12,0.46,470.55,40.0,0,normal
2026-12-27 17:12:10.920023,24.8,82.75,23.89,6.12,0.67,717.44,100.0,0,normal
2027-02-02 09:12:10.971322,27.01,71.87,26.87,6.1,0.59,972.49,100.0,0,normal
2026-09-25 20:12:10.781679,24.18,85.0,26.82,6.2,1.46,654.34,100.0,0,normal
2027-03-05 21:12:11.018435,23.05,70.97,26.18,5.86,1.34,466.23,40.0,0,normal
2026-05-28 06:12:10.611518,25.68,65.37,26.46,5.91,0.81,847.62,100.0,0,normal
2027-01-03 08:12:10.930280,21.06,78.78,24.81,6.65,1.17,768.09,100.0,0,normal
2027-02-14 04:12:10.988986,26.03,71.75,23.75,6.1,0.67,521.25,40.0,0,normal
2027-05-25 21:12:11.139391,26.12,73.5,25.37,6.06,0.71,528.25,40.0,0,normal
2026-09-11 02:12:10.760010,28.13,82.41,23.0,6.46,1.11,668.82,100.0,0,normal
2027-04-09 12:12:11.071379,21.12,76.3,23.33,6.17,0.94,657.89,100.0,0,normal
2027-01-26 07:12:10.961576,25.39,74.92,25.07,6.13,1.25,687.09,100.0,0,normal
2026-06-26 02:12:10.654144,21.5,78.74,23.22,6.22,0.67,763.45,100.0,0,normal
2027-05-04 15:12:11.107542,24.05,68.28,24.74,6.17,1.09,883.91,100.0,0,normal
2026-12-27 19:12:10.920143,20.63,76.75,23.3,6.57,0.0,535.11,40.0,0,normal
2026-05-28 19:12:11.203405,23.5,75.0,13.08,6.15,3.3,600.0,0.0,1,drought
2026-06-24 04:12:11.203990,23.5,75.0,34.22,6.15,0.75,600.0,0.0,1,overwater
2026-09-15 11:12:10.766519,26.21,73.12,26.26,6.47,1.16,711.05,100.0,0,normal
2026-11-15 01:12:10.855778,22.51,72.55,24.54,6.8,0.73,524.76,40.0,0,normal
2027-01-22 21:12:10.957041,25.46,73.04,27.0,6.07,0.57,616.2,100.0,0,normal
2027-04-15 15:12:11.080311,24.65,72.24,23.19,6.1,0.42,255.77,40.0,0,normal
2027-01-18 21:12:10.951760,21.67,85.0,26.53,6.21,1.01,750.32,100.0,0,normal
2027-02-22 11:12:11.001063,21.92,72.26,24.53,6.25,0.53,808.21,100.0,0,normal
2027-01-29 14:12:10.965944,24.81,72.84,23.0,6.3,0.77,666.5,100.0,0,normal
2026-07-19 01:12:10.685117,21.96,74.58,25.34,5.65,0.36,1004.41,100.0,0,normal
2026-08-10 02:12:10.715497,25.66,70.23,24.91,6.16,1.07,301.84,40.0,0,normal
2027-04-28 01:12:11.098016,24.13,73.22,26.04,6.56,0.1,174.53,40.0,0,normal
2026-10-19 21:12:10.816873,23.74,77.44,25.69,6.2,0.8,550.01,40.0,0,normal
2027-06-20 08:12:11.179794,22.12,78.72,26.11,5.58,1.02,298.81,40.0,0,normal
2026-08-25 12:12:10.736723,23.99,75.56,24.8,6.33,0.76,1137.07,100.0,0,normal
2026-08-18 22:12:10.727714,18.89,74.04,25.88,5.94,0.44,813.28,100.0,0,normal
2026-06-13 23:12:10.636977,21.14,69.79,26.01,5.78,0.63,435.32,40.0,0,normal
2026-08-02 13:12:10.705330,17.47,72.29,23.3,5.93,1.5,657.02,100.0,0,normal
2027-03-25 12:12:11.048275,24.64,70.2,24.29,6.47,0.66,319.3,40.0,0,normal
2026-08-05 18:12:10.709601,22.41,78.18,24.58,6.4,0.77,632.76,100.0,0,normal
2027-04-05 05:12:11.065170,21.85,78.73,24.78,6.42,1.04,361.89,40.0,0,normal
2027-04-21 13:12:11.088839,22.14,75.61,25.86,6.23,1.26,363.07,40.0,0,normal
2026-09-24 19:12:10.779818,20.74,80.73,24.72,5.52,1.1,533.54,40.0,0,normal
2026-05-22 18:12:10.601641,22.66,78.79,23.0,6.03,0.64,758.26,100.0,0,normal
2026-08-03 19:12:10.707021,27.81,83.1,24.38,6.51,0.71,391.95,40.0,0,normal
2026-08-08 17:12:10.713674,24.17,75.04,23.92,6.07,0.23,717.75,100.0,0,normal
2026-08-19 17:12:10.728788,27.87,73.43,23.35,6.22,0.74,789.99,100.0,0,normal
2026-07-29 11:12:10.699904,25.98,79.03,24.06,5.84,0.82,813.04,100.0,0,normal
2026-11-16 00:12:10.857311,25.64,73.93,24.67,6.09,0.81,797.18,100.0,0,normal
2026-11-12 17:12:10.852375,30.0,75.42,25.93,6.16,0.85,421.31,40.0,0,normal
2027-04-16 14:12:11.081766,24.78,79.92,25.61,6.37,0.27,597.37,40.0,0,normal
2026-12-09 06:12:10.892817,28.59,74.3,24.59,6.27,0.81,625.64,100.0,0,normal
2026-06-13 06:12:10.635887,27.2,81.16,25.51,6.35,1.33,422.65,40.0,0,normal
2026-05-27 13:12:10.610577,23.53,71.61,24.04,6.45,0.31,692.21,100.0,0,normal
2026-12-10 16:12:10.894979,26.62,70.98,23.33,6.19,0.78,569.31,40.0,0,normal
2027-05-09 08:12:11.114353,29.26,68.22,25.16,6.13,0.5,531.69,40.0,0,normal
2026-07-01 05:12:10.660978,28.27,77.33,25.83,6.1,0.31,349.21,40.0,0,normal
2027-01-16 14:12:10.948737,24.89,75.43,24.15,6.15,0.35,468.43,40.0,0,normal
2026-10-27 08:12:10.827231,24.63,76.86,23.98,6.04,0.9,733.46,100.0,0,normal
2027-05-02 03:12:11.103823,23.6,77.88,25.48,6.09,0.54,770.84,100.0,0,normal
2027-04-14 03:12:11.078117,22.32,78.41,25.5,6.22,0.54,331.41,40.0,0,normal
2026-07-06 16:12:10.668232,21.39,75.1,24.02,6.1,0.89,700.63,100.0,0,normal
2027-03-06 15:12:11.019882,29.54,80.59,23.39,6.14,0.97,453.68,40.0,0,normal
2027-02-25 20:12:11.006083,23.79,76.4,23.74,6.77,0.55,484.13,40.0,0,normal
2026-07-26 02:12:10.695277,25.1,81.65,24.44,5.64,0.86,692.55,100.0,0,normal
2026-07-30 15:12:10.701445,25.56,76.47,23.5,6.08,0.1,485.23,40.0,0,normal
2026-11-19 02:12:10.862894,23.0,81.89,25.33,5.97,1.32,512.99,40.0,0,normal
2027-04-24 11:12:11.092964,27.09,65.82,25.53,5.84,0.52,627.89,100.0,0,normal
2026-11-09 01:12:10.845972,21.07,70.74,24.21,6.65,1.39,160.22,40.0,0,normal
2027-05-24 19:12:11.137753,26.99,81.26,24.85,6.53,0.72,875.51,100.0,0,normal
2027-04-17 23:12:11.083752,22.89,78.31,24.04,6.69,0.84,1193.34,100.0,0,normal
2027-06-01 10:12:11.149855,25.96,78.64,24.96,6.06,1.07,728.95,100.0,0,normal
2026-08-13 11:12:10.720386,26.17,73.7,25.88,6.32,1.02,857.99,100.0,0,normal
2027-04-16 17:12:11.081936,26.89,65.0,25.07,5.97,0.26,683.88,100.0,0,normal
2026-05-29 01:12:10.612562,24.44,67.23,25.01,6.38,0.68,390.23,40.0,0,normal
2026-09-06 21:12:10.753874,20.92,83.43,25.97,6.31,1.21,541.69,40.0,0,normal
2027-01-23 00:12:10.957202,23.89,71.23,24.65,5.65,0.82,864.24,100.0,0,normal
2026-05-25 18:12:11.201095,37.59,40.44,25.0,6.15,0.75,600.0,0.0,1,high_temp
2026-10-28 18:12:10.829333,20.99,81.14,25.32,5.92,0.51,436.82,40.0,0,normal
2027-03-23 06:12:11.045274,29.62,80.04,26.13,6.26,0.65,894.46,100.0,0,normal
2026-12-06 11:12:10.888491,22.45,74.23,26.08,6.26,1.07,424.28,40.0,0,normal
2026-12-23 22:12:10.914006,21.99,85.0,24.43,6.08,0.63,507.49,40.0,0,normal
2027-04-12 09:12:11.075636,21.43,79.01,26.08,6.05,0.18,539.41,40.0,0,normal
2026-12-11 00:12:10.895435,21.1,75.53,26.14,6.07,0.23,712.76,100.0,0,normal
2027-02-12 02:12:10.985858,19.89,78.87,25.13,6.6,0.48,822.14,100.0,0,normal
2027-03-24 03:12:11.046442,29.7,68.53,26.11,6.42,1.1,732.41,100.0,0,normal
2026-12-23 21:12:10.913952,22.64,75.07,26.17,6.04,0.64,464.04,40.0,0,normal
2027-05-30 08:12:11.146860,22.31,65.02,26.0,5.96,0.94,499.93,40.0,0,normal
2027-03-21 06:12:11.041689,22.86,74.31,25.28,6.78,0.13,711.98,100.0,0,normal
2026-05-30 19:12:10.615801,28.31,73.39,23.0,6.33,0.38,394.17,40.0,0,normal
2027-01-20 10:12:10.953791,25.27,81.89,24.55,6.14,0.4,978.65,100.0,0,normal
2026-08-10 00:12:10.715390,27.5,72.72,25.67,5.99,0.51,759.15,100.0,0,normal
2026-06-20 23:12:10.647051,30.0,74.02,23.72,5.9,0.86,674.45,100.0,0,normal
2026-12-10 19:12:10.895147,24.04,76.21,25.37,6.06,0.16,857.0,100.0,0,normal
2027-04-13 08:12:11.076927,21.57,79.05,25.5,5.73,0.88,666.15,100.0,0,normal
2026-07-15 03:12:10.679725,24.09,78.62,23.58,6.64,0.59,530.59,40.0,0,normal
2027-03-19 20:12:11.039719,22.85,77.48,24.65,6.67,0.47,531.16,40.0,0,normal
2027-04-15 08:12:11.079926,26.57,78.5,26.37,6.23,0.7,802.5,100.0,0,normal
2026-09-29 09:12:10.786697,25.79,78.84,25.81,5.73,0.74,677.88,100.0,0,normal
2027-04-22 15:12:11.090381,22.05,75.09,25.28,6.02,0.98,667.44,100.0,0,normal
2026-10-30 20:12:10.832262,21.18,76.42,23.95,5.5,0.79,479.06,40.0,0,normal
2026-05-28 13:12:11.205890,23.5,75.0,25.0,8.24,0.75,600.0,60.0,1,ph_alkaline
2027-02-15 07:12:10.990613,22.49,76.85,24.02,6.41,0.7,376.79,40.0,0,normal
2026-11-06 22:12:10.842303,25.56,73.41,25.91,5.5,1.16,472.56,40.0,0,normal
2026-07-14 16:12:10.679129,28.42,78.5,23.54,6.19,0.78,381.56,40.0,0,normal
2026-11-19 11:12:10.863423,24.14,68.54,24.7,6.57,0.74,651.29,100.0,0,normal
2027-02-11 14:12:10.985209,20.62,73.57,25.66,6.33,0.86,594.78,40.0,0,normal
2026-12-25 09:12:10.915978,25.95,82.81,24.14,6.29,0.67,764.86,100.0,0,normal
2027-01-16 12:12:10.948630,20.16,75.04,24.79,5.71,0.61,1011.34,100.0,0,normal
2027-01-30 05:12:10.966829,25.01,66.03,25.62,6.6,0.71,898.77,100.0,0,normal
2026-08-30 08:12:10.743910,27.65,73.83,23.75,5.72,0.56,771.65,100.0,0,normal
2026-08-13 22:12:10.720984,25.44,72.8,26.25,6.11,0.89,750.71,100.0,0,normal
2027-01-31 19:12:10.968931,27.15,80.22,25.16,6.02,0.17,763.59,100.0,0,normal
2027-05-13 05:12:11.119798,18.03,70.48,24.61,6.1,1.24,767.02,100.0,0,normal
2026-11-20 08:12:10.864689,18.56,69.81,24.9,5.98,0.65,576.75,40.0,0,normal
2027-04-22 07:12:11.089931,20.65,72.81,26.39,6.27,0.6,776.13,100.0,0,normal
2027-06-17 20:12:11.175634,22.86,80.49,23.75,5.95,0.51,884.19,100.0,0,normal
2026-10-17 23:12:10.814226,29.28,74.88,26.94,6.75,0.84,693.83,100.0,0,normal
2027-02-25 01:12:11.005002,22.15,75.32,25.25,5.99,1.03,209.64,40.0,0,normal
2026-10-23 15:12:10.822118,22.68,73.14,25.83,6.42,0.38,601.6,100.0,0,normal
2026-06-09 18:12:10.630574,18.83,77.22,24.9,6.08,0.89,657.4,100.0,0,normal
2026-08-22 20:12:10.733158,18.78,76.34,26.37,6.56,0.65,1047.05,100.0,0,normal
2026-05-30 02:12:11.202898,23.5,75.0,15.95,6.15,1.74,600.0,48.31,1,drought
2026-06-24 19:12:10.652350,22.15,71.29,24.24,6.31,0.62,607.97,100.0,0,normal
2027-05-25 02:12:11.138141,21.76,76.78,25.47,6.43,0.99,654.77,100.0,0,normal
2027-04-21 04:12:11.088341,22.85,66.69,25.28,5.77,0.87,328.3,40.0,0,normal
2026-11-05 00:12:10.839601,22.96,66.63,24.56,6.53,0.68,313.55,40.0,0,normal
2027-01-29 17:12:10.966143,25.37,72.67,25.15,5.68,0.68,678.93,100.0,0,normal
2027-02-11 08:12:10.984850,26.03,79.96,24.99,5.64,0.4,748.19,100.0,0,normal
2027-02-02 10:12:10.971392,21.35,78.8,24.91,6.45,0.83,590.61,40.0,0,normal
2026-07-22 14:12:10.690305,25.29,74.63,25.66,6.68,1.39,652.47,100.0,0,normal
2026-08-04 15:12:10.708123,23.04,70.32,26.29,5.74,0.85,762.71,100.0,0,normal
2026-08-13 17:12:10.720712,20.44,82.87,23.7,5.92,0.52,631.03,100.0,0,normal
2026-06-19 11:12:10.645064,25.89,72.58,25.55,6.29,0.06,769.56,100.0,0,normal
2026-09-16 09:12:10.767715,22.94,74.27,27.0,5.97,0.81,210.95,40.0,0,normal
2026-11-12 06:12:10.851430,18.84,72.48,25.79,6.17,0.07,1094.28,100.0,0,normal
2026-10-26 06:12:10.825795,24.22,75.38,25.88,6.31,0.8,722.96,100.0,0,normal
2026-11-03 05:12:10.837046,30.0,71.1,25.59,5.5,1.01,711.85,100.0,0,normal
2026-12-16 12:12:10.903481,23.03,77.72,23.87,5.72,1.07,363.36,40.0,0,normal
2026-06-26 03:12:11.202206,23.5,75.0,13.65,6.15,3.21,600.0,38.02,1,drought
2027-05-17 06:12:11.125453,23.65,75.5,24.26,6.34,0.43,936.71,100.0,0,normal
2026-10-06 03:12:10.796608,17.0,78.08,23.56,5.62,0.9,511.16,40.0,0,normal
2026-05-23 23:12:10.603493,19.85,78.49,24.63,5.81,0.74,629.03,100.0,0,normal
2026-05-23 07:12:10.602377,25.64,74.57,24.74,6.04,0.78,678.93,100.0,0,normal
2026-10-30 06:12:10.831469,17.91,84.87,25.12,6.26,0.84,292.11,40.0,0,normal
2027-03-15 16:12:11.033756,26.0,73.5,24.68,6.52,0.96,725.07,100.0,0,normal
2026-07-22 05:12:10.689811,18.94,79.97,24.56,6.73,0.54,407.87,40.0,0,normal
2026-07-30 10:12:10.701176,24.11,72.37,25.12,6.09,0.56,403.81,40.0,0,normal
2026-07-20 01:12:10.686718,27.0,72.76,24.97,6.31,0.49,653.14,100.0,0,normal
2026-06-23 06:12:11.205928,23.5,75.0,25.0,8.15,0.75,600.0,60.0,1,ph_alkaline
2026-12-10 03:12:10.894188,21.86,70.64,26.01,6.22,0.15,764.41,100.0,0,normal
2026-09-01 23:12:10.747388,20.87,80.94,25.21,6.05,0.87,942.47,100.0,0,normal
2027-06-12 07:12:11.166124,27.4,74.8,23.03,6.02,0.74,549.87,40.0,0,normal
2027-05-12 02:12:11.118270,26.69,77.23,23.0,6.42,0.4,288.97,40.0,0,normal
2026-06-08 22:12:10.629458,26.19,68.37,25.89,5.7,0.89,541.21,40.0,0,normal
2027-06-01 15:12:11.150153,25.83,73.3,23.77,6.59,0.6,675.02,100.0,0,normal
2026-08-18 08:12:10.726937,22.63,74.92,24.21,6.31,1.03,917.18,100.0,0,normal
2026-06-07 02:12:10.626888,20.87,77.75,24.59,6.47,0.87,481.21,40.0,0,normal
2026-08-11 02:12:10.716827,27.92,77.48,26.61,5.6,0.67,498.36,40.0,0,normal
2027-04-22 06:12:11.089878,25.51,73.61,24.26,5.96,0.38,586.83,40.0,0,normal
2026-06-10 18:12:10.632148,21.61,80.21,25.32,6.0,0.9,606.28,100.0,0,normal
2026-08-18 18:12:10.727495,22.72,68.94,24.81,5.97,0.95,736.2,100.0,0,normal
2027-02-19 03:12:10.996216,20.75,65.0,24.39,6.64,0.18,556.47,40.0,0,normal
2027-03-09 12:12:11.024394,20.88,71.95,24.43,6.22,0.21,746.88,100.0,0,normal
2026-07-05 00:12:10.666006,17.0,83.05,23.94,6.56,0.74,427.66,40.0,0,normal
2026-10-05 11:12:10.795534,27.0,85.0,25.86,6.44,1.22,469.53,40.0,0,normal
2027-02-24 07:12:11.003866,23.88,76.44,24.15,6.06,0.3,684.24,100.0,0,normal
2026-12-31 10:12:10.926016,22.27,73.5,26.0,6.67,0.58,790.96,100.0,0,normal
2027-01-19 07:12:10.952294,22.5,80.6,24.83,5.86,0.69,813.79,100.0,0,normal
2026-06-24 20:12:10.652405,21.35,72.45,24.47,6.12,0.78,754.84,100.0,0,normal
2027-03-18 11:12:11.037754,30.0,74.53,26.05,6.16,1.08,471.81,40.0,0,normal
2027-02-01 16:12:10.970071,24.16,77.96,24.06,6.18,0.92,653.44,100.0,0,normal
2026-08-29 13:12:10.742867,21.23,78.42,24.99,6.34,0.91,831.94,100.0,0,normal
2027-02-21 19:12:11.000038,25.46,67.22,24.85,6.42,0.42,900.54,100.0,0,normal
2027-02-05 08:12:10.975503,24.61,78.31,24.68,6.38,0.89,721.54,100.0,0,normal
2026-05-26 16:12:10.608123,23.5,74.54,23.29,6.62,0.29,150.19,40.0,0,normal
2027-05-28 03:12:11.143312,21.8,80.75,24.41,5.91,0.92,490.85,40.0,0,normal
2026-08-02 18:12:10.705606,21.65,67.04,26.08,5.83,1.5,681.31,100.0,0,normal
2027-01-14 22:12:10.946360,26.78,83.26,25.8,5.73,0.65,954.3,100.0,0,normal
2026-07-21 13:12:10.688921,22.3,74.46,24.97,6.5,0.55,650.25,100.0,0,normal
2026-06-04 08:12:10.622276,21.48,70.69,23.0,6.05,0.85,450.55,40.0,0,normal
2027-05-14 23:12:11.122281,22.61,72.92,24.42,6.8,1.09,479.89,40.0,0,normal
2026-06-21 12:12:11.200922,37.62,55.3,25.0,6.15,0.75,600.0,0.0,1,high_temp
2026-08-10 03:12:10.715551,20.98,78.96,24.45,6.21,0.15,542.92,40.0,0,normal
2027-01-21 08:12:10.954993,21.67,82.06,24.57,6.36,0.69,266.3,40.0,0,normal
2027-04-01 05:12:11.058434,22.77,69.67,24.17,6.54,0.65,458.66,40.0,0,normal
2027-04-07 09:12:11.068376,17.0,77.01,24.95,5.69,0.37,372.34,40.0,0,normal
2027-05-16 23:12:11.125067,26.06,72.65,23.62,5.97,0.98,491.35,40.0,0,normal
2026-05-24 06:12:11.205870,23.5,75.0,25.0,7.63,0.75,600.0,60.0,1,ph_alkaline
2027-01-03 11:12:10.930450,23.8,67.42,24.25,6.03,0.68,834.55,100.0,0,normal
2027-03-31 04:12:11.056349,24.55,79.45,23.75,5.9,0.56,518.14,40.0,0,normal
2027-02-10 03:12:10.983147,24.59,74.66,25.59,6.64,0.76,624.54,100.0,0,normal
2026-07-04 21:12:10.665845,28.06,75.53,26.08,5.99,0.63,937.71,100.0,0,normal
2026-11-23 08:12:10.869180,21.92,71.18,25.4,6.14,0.67,467.69,40.0,0,normal
2026-11-10 03:12:10.847811,22.13,67.87,26.5,6.33,0.79,832.79,100.0,0,normal
2026-05-26 04:12:10.607403,24.51,76.45,23.98,6.12,0.71,544.13,40.0,0,normal
2027-05-19 12:12:11.129700,22.84,71.18,25.98,6.04,0.68,803.67,100.0,0,normal
2026-07-21 17:12:10.689136,22.16,76.84,23.85,6.48,0.64,763.77,100.0,0,normal
2027-04-07 06:12:11.068214,22.81,81.61,24.82,5.98,1.11,558.72,40.0,0,normal
2026-11-04 20:12:10.839363,22.67,81.18,23.24,6.54,1.25,628.67,100.0,0,normal
2026-11-24 06:12:10.870483,20.6,77.6,26.18,5.95,0.74,534.86,40.0,0,normal
2027-01-15 22:12:10.947747,20.7,77.63,26.09,6.47,0.47,686.52,100.0,0,normal
2026-10-06 11:12:10.797057,24.74,72.25,25.84,6.06,0.91,463.98,40.0,0,normal
2026-10-27 07:12:10.827177,19.4,78.57,26.02,6.45,1.4,470.83,40.0,0,normal
2026-11-16 09:12:10.857870,27.03,80.15,24.26,6.41,0.56,805.83,100.0,0,normal
2026-05-31 16:12:11.205001,23.5,75.0,25.0,4.76,0.75,600.0,60.0,1,ph_acidic
2027-02-15 05:12:10.990502,23.54,69.71,25.39,6.57,0.88,838.9,100.0,0,normal
2026-12-22 05:12:10.911714,19.34,66.05,26.53,6.43,0.31,597.19,40.0,0,normal
2026-07-19 23:12:10.686591,23.42,78.67,25.11,6.41,0.78,913.63,100.0,0,normal
2026-06-13 13:12:10.636409,21.37,68.87,26.04,5.99,0.75,384.26,40.0,0,normal
2027-01-19 06:12:10.952241,22.15,80.56,26.1,6.57,0.71,596.01,40.0,0,normal
2026-10-30 10:12:10.831686,24.13,67.99,24.02,6.28,0.95,649.26,100.0,0,normal
2027-05-23 05:12:11.135327,25.31,78.37,25.13,6.14,0.9,878.5,100.0,0,normal
2026-06-22 11:12:10.649037,24.39,82.1,26.42,6.46,0.52,834.04,100.0,0,normal
2027-01-16 02:12:10.948067,26.17,67.2,24.68,6.49,0.77,535.74,40.0,0,normal
2026-09-09 11:12:10.757287,21.03,69.47,26.03,6.6,0.38,138.68,40.0,0,normal
2026-11-26 10:12:10.873506,25.47,72.77,24.88,5.64,1.35,470.13,40.0,0,normal
2026-05-31 03:12:11.200971,36.97,49.52,25.0,6.15,0.75,600.0,0.0,1,high_temp
2026-09-28 23:12:10.786063,18.42,73.02,25.02,6.41,0.84,562.04,40.0,0,normal
2026-10-19 09:12:10.816218,21.5,79.1,25.95,6.54,1.3,534.18,40.0,0,normal
2026-10-30 22:12:10.832373,22.73,65.23,26.14,5.74,0.66,314.91,40.0,0,normal
2026-11-08 08:12:10.844809,23.7,74.98,23.99,5.99,0.49,683.44,100.0,0,normal
2027-02-16 02:12:10.991675,22.77,85.0,24.98,6.1,0.67,1071.33,100.0,0,normal
2027-03-23 03:12:11.045114,25.69,74.81,24.51,5.84,0.85,678.13,100.0,0,normal
2027-05-10 09:12:11.115732,19.39,74.76,26.41,5.74,0.74,643.89,100.0,0,normal
2027-05-14 02:12:11.120973,21.23,84.28,23.7,6.23,0.64,903.71,100.0,0,normal
2027-02-16 19:12:10.992627,22.08,75.88,24.36,5.81,0.34,501.46,40.0,0,normal
2026-11-21 04:12:10.865921,30.0,83.02,25.55,6.19,1.01,17.3,0.0,0,normal
2026-12-26 23:12:10.918632,23.05,69.54,25.25,5.87,0.87,309.14,40.0,0,normal
2026-06-16 02:12:10.640489,23.19,72.43,26.53,5.91,0.86,414.21,40.0,0,normal
2027-06-11 07:12:11.164435,26.23,75.9,25.33,5.95,0.79,539.12,40.0,0,normal
2027-05-28 13:12:11.143864,22.52,78.9,26.21,6.01,0.54,915.19,100.0,0,normal
2026-11-27 00:12:10.874407,21.63,75.45,24.68,5.93,1.5,569.47,40.0,0,normal
2027-02-16 20:12:10.992682,21.67,74.1,23.95,5.85,0.16,330.89,40.0,0,normal
2027-02-21 04:12:10.999187,23.93,73.11,24.89,5.81,0.85,397.53,40.0,0,normal
2026-06-27 07:12:11.204967,23.5,75.0,25.0,6.15,3.63,600.0,70.25,1,high_salinity
2026-07-04 13:12:10.665399,21.22,78.38,23.8,6.8,0.61,638.47,100.0,0,normal
2027-03-23 12:12:11.045627,22.73,71.84,23.37,6.63,0.68,580.13,40.0,0,normal
2026-07-25 22:12:10.695053,25.04,81.23,26.11,6.32,0.64,461.85,40.0,0,normal
2027-05-17 05:12:11.125398,28.92,74.07,24.26,5.78,1.27,643.81,100.0,0,normal
2027-03-04 09:12:11.016109,27.62,74.7,26.13,6.62,0.98,1190.1,100.0,0,normal
2026-05-29 13:12:10.613922,18.18,70.83,23.54,6.27,0.82,387.66,40.0,0,normal
2026-08-18 04:12:10.726721,21.35,79.86,25.52,6.17,0.63,310.44,40.0,0,normal
2026-07-31 20:12:10.703058,25.99,74.29,25.88,6.31,0.61,245.08,40.0,0,normal
2026-07-18 12:12:10.684374,18.75,69.2,24.03,6.45,0.56,775.9,100.0,0,normal
2027-03-19 03:12:11.038635,25.17,72.87,25.68,5.91,1.03,502.52,40.0,0,normal
2027-04-17 07:12:11.082724,25.89,78.47,24.12,5.74,0.79,17.3,0.0,0,normal
2026-06-16 19:12:10.641467,23.15,69.93,25.0,5.97,0.73,464.35,40.0,0,normal
2026-10-01 14:12:10.789744,17.0,69.86,25.44,6.14,0.32,637.34,100.0,0,normal
2026-06-16 02:12:11.205156,23.5,75.0,25.0,5.0,0.75,600.0,60.0,1,ph_acidic
2026-07-27 17:12:10.697553,20.1,75.16,24.56,6.07,0.49,442.5,40.0,0,normal
2027-01-25 10:12:10.960420,24.2,76.75,25.15,5.68,1.2,822.26,100.0,0,normal
2026-07-28 08:12:10.698403,24.48,75.34,26.45,5.5,1.01,755.97,100.0,0,normal
2027-01-23 15:12:10.958038,20.15,82.13,25.3,5.81,0.63,593.89,40.0,0,normal
2026-12-12 06:12:10.897199,19.76,80.36,24.75,6.43,0.44,486.41,40.0,0,normal
2026-06-28 08:12:11.206260,23.5,75.0,25.0,6.15,0.75,13.17,0.0,1,low_light
2026-08-16 20:12:10.724960,24.51,71.58,25.78,6.19,0.75,413.93,40.0,0,normal
2026-11-28 13:12:10.876758,21.32,75.7,24.43,6.13,0.74,287.98,40.0,0,normal
2027-05-03 11:12:11.105805,27.05,78.95,25.52,5.75,0.8,1026.89,100.0,0,normal
2027-01-13 04:12:10.943920,19.57,75.38,25.92,6.36,0.96,735.74,100.0,0,normal
2027-04-25 03:12:11.093929,24.4,77.49,23.94,6.47,0.76,524.38,40.0,0,normal
2026-12-12 05:12:10.897144,25.08,85.0,23.0,6.39,0.93,137.71,40.0,0,normal
2027-03-01 13:12:11.011713,23.43,83.33,25.66,6.45,0.45,483.93,40.0,0,normal
2027-01-23 11:12:10.957824,17.29,69.05,24.15,6.5,1.1,285.17,40.0,0,normal
2026-12-16 08:12:10.903259,21.32,85.0,23.05,6.33,0.68,829.53,100.0,0,normal
2027-05-04 04:12:11.106763,21.21,77.75,26.13,6.34,1.07,335.85,40.0,0,normal
2026-08-09 23:12:10.715334,23.18,71.14,25.4,6.18,0.81,618.7,100.0,0,normal
2027-05-04 00:12:11.106545,23.47,69.82,25.9,6.57,0.98,506.73,40.0,0,normal
2027-01-14 18:12:10.946000,22.2,74.92,23.96,6.35,0.61,733.04,100.0,0,normal
2027-01-01 07:12:10.927406,21.26,76.7,24.97,6.71,1.06,383.42,40.0,0,normal
2027-02-09 23:12:10.982931,21.39,70.69,25.24,5.97,0.91,718.16,100.0,0,normal
2026-08-15 15:12:10.723285,19.4,81.74,26.0,6.0,0.72,533.84,40.0,0,normal
2027-04-04 02:12:11.063517,21.47,70.29,24.71,6.55,0.55,497.15,40.0,0,normal
2027-06-09 15:12:11.162179,19.9,76.73,25.49,5.97,0.37,523.65,40.0,0,normal
2027-03-22 23:12:11.044869,27.82,79.41,26.7,5.95,0.7,716.49,100.0,0,normal
2026-07-07 23:12:10.670098,24.95,72.94,24.0,5.9,0.81,443.37,40.0,0,normal
2027-05-10 07:12:11.115624,21.96,85.0,24.41,6.41,0.62,513.5,40.0,0,normal
2027-06-08 07:12:11.159926,25.31,73.13,23.75,6.23,0.85,766.21,100.0,0,normal
2026-10-24 01:12:10.822656,22.55,76.72,23.0,6.39,0.73,439.82,40.0,0,normal
2026-08-29 14:12:10.742928,24.59,72.89,24.38,6.17,0.59,770.55,100.0,0,normal
2026-07-16 03:12:10.681068,25.78,73.47,26.04,5.72,1.21,866.93,100.0,0,normal
2026-07-27 20:12:10.697715,25.57,77.27,23.75,6.34,0.99,634.52,100.0,0,normal
2027-04-06 03:12:11.066475,28.92,71.15,26.82,6.48,0.65,804.38,100.0,0,normal
2027-03-27 07:12:11.050784,21.51,73.57,24.51,6.4,0.92,649.04,100.0,0,normal
2026-11-18 16:12:10.862160,24.72,82.45,23.5,5.57,1.5,599.6,40.0,0,normal
2026-12-19 07:12:10.907680,21.65,70.77,25.77,6.38,0.64,560.18,40.0,0,normal
2027-01-29 11:12:10.965760,23.04,77.03,24.21,5.64,0.51,308.33,40.0,0,normal
2026-12-16 04:12:10.903021,25.89,66.21,25.81,6.14,1.04,419.33,40.0,0,normal
2027-06-15 05:12:11.170148,27.26,76.89,25.55,6.03,0.48,578.78,40.0,0,normal
2026-11-19 00:12:10.862781,17.0,66.01,23.0,6.36,0.54,594.4,40.0,0,normal
2026-11-14 23:12:10.855670,22.61,70.33,24.26,5.92,1.23,489.24,40.0,0,normal
2026-07-26 00:12:10.695165,24.34,70.77,25.97,6.27,0.83,594.8,40.0,0,normal
2026-12-03 01:12:10.883501,18.45,73.85,23.91,6.6,0.35,601.97,100.0,0,normal
2026-06-20 12:12:11.204905,23.5,75.0,25.0,6.15,3.16,600.0,76.7,1,high_salinity
2026-10-26 04:12:10.825687,25.82,79.34,24.82,6.32,0.78,390.3,40.0,0,normal
2027-01-03 23:12:10.931155,28.22,74.37,24.27,5.74,0.28,408.5,40.0,0,normal
2027-02-24 11:12:11.004082,28.2,74.96,24.63,6.12,0.69,643.54,100.0,0,normal
2027-05-06 05:12:11.109945,27.99,74.22,24.26,6.23,0.75,697.84,100.0,0,normal
2026-07-17 11:12:10.682894,28.41,71.26,25.59,5.83,0.94,338.84,40.0,0,normal
2026-05-23 22:12:10.603434,19.15,71.01,24.62,6.32,0.66,623.88,100.0,0,normal
2026-06-08 21:12:11.205364,23.5,75.0,25.0,4.61,0.75,600.0,60.0,1,ph_acidic
2026-06-22 05:12:10.648715,26.15,71.95,25.63,6.12,1.27,793.02,100.0,0,normal
2027-04-18 10:12:11.084355,21.44,80.2,24.13,6.03,0.25,577.3,40.0,0,normal
2027-01-14 19:12:10.946053,21.14,70.57,23.07,6.09,0.78,518.61,40.0,0,normal
2027-06-21 08:12:11.181137,27.02,67.35,24.72,5.99,0.13,697.75,100.0,0,normal
2027-01-16 05:12:10.948231,29.81,72.42,24.68,6.03,0.57,206.87,40.0,0,normal
2026-11-14 14:12:10.855145,24.46,72.14,25.06,6.09,0.79,516.18,40.0,0,normal
2026-10-13 04:12:10.807070,28.51,71.84,24.66,5.73,0.71,698.52,100.0,0,normal
2027-04-03 17:12:11.062927,24.28,70.96,23.4,6.39,1.07,807.83,100.0,0,normal
2027-01-08 04:12:10.937235,24.18,70.45,25.62,5.63,1.1,483.49,40.0,0,normal
2026-11-26 08:12:10.873382,23.05,72.32,25.77,6.09,0.77,641.97,100.0,0,normal
2027-01-20 05:12:10.953523,30.0,78.83,24.27,5.77,0.68,668.68,100.0,0,normal
2027-04-16 13:12:11.081690,19.86,74.25,25.91,6.43,0.03,609.79,100.0,0,normal
2026-11-11 14:12:10.850332,23.9,69.74,25.67,5.88,0.53,529.63,40.0,0,normal
2026-10-25 18:12:10.824968,27.7,76.62,24.58,6.65,0.65,823.64,100.0,0,normal
2027-03-08 15:12:11.023229,19.69,67.98,24.41,6.21,0.41,683.14,100.0,0,normal
2027-03-11 19:12:11.028057,28.34,73.09,23.59,6.49,1.24,494.53,40.0,0,normal
2027-04-10 19:12:11.073107,22.59,73.21,26.34,6.31,1.43,452.27,40.0,0,normal
2027-01-16 08:12:10.948413,28.14,70.34,26.9,6.34,0.63,838.76,100.0,0,normal
2026-06-11 01:12:11.202420,23.5,75.0,17.56,6.15,2.93,600.0,39.98,1,drought
2026-12-14 09:12:10.900307,19.65,68.58,24.13,6.13,1.37,669.09,100.0,0,normal
2026-06-18 17:12:10.644066,22.43,79.29,25.46,5.78,0.44,992.36,100.0,0,normal
2026-08-26 16:12:10.739083,22.45,69.93,24.27,6.11,0.66,603.71,100.0,0,normal
2026-10-16 14:12:10.812122,25.07,76.66,24.33,6.0,0.27,454.36,40.0,0,normal
2026-10-29 20:12:10.830761,24.16,71.78,25.81,6.71,0.82,500.43,40.0,0,normal
2026-06-21 00:12:11.201968,15.99,75.0,25.0,6.15,0.75,600.0,60.0,1,low_temp
2026-09-27 20:12:10.784525,20.26,79.87,26.22,6.06,0.69,460.34,40.0,0,normal
2026-06-19 04:12:10.644682,27.98,73.75,24.6,6.35,1.2,113.05,40.0,0,normal
2027-03-21 17:12:11.042282,26.49,73.45,26.07,5.7,0.84,783.53,100.0,0,normal
2027-03-13 10:12:11.030437,22.33,77.93,25.87,6.31,0.58,378.48,40.0,0,normal
2027-03-05 02:12:11.017053,27.13,79.62,24.74,6.08,1.18,1016.18,100.0,0,normal
2026-08-11 19:12:10.717963,23.65,75.0,25.45,5.98,0.43,474.24,40.0,0,normal
2026-08-06 17:12:10.710897,22.32,67.76,26.85,6.8,1.06,684.37,100.0,0,normal
2026-11-22 03:12:10.867480,25.24,70.99,25.65,6.3,1.0,461.74,40.0,0,normal
2027-02-06 21:12:10.977858,24.17,75.36,25.13,6.04,0.82,668.56,100.0,0,normal
2027-04-08 17:12:11.070323,25.81,74.27,24.98,5.74,0.66,664.85,100.0,0,normal
2027-06-19 00:12:11.177737,29.32,75.96,25.78,6.14,0.84,878.92,100.0,0,normal
2026-12-10 17:12:10.895036,19.42,71.38,24.92,6.32,0.95,508.18,40.0,0,normal
2027-01-21 11:12:10.955154,22.12,74.32,23.98,6.55,0.38,733.43,100.0,0,normal
2026-10-25 06:12:10.824277,24.49,77.52,23.87,5.76,1.08,551.69,40.0,0,normal
2026-10-19 03:12:10.815869,17.03,72.29,24.48,6.8,0.64,653.8,100.0,0,normal
2027-02-04 18:12:10.974729,24.85,79.87,25.36,6.11,0.65,835.39,100.0,0,normal
2027-05-05 17:12:11.108987,22.12,72.72,26.19,6.01,0.84,518.42,40.0,0,normal
2026-06-08 04:12:10.628426,26.49,85.0,25.27,6.34,1.02,532.47,40.0,0,normal
2026-06-16 14:12:10.641158,24.47,77.47,23.94,5.92,0.61,452.66,40.0,0,normal
2027-03-31 13:12:11.057095,24.76,84.01,25.54,6.8,0.47,179.72,40.0,0,normal
2026-05-23 11:12:11.204352,23.5,75.0,25.0,6.15,4.2,600.0,62.16,1,high_salinity
2026-07-20 15:12:10.687500,23.0,70.98,24.81,5.85,0.74,487.51,40.0,0,normal
2026-08-31 02:12:10.744898,23.96,76.16,24.91,5.96,1.31,394.41,40.0,0,normal
2027-03-29 13:12:11.054066,25.01,76.44,24.51,6.04,0.55,407.13,40.0,0,normal
2026-05-25 15:12:11.201023,33.87,53.84,25.0,6.15,0.75,600.0,42.0,1,high_temp
2027-06-13 19:12:11.168246,25.19,68.25,24.26,5.97,0.34,393.58,40.0,0,normal
2027-03-17 07:12:11.036072,19.73,73.4,25.1,6.32,0.75,604.35,100.0,0,normal
2026-07-20 02:12:10.686775,26.45,79.67,26.17,5.71,0.54,321.73,40.0,0,normal
2027-03-25 22:12:11.048841,22.44,76.77,26.09,6.15,0.53,614.25,100.0,0,normal
2026-06-16 05:12:10.640657,19.85,74.29,24.28,6.29,0.91,525.49,40.0,0,normal
2026-07-14 01:12:10.678298,23.12,73.49,24.26,6.48,1.49,570.32,40.0,0,normal
2026-11-03 04:12:10.836985,24.12,79.35,23.82,6.35,1.41,530.64,40.0,0,normal
2027-02-11 06:12:10.984743,19.71,80.19,24.61,6.55,1.25,434.44,40.0,0,normal
2026-11-23 09:12:10.869235,25.34,79.04,25.76,5.5,0.73,543.39,40.0,0,normal
2026-06-01 08:12:10.618018,30.0,72.91,25.27,5.81,0.74,196.98,40.0,0,normal
2027-05-13 07:12:11.119927,23.02,69.45,24.25,6.37,0.84,593.25,40.0,0,normal
2026-08-12 15:12:10.719148,22.95,74.76,26.82,6.09,1.09,564.46,40.0,0,normal
2026-09-17 04:12:10.768760,23.4,73.57,24.25,5.76,0.95,447.41,40.0,0,normal
2026-12-30 01:12:10.923894,25.25,76.57,24.75,6.15,0.95,553.52,40.0,0,normal
2026-05-30 08:12:10.615114,24.61,74.88,23.81,5.86,0.66,302.54,40.0,0,normal
2026-06-11 06:12:10.632893,26.39,79.23,25.14,6.12,0.67,840.36,100.0,0,normal
2027-01-30 10:12:10.967100,28.15,79.85,24.17,5.77,0.39,824.93,100.0,0,normal
2026-10-07 23:12:10.799067,22.25,65.31,26.28,6.12,0.43,486.25,40.0,0,normal
2026-06-10 00:12:10.630897,21.14,71.36,24.88,6.11,0.62,1065.07,100.0,0,normal
2026-06-15 08:12:11.204481,23.5,75.0,25.0,6.15,3.13,600.0,77.23,1,high_salinity
2027-05-24 16:12:11.137587,25.57,82.2,25.42,5.67,0.27,464.84,40.0,0,normal
2027-02-17 10:12:10.993751,23.42,75.28,25.06,5.99,0.04,676.29,100.0,0,normal
2026-08-01 18:12:10.704267,18.4,83.58,24.88,5.98,0.41,719.79,100.0,0,normal
2026-12-22 17:12:10.912396,23.23,70.24,26.24,6.28,1.31,757.37,100.0,0,normal
2026-12-20 05:12:10.908966,21.16,78.93,25.05,6.02,0.79,481.02,40.0,0,normal
2027-06-06 01:12:11.156258,21.26,81.48,24.73,5.76,0.96,794.03,100.0,0,normal
2027-06-04 14:12:11.154309,17.63,80.55,24.55,5.89,0.63,773.33,100.0,0,normal
2027-01-19 00:12:10.951920,25.44,77.19,24.55,6.28,0.95,355.04,40.0,0,normal
2027-02-07 19:12:10.979344,23.8,79.7,24.39,6.16,0.69,682.28,100.0,0,normal
2026-06-26 23:12:10.655308,18.31,73.43,25.13,5.93,0.88,563.61,40.0,0,normal
2026-08-17 07:12:10.725575,25.28,79.1,24.33,6.4,0.68,659.46,100.0,0,normal
2026-06-30 12:12:10.660036,28.66,76.72,25.78,5.76,0.9,594.35,40.0,0,normal
2027-01-12 00:12:10.942382,18.82,83.25,24.11,6.8,0.9,759.05,100.0,0,normal
2026-07-21 05:12:10.688475,20.72,78.61,24.64,5.77,1.01,493.76,40.0,0,normal
2026-07-14 09:12:10.678732,24.32,72.38,24.08,5.84,1.01,886.71,100.0,0,normal
2026-09-28 15:12:10.785613,21.77,72.63,25.39,6.21,0.76,797.93,100.0,0,normal
2027-04-11 16:12:11.074441,23.61,79.01,24.79,6.42,0.72,641.84,100.0,0,normal
2027-04-03 23:12:11.063324,22.92,78.15,24.89,6.1,1.05,320.95,40.0,0,normal
2026-12-21 22:12:10.911336,22.93,76.18,25.27,6.26,0.91,760.61,100.0,0,normal
2026-09-24 17:12:10.779698,24.97,71.19,24.81,6.17,1.14,743.05,100.0,0,normal
2026-08-25 23:12:10.738132,24.77,78.05,23.68,6.17,0.51,515.86,40.0,0,normal
2026-08-13 13:12:10.720496,22.06,74.8,26.15,6.31,0.87,673.38,100.0,0,normal
2026-10-20 02:12:10.817222,24.67,71.96,23.98,6.23,0.72,402.11,40.0,0,normal
2027-05-19 14:12:11.129814,22.51,71.27,25.23,6.06,0.66,553.97,40.0,0,normal
2026-07-02 22:12:10.663244,23.11,69.79,26.94,6.24,1.24,323.96,40.0,0,normal
2026-11-29 04:12:10.877632,19.96,70.29,24.46,6.12,0.79,430.48,40.0,0,normal
2027-05-13 14:12:11.120306,22.25,73.97,24.56,5.95,0.52,566.95,40.0,0,normal
2026-12-03 13:12:10.884208,29.58,68.53,24.35,6.02,0.86,218.64,40.0,0,normal
2026-11-10 20:12:10.848794,25.62,65.0,25.62,6.1,0.64,626.7,100.0,0,normal
2026-08-18 21:12:10.727659,26.71,70.75,24.02,6.35,0.94,486.33,40.0,0,normal
2026-11-15 17:12:10.856899,24.78,72.82,25.32,6.11,0.97,894.07,100.0,0,normal
2026-08-15 18:12:10.723445,27.91,72.92,25.71,6.36,0.06,698.08,100.0,0,normal
2027-01-16 11:12:10.948577,23.83,74.27,25.67,6.03,0.46,629.03,100.0,0,normal
2026-05-31 14:12:10.617005,23.02,71.76,24.91,6.16,0.78,477.58,40.0,0,normal
2026-09-19 10:12:10.771902,25.65,73.33,25.76,6.34,0.85,339.51,40.0,0,normal
2026-11-28 15:12:10.876872,24.06,72.58,24.47,6.41,0.0,871.41,100.0,0,normal
2027-01-26 19:12:10.962224,24.42,81.11,23.0,5.8,0.49,581.47,40.0,0,normal
2027-04-17 02:12:11.082416,25.69,72.1,26.3,5.92,0.0,342.44,40.0,0,normal
2026-10-11 05:12:10.804173,22.53,69.02,23.66,5.96,0.94,444.61,40.0,0,normal
2027-05-25 14:12:11.138982,26.73,66.42,27.0,6.13,0.49,519.39,40.0,0,normal
2026-05-30 18:12:10.615745,25.17,78.13,26.29,5.69,0.8,558.78,40.0,0,normal
2026-09-13 23:12:10.764428,22.0,76.66,24.18,6.29,0.76,573.34,40.0,0,normal
2027-02-18 09:12:10.995173,28.1,73.53,23.0,5.92,1.02,614.95,100.0,0,normal
2026-09-21 21:12:10.775446,22.86,83.21,24.73,6.32,1.13,702.71,100.0,0,normal
2027-03-14 10:12:11.031952,20.37,73.76,23.61,6.03,1.42,899.36,100.0,0,normal
2026-10-21 09:12:10.818975,22.35,74.72,24.19,6.36,0.39,588.68,40.0,0,normal
2026-08-02 01:12:10.704646,21.39,77.07,23.0,5.5,0.31,439.05,40.0,0,normal
2027-06-18 00:12:11.175865,25.9,73.05,27.0,6.22,0.67,705.97,100.0,0,normal
2026-06-05 02:12:10.623302,20.0,70.48,25.27,6.35,0.5,552.3,40.0,0,normal
2026-12-15 15:12:10.902245,20.02,82.49,24.32,5.67,0.55,541.91,40.0,0,normal
2027-03-04 12:12:11.016269,21.0,79.13,23.38,6.19,1.5,456.94,40.0,0,normal
2027-06-14 21:12:11.169702,23.35,81.04,24.49,6.0,0.58,970.59,100.0,0,normal
2026-12-24 22:12:10.915316,23.27,70.34,25.32,6.23,0.92,535.72,40.0,0,normal
2026-07-12 03:12:10.675739,17.0,75.54,24.38,5.68,0.72,572.71,40.0,0,normal
2027-03-29 08:12:11.053779,26.28,71.05,25.71,6.34,0.77,710.62,100.0,0,normal
2026-11-17 22:12:10.860696,21.31,74.27,24.04,5.83,1.06,584.6,40.0,0,normal
2027-02-11 07:12:10.984796,20.14,85.0,23.89,6.69,0.82,640.43,100.0,0,normal
2026-06-24 15:12:11.205560,23.5,75.0,25.0,7.19,0.75,600.0,60.0,1,ph_alkaline
2026-08-18 00:12:10.726508,23.55,77.74,24.83,6.44,1.01,487.91,40.0,0,normal
2026-09-11 04:12:10.760124,28.99,80.25,26.4,6.08,0.75,351.44,40.0,0,normal
2027-05-11 22:12:11.118051,19.81,72.88,25.69,5.92,0.91,738.68,100.0,0,normal
2026-10-23 11:12:10.821867,23.13,76.37,24.89,5.98,0.6,1025.14,100.0,0,normal
2026-07-03 10:12:10.663915,25.17,76.7,24.59,6.17,0.82,698.66,100.0,0,normal
2027-05-11 13:12:11.117527,18.15,74.49,25.18,6.33,0.88,711.79,100.0,0,normal
2026-09-16 00:12:10.767213,25.7,77.38,23.59,6.04,0.98,735.71,100.0,0,normal
2026-12-16 22:12:10.904181,25.99,78.46,26.12,6.17,0.31,761.51,100.0,0,normal
2026-08-10 09:12:10.715898,24.36,76.38,27.0,5.95,0.54,488.93,40.0,0,normal
2026-06-05 15:12:10.624056,23.87,76.66,25.23,6.61,0.72,397.75,40.0,0,normal
2027-04-28 13:12:11.098680,28.34,78.55,26.48,5.72,0.76,655.78,100.0,0,normal
2026-11-12 16:12:10.852309,21.24,69.89,24.85,6.6,1.09,445.62,40.0,0,normal
2026-08-10 15:12:10.716223,23.05,81.24,24.08,5.88,0.93,645.82,100.0,0,normal
2027-06-03 05:12:11.152350,24.24,85.0,24.28,6.1,1.19,761.29,100.0,0,normal
2027-04-29 10:12:11.099860,24.5,78.88,24.29,6.51,0.77,634.52,100.0,0,normal
2026-06-14 13:12:10.637952,24.05,73.08,23.48,6.25,1.04,691.78,100.0,0,normal
2026-07-26 23:12:10.696541,21.17,84.57,24.55,6.13,1.13,542.63,40.0,0,normal
2027-03-19 02:12:11.038564,19.33,75.89,24.59,6.27,0.51,263.35,40.0,0,normal
2026-08-20 16:12:10.730200,20.84,79.64,23.42,5.96,0.54,735.54,100.0,0,normal
2027-06-21 06:12:11.181030,21.89,80.41,26.87,6.06,0.9,641.61,100.0,0,normal
2026-11-04 21:12:10.839417,23.31,72.09,24.98,5.79,0.68,623.69,100.0,0,normal
2026-08-22 21:12:10.733222,22.77,80.26,25.86,5.52,0.91,809.11,100.0,0,normal
2026-07-07 12:12:10.669464,26.99,75.46,24.38,6.66,0.39,610.69,100.0,0,normal
2026-09-29 07:12:10.786590,26.37,72.75,26.63,6.03,0.74,824.36,100.0,0,normal
2026-10-16 16:12:10.812233,20.59,73.92,24.47,6.07,0.36,582.92,40.0,0,normal
2026-12-18 07:12:10.906236,27.99,81.7,25.04,6.11,1.43,724.06,100.0,0,normal
2027-05-06 02:12:11.109480,22.12,74.54,24.91,6.36,0.4,641.63,100.0,0,normal
2026-06-25 06:12:10.653006,22.49,70.0,25.14,6.5,0.79,255.86,40.0,0,normal
2026-12-17 20:12:10.905487,27.19,74.22,26.25,6.2,0.2,617.77,100.0,0,normal
2026-08-24 17:12:10.735675,20.53,68.24,25.94,5.5,0.46,518.03,40.0,0,normal
2026-06-15 20:12:11.202192,23.5,75.0,10.69,6.15,2.46,600.0,0.0,1,drought
2026-05-25 10:12:10.606133,25.19,71.2,24.56,6.53,1.17,430.4,40.0,0,normal
2026-07-16 04:12:10.681123,21.08,79.85,25.53,6.39,0.89,606.6,100.0,0,normal
2026-11-04 12:12:10.838929,25.69,74.26,24.81,5.94,0.35,476.94,40.0,0,normal
2026-07-28 07:12:10.698349,25.37,77.92,26.08,5.93,0.92,803.2,100.0,0,normal
2026-06-25 16:12:10.653598,20.09,70.7,24.97,6.47,0.68,768.33,100.0,0,normal
2026-12-23 09:12:10.913284,23.21,80.87,23.54,5.89,0.9,264.46,40.0,0,normal
2027-02-18 18:12:10.995724,21.33,79.91,24.26,6.0,0.38,829.4,100.0,0,normal
2026-11-24 00:12:10.870123,27.38,65.0,25.49,6.0,1.35,636.1,100.0,0,normal
2026-12-30 10:12:10.924525,27.63,79.7,24.22,6.05,1.05,690.7,100.0,0,normal
2027-04-23 00:12:11.090872,21.29,72.09,24.65,6.76,0.88,716.73,100.0,0,normal
2026-07-29 18:12:10.700286,24.62,65.42,25.63,6.11,0.74,798.67,100.0,0,normal
2026-11-07 09:12:10.842946,21.2,65.0,25.33,6.05,0.8,794.85,100.0,0,normal
2027-03-07 15:12:11.021665,21.99,70.62,25.04,6.46,0.38,824.62,100.0,0,normal
2026-09-25 15:12:10.781405,25.91,74.25,23.15,6.23,0.41,597.97,40.0,0,normal
2026-10-07 08:12:10.798247,27.13,67.64,24.31,6.18,0.53,850.72,100.0,0,normal
2027-06-15 01:12:11.169917,23.56,78.6,23.93,5.93,0.84,860.48,100.0,0,normal
2027-03-30 13:12:11.055493,19.31,73.96,27.0,5.95,0.6,922.66,100.0,0,normal
2026-12-20 03:12:10.908843,22.05,74.0,24.68,6.3,0.7,948.49,100.0,0,normal
2027-01-02 23:12:10.929734,24.9,83.02,27.0,5.66,0.81,737.74,100.0,0,normal
2026-08-31 00:12:10.744781,20.03,79.46,23.61,5.98,0.77,500.01,40.0,0,normal
2026-06-22 06:12:10.648768,21.71,77.75,25.04,6.34,0.7,780.39,100.0,0,normal
2026-12-27 14:12:10.919840,21.93,69.67,24.99,6.21,0.77,311.29,40.0,0,normal
2026-08-28 22:12:10.742043,20.28,82.84,25.52,6.41,1.11,743.1,100.0,0,normal
2027-05-09 23:12:11.115178,22.1,69.53,23.92,6.1,0.97,195.08,40.0,0,normal
2027-03-15 23:12:11.034130,21.03,81.74,24.87,5.79,0.94,848.64,100.0,0,normal
2027-05-05 16:12:11.108932,24.91,71.27,26.2,6.01,0.64,143.65,40.0,0,normal
2027-05-18 05:12:11.127339,23.11,79.85,26.29,5.68,0.57,559.31,40.0,0,normal
2026-11-08 23:12:10.845841,24.28,76.2,24.73,6.22,0.97,632.03,100.0,0,normal
2026-11-11 00:12:10.849252,22.41,78.27,26.81,6.8,0.8,736.32,100.0,0,normal
2026-12-21 06:12:10.910442,22.0,68.47,26.16,6.33,0.8,719.0,100.0,0,normal
2026-07-08 12:12:10.670827,23.42,80.81,23.6,6.08,0.88,785.62,100.0,0,normal
2027-04-04 21:12:11.064578,27.01,71.81,25.19,5.94,0.72,770.89,100.0,0,normal
2026-08-23 00:12:10.733411,27.89,65.55,26.5,6.03,1.08,462.91,40.0,0,normal
2026-08-20 05:12:10.729464,23.88,76.11,24.6,6.5,1.25,528.76,40.0,0,normal
2026-12-25 08:12:10.915921,18.44,73.29,25.8,6.12,0.87,711.19,100.0,0,normal
2027-02-12 17:12:10.986867,27.53,84.13,25.05,6.43,0.26,271.48,40.0,0,normal
2027-01-19 02:12:10.952027,25.39,74.96,26.26,6.28,0.88,977.03,100.0,0,normal
2027-02-18 23:12:10.995998,23.44,83.26,25.61,6.28,0.95,769.26,100.0,0,normal
2026-07-26 11:12:10.695859,17.99,70.37,24.67,6.62,0.65,548.24,40.0,0,normal
2026-05-29 05:12:10.612817,20.43,76.35,25.62,6.62,0.69,387.3,40.0,0,normal
2027-04-25 01:12:11.093820,21.22,71.29,25.17,6.01,0.66,641.1,100.0,0,normal
2026-08-17 00:12:10.725200,18.58,71.81,23.96,5.65,0.68,681.25,100.0,0,normal
2026-12-02 10:12:10.882554,26.66,65.61,24.56,6.36,0.44,345.04,40.0,0,normal
2027-03-21 21:12:11.042497,24.1,72.4,24.98,6.15,0.87,609.42,100.0,0,normal
2027-03-13 07:12:11.030271,24.94,85.0,25.28,5.86,1.0,814.37,100.0,0,normal
2027-06-14 02:12:11.168639,28.66,74.17,24.99,6.24,0.84,699.54,100.0,0,normal
2027-03-30 01:12:11.054723,24.08,77.04,24.77,6.51,1.02,610.63,100.0,0,normal
2026-09-10 21:12:10.759485,21.51,70.64,25.24,6.42,0.86,783.87,100.0,0,normal
2026-08-06 09:12:10.710441,22.23,81.12,24.97,6.19,1.34,1006.27,100.0,0,normal
2027-01-18 12:12:10.951252,23.65,70.17,23.96,6.8,0.46,1006.44,100.0,0,normal
2027-03-16 12:12:11.035022,17.0,74.75,23.02,6.8,1.08,695.61,100.0,0,normal
2027-06-06 08:12:11.156633,23.14,75.01,25.46,6.1,0.97,563.54,40.0,0,normal
2026-11-11 06:12:10.849864,24.83,68.04,23.38,6.64,0.74,475.51,40.0,0,normal
2026-11-21 20:12:10.866917,24.05,78.74,23.51,6.11,0.43,713.49,100.0,0,normal
2026-10-18 03:12:10.814453,26.6,78.17,26.07,6.38,0.43,616.3,100.0,0,normal
2027-03-04 01:12:11.015523,26.61,73.59,24.86,6.27,0.69,499.58,40.0,0,normal
2026-06-25 19:12:10.653761,20.42,75.05,26.38,6.05,0.65,524.04,40.0,0,normal
2027-03-02 03:12:11.012530,20.98,72.19,26.64,5.71,0.36,308.05,40.0,0,normal
2026-10-26 13:12:10.826171,26.52,85.0,24.78,6.65,0.46,662.96,100.0,0,normal
2027-04-14 08:12:11.078408,19.44,67.14,25.58,6.25,1.01,627.28,100.0,0,normal
2026-11-24 21:12:10.871366,27.71,75.74,24.09,5.71,0.99,363.76,40.0,0,normal
2026-06-25 13:12:11.203542,23.5,75.0,30.6,6.15,0.75,600.0,50.0,1,overwater
2026-05-24 18:12:10.604618,23.75,68.84,27.0,6.06,1.24,591.06,40.0,0,normal
2026-09-22 12:12:10.776580,21.7,70.04,25.69,6.21,1.05,439.1,40.0,0,normal
2027-02-01 06:12:10.969535,20.74,79.66,23.88,6.6,0.69,283.13,40.0,0,normal
2026-06-28 07:12:11.201155,32.57,40.28,25.0,6.15,0.75,600.0,42.0,1,high_temp
2026-06-05 19:12:10.624453,21.71,67.54,26.01,6.07,0.7,663.59,100.0,0,normal
2026-11-02 07:12:10.835725,25.54,74.36,25.54,6.37,0.73,671.84,100.0,0,normal
2026-11-05 22:12:10.840955,22.44,76.69,23.45,5.93,1.09,568.75,40.0,0,normal
2027-01-02 19:12:10.929502,24.29,78.18,24.26,6.22,0.96,481.56,40.0,0,normal
2027-02-27 03:12:11.007965,26.35,71.41,24.74,6.32,1.5,547.35,40.0,0,normal
2026-05-27 09:12:11.205688,23.5,75.0,25.0,7.97,0.75,600.0,60.0,1,ph_alkaline
2027-03-15 18:12:11.033863,17.0,68.77,25.96,6.07,0.49,730.87,100.0,0,normal
2026-12-20 08:12:10.909135,18.68,81.8,24.78,5.95,0.83,371.56,40.0,0,normal
2027-04-22 01:12:11.089607,25.55,71.71,23.61,6.2,0.74,925.46,100.0,0,normal
2027-06-14 03:12:11.168704,20.9,65.55,24.88,6.7,1.14,507.94,40.0,0,normal
2026-06-10 17:12:10.632079,21.48,76.9,24.01,6.33,0.76,519.08,40.0,0,normal
2027-03-05 01:12:11.016999,22.15,71.02,24.4,5.92,1.25,946.09,100.0,0,normal
2027-01-24 18:12:10.959543,23.7,73.01,24.23,5.76,0.44,317.06,40.0,0,normal
2026-11-30 06:12:10.879132,25.51,69.7,24.18,5.5,0.82,535.19,40.0,0,normal
2026-09-14 01:12:10.764568,23.8,71.16,25.49,6.02,0.51,1032.35,100.0,0,normal
2026-06-27 05:12:10.655652,19.65,76.3,24.75,5.94,0.32,856.26,100.0,0,normal
2026-10-26 07:12:10.825849,24.38,73.06,23.74,6.3,0.59,587.94,40.0,0,normal
2027-05-30 20:12:11.147512,21.61,74.46,25.26,6.6,0.79,534.24,40.0,0,normal
2026-12-01 08:12:10.880825,23.23,71.99,26.98,6.23,0.63,667.79,100.0,0,normal
2026-12-22 21:12:10.912612,21.12,81.19,24.08,6.48,0.34,563.71,40.0,0,normal
2026-10-04 05:12:10.793722,21.01,82.62,25.45,5.62,1.26,913.84,100.0,0,normal
2026-12-12 11:12:10.897531,21.52,78.88,24.69,6.44,0.94,644.04,100.0,0,normal
2027-06-14 16:12:11.169431,26.79,65.76,24.77,5.95,0.43,400.07,40.0,0,normal
2027-01-11 23:12:10.942321,26.76,65.0,24.65,6.35,0.12,447.3,40.0,0,normal
2026-12-26 15:12:10.917667,24.27,71.69,25.07,6.15,0.69,380.86,40.0,0,normal
2026-10-26 20:12:10.826559,26.62,74.61,24.05,6.31,1.14,992.46,100.0,0,normal
2026-07-05 20:12:10.667112,22.12,74.45,24.52,6.48,0.5,833.47,100.0,0,normal
2026-09-22 06:12:10.775946,20.57,77.68,27.0,6.61,0.98,829.85,100.0,0,normal
2027-02-27 06:12:11.008146,20.81,70.02,23.88,6.1,0.69,479.05,40.0,0,normal
2027-05-12 03:12:11.118325,24.62,80.75,27.0,5.85,0.45,385.15,40.0,0,normal
2026-10-22 18:12:10.820895,25.25,65.07,25.61,6.16,0.75,325.69,40.0,0,normal
2027-01-07 02:12:10.935559,25.64,73.63,26.88,6.73,0.51,348.09,40.0,0,normal
2027-05-09 02:12:11.114002,26.91,65.04,23.74,6.03,0.25,433.84,40.0,0,normal
2026-07-01 21:12:11.203574,23.5,75.0,32.74,6.15,0.75,600.0,0.0,1,overwater
2027-01-22 23:12:10.957148,23.17,76.22,23.77,6.26,0.61,739.45,100.0,0,normal
2026-06-16 15:12:11.204062,23.5,75.0,33.25,6.15,0.75,600.0,0.0,1,overwater
2026-05-25 02:12:10.605109,26.23,77.29,26.48,6.28,0.57,427.68,40.0,0,normal
2026-11-06 01:12:10.841120,21.27,81.41,25.49,6.47,0.6,692.58,100.0,0,normal
2026-11-20 07:12:10.864632,20.9,75.22,24.67,6.06,0.24,534.17,40.0,0,normal
2027-02-25 00:12:11.004947,18.25,78.76,25.58,5.99,0.32,501.32,40.0,0,normal
2026-12-12 01:12:10.896923,26.25,74.64,25.27,6.57,0.77,1064.73,100.0,0,normal
2026-07-06 22:12:10.668588,21.45,72.88,27.0,6.26,0.66,585.97,40.0,0,normal
2026-06-02 06:12:11.201191,37.07,55.53,25.0,6.15,0.75,600.0,0.0,1,high_temp
2027-04-05 21:12:11.066140,25.86,79.96,24.43,6.06,0.81,599.58,40.0,0,normal
2027-05-18 00:12:11.127052,21.59,69.1,24.17,6.11,1.02,462.99,40.0,0,normal
2027-01-06 22:12:10.935337,19.6,70.1,24.36,6.06,0.47,530.97,40.0,0,normal
2026-05-26 23:12:10.608923,23.68,77.9,24.56,6.62,0.9,574.9,40.0,0,normal
2026-08-14 07:12:10.721505,26.55,69.96,23.91,6.24,1.06,697.92,100.0,0,normal
2026-06-23 11:12:11.205492,23.5,75.0,25.0,8.07,0.75,600.0,60.0,1,ph_alkaline
2026-09-08 23:12:10.756629,21.54,75.58,26.38,6.08,1.4,659.03,100.0,0,normal
2026-08-14 19:12:10.722175,25.89,76.83,23.47,5.97,0.78,936.86,100.0,0,normal
2026-09-05 21:12:10.752566,27.54,76.15,24.51,6.49,0.86,435.05,40.0,0,normal
2027-06-17 13:12:11.175225,18.2,78.41,25.38,5.75,0.59,544.31,40.0,0,normal
2026-10-16 15:12:10.812178,17.69,77.5,24.7,5.81,0.82,496.43,40.0,0,normal
2026-07-11 20:12:10.675362,22.02,79.44,24.43,6.18,0.56,689.5,100.0,0,normal
2027-02-09 04:12:10.981712,21.34,74.75,24.42,6.67,0.98,410.31,40.0,0,normal
2026-11-11 11:12:10.850165,27.5,77.81,24.6,6.05,1.14,489.89,40.0,0,normal
2026-09-20 00:12:10.772793,21.61,77.44,23.34,5.9,0.73,780.95,100.0,0,normal
2026-09-25 03:12:10.780249,20.91,82.07,24.38,6.39,0.81,372.9,40.0,0,normal
2026-09-03 15:12:10.749587,21.25,73.81,24.7,5.92,0.9,557.68,40.0,0,normal
2026-12-10 05:12:10.894316,17.18,70.25,23.53,6.12,0.4,712.23,100.0,0,normal
2026-10-02 16:12:10.791314,23.66,79.89,26.33,6.23,1.08,915.81,100.0,0,normal
2026-06-16 15:12:11.205451,23.5,75.0,25.0,4.57,0.75,600.0,60.0,1,ph_acidic
2026-09-13 20:12:10.764167,23.0,68.97,25.55,5.61,0.37,746.04,100.0,0,normal
2027-01-21 20:12:10.955668,17.7,71.34,25.48,6.33,0.79,778.26,100.0,0,normal
2026-05-29 10:12:10.613750,23.55,83.67,26.47,6.49,0.52,728.01,100.0,0,normal
2026-07-29 12:12:10.699959,24.87,79.52,26.47,6.22,0.96,1045.5,100.0,0,normal
2027-06-13 02:12:11.167298,23.2,66.11,26.01,6.54,0.77,622.02,100.0,0,normal
2027-06-08 09:12:11.160035,23.89,72.16,26.91,6.42,1.39,1045.17,100.0,0,normal
2026-07-18 07:12:10.684060,27.01,78.83,24.94,6.1,0.7,665.89,100.0,0,normal
2026-08-01 17:12:10.704211,26.16,73.64,24.96,6.07,1.37,125.55,40.0,0,normal
2026-11-04 11:12:10.838874,24.07,65.0,24.97,5.78,0.83,719.71,100.0,0,normal
2027-01-07 08:12:10.935923,24.53,74.18,25.03,6.18,0.91,734.65,100.0,0,normal
2026-08-24 09:12:10.735222,21.81,65.68,23.6,6.23,0.35,424.01,40.0,0,normal
2026-05-25 16:12:10.606488,19.78,74.01,25.23,5.73,1.45,631.45,100.0,0,normal
2026-09-17 17:12:10.769472,19.18,75.06,25.18,6.49,0.64,590.46,40.0,0,normal
2027-05-21 13:12:11.132821,25.24,73.85,25.41,6.31,0.39,605.75,100.0,0,normal
2026-06-07 20:12:10.627938,20.35,74.16,25.83,5.73,0.89,575.39,40.0,0,normal
2026-06-10 18:12:11.205638,23.5,75.0,25.0,7.3,0.75,600.0,60.0,1,ph_alkaline
2026-11-07 21:12:10.844138,22.79,77.96,23.88,6.38,0.71,958.49,100.0,0,normal
2027-03-02 17:12:11.013528,22.42,70.66,24.47,5.65,0.7,702.78,100.0,0,normal
2027-02-18 08:12:10.995119,22.65,84.31,24.32,6.14,0.64,629.5,100.0,0,normal
2026-09-01 09:12:10.746599,24.34,82.22,24.34,5.69,0.18,547.92,40.0,0,normal
2026-09-13 16:12:10.763942,23.63,70.55,24.79,5.93,0.62,596.47,40.0,0,normal
2026-08-22 07:12:10.732462,20.87,77.43,23.34,5.65,0.71,480.88,40.0,0,normal
2026-07-03 20:12:10.664472,20.78,81.36,24.9,6.14,0.61,597.56,40.0,0,normal
2026-06-11 18:12:11.203456,23.5,75.0,31.74,6.15,0.75,600.0,50.0,1,overwater
2026-07-20 06:12:10.686996,24.52,77.26,25.25,6.44,1.16,805.52,100.0,0,normal
2026-08-31 13:12:10.745511,23.39,73.56,25.91,6.02,0.66,158.04,40.0,0,normal
2026-11-24 23:12:10.871480,23.18,83.12,24.67,6.27,0.49,557.94,40.0,0,normal
2027-06-04 13:12:11.154251,27.17,77.6,25.89,6.49,1.15,572.45,40.0,0,normal
2026-07-14 07:12:10.678623,20.72,83.63,23.58,6.12,0.46,668.51,100.0,0,normal
2026-10-14 03:12:10.808342,23.03,68.82,27.0,6.2,0.62,452.94,40.0,0,normal
2026-12-12 10:12:10.897419,23.26,66.45,24.89,5.87,0.86,338.99,40.0,0,normal
2026-12-18 23:12:10.907236,23.94,72.67,23.85,6.45,0.97,882.28,100.0,0,normal
2026-08-12 11:12:10.718929,24.71,78.97,25.12,6.35,0.43,601.67,100.0,0,normal
2026-07-05 06:12:10.666330,24.66,67.76,26.44,5.82,1.07,712.35,100.0,0,normal
2027-05-09 07:12:11.114300,17.0,74.72,24.51,6.65,0.79,1030.91,100.0,0,normal
2026-11-26 23:12:10.874351,23.95,70.75,24.85,6.43,1.06,792.14,100.0,0,normal
2027-03-09 07:12:11.024126,18.09,80.15,26.12,5.9,0.38,422.09,40.0,0,normal
2027-02-07 08:12:10.978627,25.2,78.77,24.58,6.32,1.17,805.87,100.0,0,normal
2026-07-23 15:12:10.691932,19.31,71.16,25.04,5.86,0.97,545.27,40.0,0,normal
2027-05-13 22:12:11.120737,22.13,73.97,26.38,6.26,0.76,658.04,100.0,0,normal
2027-03-15 08:12:11.033294,25.34,74.66,25.43,5.97,0.9,675.99,100.0,0,normal
2027-03-05 09:12:11.017471,23.43,75.57,24.4,6.74,0.69,804.16,100.0,0,normal
2027-03-08 14:12:11.023176,23.52,69.12,25.47,6.07,0.75,405.25,40.0,0,normal
2027-01-15 18:12:10.947505,24.49,74.5,25.28,5.82,0.88,552.44,40.0,0,normal
2026-06-19 07:12:10.644845,27.1,79.81,26.96,6.37,0.62,674.3,100.0,0,normal
2026-12-19 11:12:10.907931,24.93,75.16,23.84,5.97,0.84,750.51,100.0,0,normal
2027-01-22 05:12:10.956155,24.17,80.9,24.78,6.1,0.61,928.89,100.0,0,normal
2027-04-02 06:12:11.060623,20.77,67.81,24.14,6.33,0.82,897.9,100.0,0,normal
2026-05-26 07:12:10.607621,24.7,77.21,23.53,6.27,0.93,981.9,100.0,0,normal
2026-06-30 22:12:10.660591,23.26,79.58,23.66,5.95,1.28,762.4,100.0,0,normal
2027-05-28 18:12:11.144139,19.32,82.65,23.0,6.57,0.91,474.45,40.0,0,normal
2026-10-26 17:12:10.826384,27.5,74.55,25.13,6.18,1.01,324.7,40.0,0,normal
2027-01-14 02:12:10.945124,26.01,77.02,24.06,6.72,1.21,388.73,40.0,0,normal
2027-03-16 19:12:11.035403,27.05,76.63,25.79,6.15,1.13,867.2,100.0,0,normal
2027-03-08 16:12:11.023283,19.65,78.94,24.58,5.5,0.75,723.33,100.0,0,normal
2026-09-09 09:12:10.757164,19.37,83.17,24.42,6.64,0.93,364.1,40.0,0,normal
2027-01-26 23:12:10.962457,22.57,72.99,24.68,5.5,0.49,610.87,100.0,0,normal
2027-01-22 06:12:10.956208,23.22,72.47,26.46,6.39,0.81,775.74,100.0,0,normal
2026-09-16 19:12:10.768275,25.53,67.48,26.04,6.04,1.05,477.92,40.0,0,normal
2026-10-26 18:12:10.826437,20.52,76.52,23.77,6.7,0.92,922.99,100.0,0,normal
2027-01-24 09:12:10.959032,24.21,80.42,26.25,6.42,1.02,429.01,40.0,0,normal
2027-04-02 12:12:11.060952,23.01,78.42,25.56,6.47,1.02,568.76,40.0,0,normal
2027-06-02 05:12:11.150954,28.63,70.88,23.89,5.9,1.07,308.76,40.0,0,normal
2026-12-25 03:12:10.915583,23.36,84.04,24.3,6.5,0.64,648.58,100.0,0,normal
2026-08-11 04:12:10.716953,23.08,75.25,24.78,6.34,0.68,860.2,100.0,0,normal
2026-11-18 20:12:10.862375,22.28,69.25,25.32,5.59,0.87,650.16,100.0,0,normal
2026-08-25 20:12:10.737961,24.45,82.29,23.17,6.16,0.28,399.61,40.0,0,normal
2027-03-25 05:12:11.047891,22.78,78.83,24.01,5.83,0.74,994.4,100.0,0,normal
2026-11-20 14:12:10.865031,27.84,66.85,24.48,5.96,0.94,720.63,100.0,0,normal
2027-04-18 02:12:11.083919,20.14,72.69,25.26,5.89,0.42,764.2,100.0,0,normal
2026-12-15 16:12:10.902306,25.58,72.4,24.31,6.31,0.77,265.89,40.0,0,normal
2026-11-19 04:12:10.863005,23.75,74.95,24.64,5.5,0.6,901.57,100.0,0,normal
2026-12-04 01:12:10.884877,24.63,76.9,24.38,5.88,0.76,501.12,40.0,0,normal
2026-06-13 01:12:10.635598,23.96,75.5,25.59,6.76,1.24,211.67,40.0,0,normal
2026-07-12 10:12:10.676133,26.86,76.94,25.52,5.83,1.14,1023.9,100.0,0,normal
2026-06-23 12:12:10.650539,25.22,79.99,26.23,5.99,0.87,790.47,100.0,0,normal
2026-11-01 10:12:10.834533,30.0,65.0,23.27,6.3,0.38,677.38,100.0,0,normal
2026-09-26 12:12:10.782676,25.79,75.98,24.98,6.4,0.8,661.96,100.0,0,normal
2027-06-11 12:12:11.164764,28.43,76.09,24.09,6.14,1.01,447.38,40.0,0,normal
2026-08-07 13:12:10.712026,22.86,65.0,25.87,6.04,0.55,829.39,100.0,0,normal
2027-05-08 12:12:11.113155,25.18,70.23,26.1,6.16,0.85,809.36,100.0,0,normal
2027-06-21 16:12:11.181587,22.02,77.62,25.89,6.35,0.89,530.17,40.0,0,normal
2027-02-14 00:12:10.988762,22.05,70.81,25.27,5.83,0.63,496.87,40.0,0,normal
2027-03-14 06:12:11.031700,21.36,77.05,23.15,6.09,0.38,385.52,40.0,0,normal
2026-08-13 01:12:10.719818,24.04,74.62,25.05,6.15,0.83,378.55,40.0,0,normal
2027-06-04 17:12:11.154480,24.03,78.69,25.07,6.11,0.99,812.72,100.0,0,normal
2027-03-19 13:12:11.039340,22.27,76.5,24.19,5.82,0.82,259.12,40.0,0,normal
2027-05-18 15:12:11.128429,30.0,83.46,25.18,5.61,0.66,589.4,40.0,0,normal
2027-03-01 19:12:11.012064,23.47,69.59,25.51,6.03,0.73,561.41,40.0,0,normal
2027-01-31 00:12:10.967883,19.9,71.43,25.47,6.0,0.55,650.33,100.0,0,normal
2026-09-02 00:12:10.747442,21.77,80.77,24.71,6.42,0.81,992.76,100.0,0,normal
2027-04-04 04:12:11.063630,20.56,71.65,25.12,6.57,0.57,686.93,100.0,0,normal
2026-06-15 13:12:11.202481,23.5,75.0,13.74,6.15,2.64,600.0,42.01,1,drought
2027-03-07 12:12:11.021505,21.52,77.47,25.31,6.34,0.59,729.56,100.0,0,normal
2026-07-19 05:12:10.685331,24.82,78.16,24.21,6.29,0.97,419.6,40.0,0,normal
2026-11-04 18:12:10.839252,25.95,84.52,24.95,6.39,1.48,631.29,100.0,0,normal
2026-06-05 08:12:11.206211,23.5,75.0,25.0,6.15,0.75,0.1,0.0,1,low_light
2026-10-03 20:12:10.793235,30.0,66.29,23.99,6.19,0.75,417.91,40.0,0,normal
2026-07-04 11:12:10.665290,25.88,76.12,23.99,6.53,0.38,365.56,40.0,0,normal
2026-10-06 10:12:10.797003,18.54,69.19,23.77,6.07,0.28,605.43,100.0,0,normal
2026-06-11 19:12:11.201808,12.86,75.0,25.0,6.15,0.75,600.0,60.0,1,low_temp
2026-06-01 18:12:10.618601,23.65,79.47,25.9,6.14,0.85,787.72,100.0,0,normal
2027-03-21 12:12:11.042014,22.12,77.09,24.34,6.01,0.82,741.11,100.0,0,normal
2027-05-15 22:12:11.123597,21.96,77.54,25.07,6.02,0.24,286.78,40.0,0,normal
2027-05-15 05:12:11.122615,28.52,71.51,24.13,5.9,0.43,615.25,100.0,0,normal
2026-12-15 17:12:10.902366,24.86,78.03,23.0,6.56,1.23,554.92,40.0,0,normal
2026-08-17 02:12:10.725307,21.02,78.23,24.91,6.42,0.72,619.7,100.0,0,normal
2027-04-07 20:12:11.069046,27.08,74.3,24.31,6.65,0.53,440.1,40.0,0,normal
2026-06-12 00:12:10.634132,24.44,83.01,25.79,6.68,0.72,312.03,40.0,0,normal
2027-06-02 04:12:11.150894,21.0,79.1,26.37,6.35,0.99,624.41,100.0,0,normal
2027-05-24 04:12:11.136821,22.5,73.5,26.08,6.1,0.85,654.3,100.0,0,normal
2026-07-17 02:12:10.682370,21.7,82.0,26.46,5.95,0.14,732.31,100.0,0,normal
2027-01-11 14:12:10.941814,27.01,71.25,24.16,6.32,0.63,776.7,100.0,0,normal
2026-12-18 05:12:10.906113,23.29,68.82,25.84,5.89,0.97,651.7,100.0,0,normal
2026-08-23 17:12:10.734346,19.98,77.7,24.67,6.78,0.39,632.84,100.0,0,normal
2027-02-09 01:12:10.981551,18.82,71.92,24.84,6.07,0.6,845.7,100.0,0,normal
2026-06-06 13:12:10.626009,25.65,83.92,24.94,6.7,0.59,457.36,40.0,0,normal
2027-05-09 04:12:11.114114,22.4,71.17,24.77,6.47,0.79,662.45,100.0,0,normal
2026-10-13 15:12:10.807668,23.77,78.81,24.44,5.98,0.77,885.43,100.0,0,normal
2026-08-13 15:12:10.720604,22.38,79.34,24.97,5.53,0.64,394.82,40.0,0,normal
2026-10-25 10:12:10.824493,19.34,70.26,24.34,6.31,1.12,853.98,100.0,0,normal
2027-06-11 05:12:11.164322,20.92,69.48,24.5,6.41,0.7,599.39,40.0,0,normal
2026-11-14 07:12:10.854759,22.91,80.17,25.63,6.22,0.85,311.31,40.0,0,normal
2026-06-11 03:12:11.201777,10.3,75.0,25.0,6.15,0.75,600.0,60.0,1,low_temp
2027-01-29 23:12:10.966495,17.97,74.58,26.17,6.09,0.67,968.13,100.0,0,normal
2027-04-28 04:12:11.098182,22.83,69.63,26.14,6.8,0.68,350.04,40.0,0,normal
2026-07-02 14:12:10.662800,28.86,72.38,25.37,5.93,0.8,638.73,100.0,0,normal
2027-04-27 17:12:11.097546,25.57,72.17,25.9,6.11,0.63,527.46,40.0,0,normal
2026-12-11 23:12:10.896812,17.49,72.34,25.03,6.31,0.86,360.54,40.0,0,normal
2026-07-10 01:12:10.672983,20.43,75.36,26.52,5.81,1.04,364.55,40.0,0,normal
2026-06-14 00:12:10.637072,21.44,79.36,24.63,6.59,0.62,634.61,100.0,0,normal
2026-06-22 01:12:10.648493,22.92,68.49,24.51,5.96,0.48,660.91,100.0,0,normal
2027-06-04 11:12:11.154111,19.21,85.0,24.46,5.65,0.58,491.44,40.0,0,normal
2027-06-15 17:12:11.171494,25.96,76.53,25.53,6.41,0.84,707.43,100.0,0,normal
2026-09-18 04:12:10.770076,22.89,66.63,25.1,5.9,0.88,773.45,100.0,0,normal
2026-11-13 03:12:10.853068,21.98,72.36,25.62,6.14,0.19,571.89,40.0,0,normal
2026-10-13 03:12:10.807015,23.71,72.48,24.83,6.39,1.11,270.28,40.0,0,normal
2026-09-12 13:12:10.761994,23.96,73.34,23.56,5.96,1.07,818.03,100.0,0,normal
2027-03-19 06:12:11.038914,18.19,67.28,23.71,6.25,1.01,837.96,100.0,0,normal
2027-04-04 05:12:11.063690,30.0,72.7,25.68,5.57,0.22,502.61,40.0,0,normal
2027-05-26 06:12:11.140151,26.28,74.8,23.0,5.66,0.56,562.8,40.0,0,normal
2026-11-27 21:12:10.875734,21.22,73.49,25.94,6.27,0.43,565.63,40.0,0,normal
2027-01-17 10:12:10.949836,19.54,72.72,26.07,5.95,0.56,533.84,40.0,0,normal
2026-12-31 05:12:10.925737,21.71,65.0,24.76,6.31,0.83,712.66,100.0,0,normal
2026-12-15 11:12:10.901958,23.92,76.43,23.13,5.7,1.14,34.89,40.0,0,normal
2026-09-22 17:12:10.776851,26.29,69.12,25.1,6.46,0.77,390.61,40.0,0,normal
2026-06-19 22:12:10.645689,24.69,73.16,24.44,6.3,0.95,555.66,40.0,0,normal
2026-09-04 14:12:10.750854,21.52,66.54,23.35,5.94,0.64,895.23,100.0,0,normal
2026-11-26 14:12:10.873736,20.78,77.81,24.57,6.43,0.38,503.94,40.0,0,normal
2026-07-01 23:12:10.661971,24.14,76.33,23.0,5.88,0.5,534.25,40.0,0,normal
2026-10-15 21:12:10.811157,20.05,70.33,25.43,6.36,0.02,626.02,100.0,0,normal
2026-05-25 08:12:10.605470,22.81,71.78,24.66,6.67,0.74,183.0,40.0,0,normal
2026-11-06 21:12:10.842249,27.24,73.61,24.14,6.57,0.88,611.02,100.0,0,normal
2026-12-13 03:12:10.898467,22.53,74.89,24.58,6.32,1.01,657.94,100.0,0,normal
2027-02-16 03:12:10.991729,18.25,68.96,25.28,5.85,0.49,588.46,40.0,0,normal
2027-04-30 11:12:11.101326,20.41,77.29,25.44,6.33,1.09,491.22,40.0,0,normal
2026-09-28 12:12:10.785451,24.82,76.62,25.77,6.8,0.56,443.12,40.0,0,normal
2027-06-01 23:12:11.150600,30.0,70.3,23.9,6.17,0.47,620.68,100.0,0,normal
2027-05-08 21:12:11.113731,23.56,81.21,26.27,6.69,0.84,846.64,100.0,0,normal
2027-04-25 12:12:11.094432,19.58,65.0,23.76,6.14,0.92,619.14,100.0,0,normal
2026-08-19 07:12:10.728248,22.49,80.71,26.53,6.08,0.82,776.75,100.0,0,normal
2027-02-08 21:12:10.981308,25.12,68.15,25.61,6.4,0.6,529.67,40.0,0,normal
2026-08-24 13:12:10.735460,24.05,76.1,24.46,5.88,1.19,655.52,100.0,0,normal
2026-06-09 14:12:10.630346,19.14,69.34,24.0,6.42,0.82,603.62,100.0,0,normal
2026-12-11 10:12:10.896041,26.27,70.0,26.82,6.59,1.42,468.36,40.0,0,normal
2026-06-14 19:12:11.202139,14.53,75.0,25.0,6.15,0.75,600.0,60.0,1,low_temp
2026-06-10 02:12:11.206885,33.16,75.0,11.32,6.15,2.02,600.0,0.0,1,combined_stress
2027-02-22 07:12:11.000735,17.71,72.56,26.42,5.8,0.68,702.04,100.0,0,normal
2026-10-07 04:12:10.798003,24.58,80.1,24.16,6.32,0.92,621.71,100.0,0,normal
2026-07-31 22:12:10.703168,22.96,75.63,25.31,6.19,0.47,662.3,100.0,0,normal
2026-09-04 07:12:10.750464,21.78,66.56,24.59,6.22,0.68,532.22,40.0,0,normal
2026-05-24 21:12:10.604815,27.76,80.93,24.23,6.44,0.97,973.66,100.0,0,normal
2026-07-09 17:12:10.672540,22.66,66.49,24.15,5.5,0.61,480.76,40.0,0,normal
2026-05-24 01:12:10.603607,24.88,79.24,24.5,5.82,1.14,523.2,40.0,0,normal
2026-07-04 22:12:10.665899,17.0,74.35,25.98,6.21,0.86,169.52,40.0,0,normal
2026-11-05 21:12:10.840900,28.78,83.11,26.45,5.89,0.95,545.08,40.0,0,normal
2026-06-27 17:12:10.656304,23.48,74.78,25.11,6.16,0.5,729.9,100.0,0,normal
2026-09-09 12:12:10.757342,22.09,70.86,24.65,6.24,0.68,501.72,40.0,0,normal
2026-12-01 09:12:10.880882,24.63,70.29,27.0,5.98,0.29,1004.88,100.0,0,normal
2026-08-31 16:12:10.745671,23.39,78.23,25.22,6.38,0.74,492.72,40.0,0,normal
2026-12-04 04:12:10.885064,19.73,74.25,26.44,6.33,0.8,582.48,40.0,0,normal
2026-07-22 04:12:10.689757,23.05,74.3,24.08,5.86,1.03,645.59,100.0,0,normal
2027-05-05 18:12:11.109043,20.65,70.13,24.44,6.35,0.97,839.51,100.0,0,normal
2026-12-17 18:12:10.905370,21.83,78.66,23.21,6.32,0.79,543.99,40.0,0,normal
2026-08-31 18:12:10.745777,27.38,73.34,23.83,6.27,0.95,632.44,100.0,0,normal
2026-12-02 17:12:10.883035,20.04,71.82,24.85,6.19,0.34,987.46,100.0,0,normal
2026-05-31 15:12:10.617060,20.37,77.6,23.2,6.29,0.22,633.61,100.0,0,normal
2026-07-16 01:12:10.680945,26.88,76.58,23.0,5.99,0.94,544.24,40.0,0,normal
2026-05-23 18:12:10.603136,25.13,77.43,23.22,6.6,0.34,1055.39,100.0,0,normal
2026-06-23 10:12:10.650422,27.51,75.31,24.17,6.67,0.89,564.65,40.0,0,normal
2027-05-29 20:12:11.145743,18.79,77.35,23.66,6.05,0.63,306.22,40.0,0,normal
2026-10-29 09:12:10.830168,21.7,77.68,26.29,6.19,0.98,706.96,100.0,0,normal
2026-08-02 02:12:10.704700,20.54,82.56,26.49,6.12,0.81,797.28,100.0,0,normal
2026-10-31 22:12:10.833876,20.92,79.03,24.11,6.46,0.47,416.09,40.0,0,normal
2026-06-15 04:12:10.638912,18.43,75.63,25.63,5.79,0.55,317.0,40.0,0,normal
2026-10-29 03:12:10.829815,24.39,75.84,25.95,5.91,0.66,688.02,100.0,0,normal
2027-01-20 06:12:10.953577,21.96,78.41,24.37,6.52,0.5,672.26,100.0,0,normal
2026-05-31 11:12:11.203316,23.5,75.0,11.06,6.15,2.6,600.0,0.0,1,drought
2027-03-12 13:12:11.029238,30.0,77.83,24.65,6.48,1.22,599.39,40.0,0,normal
2026-07-23 04:12:10.691188,27.3,79.47,24.7,6.37,0.62,534.87,40.0,0,normal
2027-04-25 17:12:11.094700,24.26,75.79,23.45,6.1,0.84,434.18,40.0,0,normal
2027-01-10 17:12:10.940662,17.34,70.58,24.84,6.47,0.82,483.99,40.0,0,normal
2026-05-24 14:12:10.604368,17.87,75.07,24.81,6.2,1.32,249.89,40.0,0,normal
2027-05-02 22:12:11.104877,21.43,75.32,25.76,6.14,0.69,530.05,40.0,0,normal
2026-12-06 19:12:10.888939,19.48,75.45,26.41,5.92,0.95,513.6,40.0,0,normal
2027-03-21 18:12:11.042336,19.85,72.43,25.74,5.66,1.16,416.79,40.0,0,normal
2026-06-07 19:12:10.627882,28.93,78.03,24.16,5.78,0.62,676.84,100.0,0,normal
2026-06-04 21:12:10.623016,24.53,74.14,25.27,6.07,0.29,792.57,100.0,0,normal
2026-08-16 21:12:10.725026,23.66,78.56,25.44,6.12,0.87,517.13,40.0,0,normal
2027-03-02 15:12:11.013326,23.95,76.62,27.0,6.4,0.65,644.13,100.0,0,normal
2026-05-28 21:12:10.612326,23.67,72.31,23.11,6.03,0.67,365.73,40.0,0,normal
2027-01-01 23:12:10.928331,23.02,67.63,24.54,6.32,1.07,741.34,100.0,0,normal
2026-09-12 04:12:10.761505,22.5,65.48,25.14,6.33,0.59,347.55,40.0,0,normal
2027-05-28 17:12:11.144083,22.24,76.91,25.0,6.4,0.55,531.27,40.0,0,normal
2027-04-12 22:12:11.076366,21.92,80.14,24.93,6.52,1.2,565.87,40.0,0,normal
2027-02-02 16:12:10.971760,27.99,73.25,26.65,6.14,0.38,492.05,40.0,0,normal
2027-06-13 00:12:11.167187,29.2,82.29,25.64,6.03,1.25,384.11,40.0,0,normal
2026-07-16 15:12:10.681720,21.63,72.7,25.48,6.72,1.35,523.47,40.0,0,normal
2027-03-18 12:12:11.037808,22.04,72.08,24.78,5.87,0.44,560.88,40.0,0,normal
2026-07-30 04:12:10.700824,24.74,71.51,25.32,6.53,0.68,594.11,40.0,0,normal
2026-10-18 02:12:10.814398,21.48,77.92,25.23,6.07,0.53,525.32,40.0,0,normal
2026-06-22 10:12:10.648984,25.25,85.0,24.71,5.88,1.36,562.68,40.0,0,normal
2027-02-20 07:12:10.997863,22.96,76.89,24.85,6.3,0.32,833.13,100.0,0,normal
2026-06-20 11:12:10.646388,24.03,72.36,24.26,6.12,0.91,559.39,40.0,0,normal
2026-09-24 15:12:10.779587,19.89,77.33,24.27,5.53,0.83,457.41,40.0,0,normal
2027-05-13 12:12:11.120197,20.18,68.56,24.91,6.23,0.32,552.41,40.0,0,normal
2026-05-26 21:12:11.205393,23.5,75.0,25.0,5.06,0.75,600.0,60.0,1,ph_acidic
2026-06-03 02:12:11.201797,10.1,75.0,25.0,6.15,0.75,600.0,60.0,1,low_temp
2027-06-02 00:12:11.150656,23.46,70.08,24.99,6.72,0.99,645.88,100.0,0,normal
2026-06-09 11:12:11.201422,33.21,48.4,25.0,6.15,0.75,600.0,42.0,1,high_temp
2027-05-31 05:12:11.148200,25.98,75.68,26.79,6.49,0.61,809.65,100.0,0,normal
2026-08-06 11:12:10.710548,24.84,79.3,25.43,6.36,0.68,808.58,100.0,0,normal
2026-09-23 21:12:10.778547,21.2,80.25,25.33,5.95,0.93,578.0,40.0,0,normal
2027-01-03 02:12:10.929903,23.05,78.31,24.15,5.74,0.66,670.16,100.0,0,normal
2027-05-14 11:12:11.121461,24.31,69.79,23.97,6.1,0.9,873.36,100.0,0,normal
2027-05-22 09:12:11.134197,23.25,83.56,26.07,5.86,1.4,681.03,100.0,0,normal
2026-12-19 16:12:10.908214,18.36,70.66,23.89,6.3,0.55,66.66,40.0,0,normal
2027-06-15 14:12:11.171313,19.68,77.35,25.24,5.8,1.08,677.22,100.0,0,normal
2027-03-30 20:12:11.055880,26.37,73.6,23.61,6.07,0.61,526.57,40.0,0,normal
2027-04-21 03:12:11.088287,21.39,67.71,24.62,5.69,0.91,548.47,40.0,0,normal
2026-07-01 21:12:11.206241,23.5,75.0,25.0,6.15,0.75,5.81,0.0,1,low_light
2027-03-27 20:12:11.051721,29.84,71.94,25.73,6.34,0.43,675.1,100.0,0,normal
2026-08-23 15:12:10.734220,27.21,73.59,24.25,6.15,0.92,788.55,100.0,0,normal
2026-06-25 20:12:10.653815,26.52,80.36,25.94,6.24,0.33,682.24,100.0,0,normal
2027-05-06 16:12:11.110571,28.23,68.62,27.0,6.23,0.67,671.94,100.0,0,normal
2027-05-01 22:12:11.103505,22.79,67.69,25.47,6.25,0.97,588.31,40.0,0,normal
2026-06-09 01:12:10.629625,27.06,74.32,25.7,5.8,0.85,574.0,40.0,0,normal
2026-06-04 01:12:11.204811,23.5,75.0,25.0,6.15,8.34,600.0,4.27,1,high_salinity
2027-02-03 11:12:10.973000,24.47,71.13,23.0,6.29,0.71,483.12,40.0,0,normal
2026-12-09 10:12:10.893057,26.53,72.11,24.07,6.44,0.8,388.88,40.0,0,normal
2027-01-16 23:12:10.949218,26.39,77.03,24.27,6.05,0.44,532.04,40.0,0,normal
2027-03-11 11:12:11.027624,25.23,73.97,25.06,6.4,1.02,795.18,100.0,0,normal
2026-07-10 18:12:10.673915,23.05,77.43,25.27,5.5,0.98,1128.78,100.0,0,normal
2027-03-06 20:12:11.020349,17.0,69.94,25.57,6.27,0.96,460.01,40.0,0,normal
2027-01-04 12:12:10.931876,26.22,74.11,25.44,6.58,0.53,310.21,40.0,0,normal
2026-09-27 00:12:10.783328,20.58,81.05,26.72,6.15,1.32,818.72,100.0,0,normal
2026-09-25 21:12:10.781733,20.47,66.11,24.59,6.09,0.91,233.1,40.0,0,normal
2026-10-05 00:12:10.794901,27.25,76.35,24.87,6.34,0.6,594.92,40.0,0,normal
2026-09-12 18:12:10.762292,26.14,76.46,24.62,6.09,0.94,727.8,100.0,0,normal
2027-06-16 20:12:11.173690,21.66,69.6,23.0,5.74,0.5,1001.82,100.0,0,normal
2026-06-09 02:12:10.629680,20.95,76.13,24.88,6.02,1.15,632.59,100.0,0,normal
2026-10-05 09:12:10.795425,26.81,73.88,23.0,6.41,0.41,622.18,100.0,0,normal
2027-03-09 15:12:11.024554,20.48,74.3,25.5,6.43,1.06,781.09,100.0,0,normal
2027-06-04 19:12:11.154588,23.57,77.29,24.74,6.14,0.65,846.14,100.0,0,normal
2026-05-26 09:12:10.607742,22.38,70.31,25.13,5.67,1.42,731.88,100.0,0,normal
2026-10-07 03:12:10.797950,25.88,79.75,24.29,6.15,1.15,637.57,100.0,0,normal
2026-07-30 01:12:10.700661,22.17,66.33,25.92,6.29,0.76,698.77,100.0,0,normal
2026-07-24 22:12:10.693697,26.19,69.4,25.49,6.08,0.87,554.23,40.0,0,normal
2026-12-31 18:12:10.926467,18.93,79.25,23.37,5.63,0.8,532.05,40.0,0,normal
2026-11-08 10:12:10.844928,29.24,75.29,27.0,6.13,0.78,718.39,100.0,0,normal
2026-12-26 00:12:10.916838,24.9,81.14,23.86,6.21,0.86,653.05,100.0,0,normal
2026-12-30 06:12:10.924179,26.25,75.67,24.87,6.26,1.0,849.04,100.0,0,normal
2026-07-21 04:12:10.688365,25.48,78.54,25.96,5.8,0.83,391.55,40.0,0,normal
2026-05-30 23:12:10.616021,25.53,71.75,25.27,6.31,0.78,302.2,40.0,0,normal
2026-12-31 03:12:10.925625,24.86,75.37,24.86,5.87,0.77,474.72,40.0,0,normal
2027-01-02 12:12:10.929079,24.21,77.67,24.31,5.68,1.0,780.6,100.0,0,normal
2027-05-04 10:12:11.107107,23.56,78.13,23.69,6.38,0.51,364.17,40.0,0,normal
2027-02-17 17:12:10.994160,24.24,72.02,24.71,6.39,0.47,158.19,40.0,0,normal
2026-07-20 04:12:10.686886,29.86,82.37,26.19,6.33,0.26,944.35,100.0,0,normal
2026-10-12 10:12:10.805895,21.46,83.35,23.4,5.83,1.3,721.52,100.0,0,normal
2027-05-10 02:12:11.115352,18.24,81.0,24.91,5.78,0.85,718.67,100.0,0,normal
2026-05-29 14:12:10.613978,22.38,67.48,25.46,6.28,1.15,806.35,100.0,0,normal
2027-04-28 17:12:11.098896,21.47,84.06,25.19,6.4,1.09,1034.28,100.0,0,normal
2027-05-19 10:12:11.129584,21.32,70.14,25.24,6.56,0.69,404.19,40.0,0,normal
2026-08-31 23:12:10.746045,26.65,80.84,23.58,6.56,0.62,395.9,40.0,0,normal
2027-05-23 10:12:11.135613,21.75,73.79,24.89,6.7,0.36,621.05,100.0,0,normal
2026-12-09 11:12:10.893113,23.44,78.73,25.62,6.01,0.73,422.89,40.0,0,normal
2027-01-13 19:12:10.944733,28.71,71.12,24.37,6.2,0.5,524.92,40.0,0,normal
2027-06-02 16:12:11.151575,23.29,71.69,23.18,6.55,0.63,822.02,100.0,0,normal
2027-04-30 10:12:11.101184,17.83,82.84,24.41,6.64,0.57,610.9,100.0,0,normal
2027-06-01 03:12:11.149451,20.93,72.39,25.87,6.13,0.92,564.09,40.0,0,normal
2027-06-02 18:12:11.151688,26.19,77.59,25.67,6.47,0.66,339.58,40.0,0,normal
2026-05-24 23:12:10.604934,20.82,78.62,24.97,6.16,0.86,717.12,100.0,0,normal
2026-06-13 17:12:10.636649,27.21,76.25,23.85,6.46,0.57,761.3,100.0,0,normal
2026-07-11 05:12:10.674537,25.05,77.13,24.36,5.99,0.6,586.08,40.0,0,normal
2026-09-27 07:12:10.783725,20.11,67.96,26.24,6.08,0.4,613.08,100.0,0,normal
2027-06-05 08:12:11.155314,21.51,70.87,25.65,5.91,0.89,363.32,40.0,0,normal
2027-02-15 20:12:10.991349,25.27,81.82,25.52,5.6,0.57,775.61,100.0,0,normal
2026-05-30 23:12:11.203161,23.5,75.0,15.47,6.15,2.86,600.0,40.51,1,drought
2026-11-27 05:12:10.874730,20.08,80.94,26.61,6.0,0.48,965.52,100.0,0,normal
2027-05-03 23:12:11.106491,23.9,73.47,24.5,5.83,0.76,830.89,100.0,0,normal
2027-03-30 00:12:11.054669,20.44,84.11,24.42,6.1,0.59,603.19,100.0,0,normal
2027-02-22 01:12:11.000360,22.59,72.22,25.93,6.14,0.33,652.68,100.0,0,normal
2027-05-19 23:12:11.130382,25.37,68.8,25.95,6.11,0.32,987.59,100.0,0,normal
2026-06-27 14:12:10.656140,20.12,75.02,23.89,5.9,0.39,655.22,100.0,0,normal
2027-04-22 18:12:11.090546,23.65,76.07,26.06,6.16,0.97,591.93,40.0,0,normal
2026-05-30 05:12:10.614828,24.94,85.0,24.97,6.57,0.85,694.96,100.0,0,normal
2026-06-18 09:12:11.203907,23.5,75.0,31.15,6.15,0.75,600.0,50.0,1,overwater
2026-10-06 08:12:10.796890,18.43,77.82,25.94,6.42,1.18,594.8,40.0,0,normal
2026-10-31 02:12:10.832589,26.72,82.51,25.23,5.56,0.49,505.57,40.0,0,normal
2026-09-06 04:12:10.752943,21.87,71.66,27.0,6.26,0.81,779.18,100.0,0,normal
2027-06-03 01:12:11.152128,30.0,69.04,25.84,6.15,0.75,471.36,40.0,0,normal
2027-03-19 14:12:11.039397,19.82,82.67,25.43,5.82,1.44,827.15,100.0,0,normal
2027-05-16 10:12:11.124318,25.19,76.67,25.42,6.47,0.1,727.79,100.0,0,normal
2027-06-16 06:12:11.172317,24.32,80.27,24.74,6.16,1.05,852.37,100.0,0,normal
2027-02-02 14:12:10.971640,21.47,76.3,25.2,6.21,0.79,616.98,100.0,0,normal
2026-12-07 14:12:10.890254,19.49,70.48,23.17,5.92,0.65,716.43,100.0,0,normal
2027-02-21 21:12:11.000146,17.82,78.83,23.49,6.16,0.8,809.04,100.0,0,normal
2026-09-25 01:12:10.780142,26.58,79.36,25.54,6.17,0.45,460.04,40.0,0,normal
2026-09-12 07:12:10.761665,27.69,78.45,25.26,6.16,0.33,424.85,40.0,0,normal
2027-05-17 13:12:11.126031,22.84,70.75,26.36,5.97,0.96,721.17,100.0,0,normal
2027-03-20 22:12:11.041233,19.98,81.7,24.53,5.55,0.94,475.57,40.0,0,normal
2027-06-14 15:12:11.169377,23.47,73.64,25.41,6.22,0.92,679.49,100.0,0,normal
2027-01-02 15:12:10.929272,22.82,68.26,24.5,6.16,0.98,401.04,40.0,0,normal
2026-12-26 16:12:10.917722,24.49,78.54,23.49,6.04,0.29,782.96,100.0,0,normal
2026-05-24 17:12:11.206057,23.5,75.0,25.0,6.15,0.75,8.85,0.0,1,low_light
2026-09-10 19:12:10.759059,24.2,74.38,25.34,6.47,0.9,946.43,100.0,0,normal
2026-11-05 16:12:10.840564,22.6,81.99,25.45,6.17,1.19,783.25,100.0,0,normal
2027-05-02 01:12:11.103708,21.63,76.58,24.61,6.5,0.71,652.85,100.0,0,normal
2026-09-29 20:12:10.787312,22.28,67.55,25.95,5.89,1.5,534.35,40.0,0,normal
2026-10-31 23:12:10.833932,25.39,68.39,26.51,5.75,0.73,786.2,100.0,0,normal
2026-05-31 03:12:10.616243,19.86,77.71,25.09,5.76,0.64,680.33,100.0,0,normal
2026-12-08 09:12:10.891472,27.64,82.03,25.94,6.18,0.53,302.86,40.0,0,normal
2027-03-06 02:12:11.018847,22.41,77.88,24.0,5.5,0.72,412.3,40.0,0,normal
2026-11-23 20:12:10.869883,25.25,77.14,23.0,6.24,0.96,573.65,40.0,0,normal
2026-09-05 00:12:10.751405,28.06,78.46,24.85,6.34,1.1,550.38,40.0,0,normal
2026-09-18 15:12:10.770825,24.65,72.3,24.29,6.46,0.81,379.3,40.0,0,normal
2026-07-12 21:12:10.676737,22.42,74.38,25.4,6.72,1.16,356.79,40.0,0,normal
2026-06-08 13:12:10.628940,27.78,65.68,25.41,6.02,0.47,691.87,100.0,0,normal
2027-02-05 10:12:10.975611,17.92,77.97,25.15,6.27,0.75,254.36,40.0,0,normal
2026-08-15 19:12:10.723499,19.78,72.77,24.47,6.43,0.47,311.64,40.0,0,normal
2027-05-10 19:12:11.116525,20.64,77.29,26.27,6.43,0.68,893.55,100.0,0,normal
2027-02-14 01:12:10.988819,22.52,75.67,25.37,6.48,0.97,702.99,100.0,0,normal
2027-03-03 01:12:11.014083,22.07,80.7,26.62,5.9,1.5,233.75,40.0,0,normal
2026-11-25 22:12:10.872791,23.84,66.18,25.26,6.44,0.47,500.36,40.0,0,normal
2026-07-09 15:12:10.672433,23.71,79.11,26.13,5.96,0.14,890.21,100.0,0,normal
2026-06-01 15:12:10.618397,20.86,72.26,24.88,5.89,0.41,592.94,40.0,0,normal
2026-06-08 08:12:10.628658,24.97,72.22,24.25,5.85,0.91,996.75,100.0,0,normal
2027-06-08 05:12:11.159514,22.55,70.63,25.43,6.4,0.0,596.66,40.0,0,normal
2027-04-09 13:12:11.071432,21.75,81.35,23.94,6.28,0.6,795.18,100.0,0,normal
2026-09-26 03:12:10.782068,28.11,82.22,25.36,6.09,0.87,221.78,40.0,0,normal
2026-06-22 16:12:10.649305,20.9,65.66,24.23,5.99,0.17,630.26,100.0,0,normal
2026-07-18 18:12:10.684701,24.14,77.28,25.19,6.58,0.58,882.71,100.0,0,normal
2026-06-18 07:12:10.643526,21.57,72.29,23.82,6.23,0.54,718.53,100.0,0,normal
2026-07-11 02:12:10.674365,20.12,85.0,26.58,6.27,1.05,435.23,40.0,0,normal
2026-08-30 14:12:10.744245,25.69,67.52,25.81,6.24,0.85,642.34,100.0,0,normal
2026-11-01 03:12:10.834155,23.1,71.6,25.41,6.1,1.13,696.61,100.0,0,normal
2026-11-16 04:12:10.857566,17.85,80.92,24.75,6.05,0.91,550.46,40.0,0,normal
2026-12-28 13:12:10.921702,18.11,69.48,26.03,6.02,0.0,383.45,40.0,0,normal
2026-09-26 08:12:10.782337,19.77,72.03,23.0,6.66,0.65,533.36,40.0,0,normal
2026-09-16 23:12:10.768491,25.46,65.61,25.1,6.2,0.53,351.49,40.0,0,normal
2026-09-22 19:12:10.776960,21.76,82.28,25.84,6.14,0.71,173.71,40.0,0,normal
2026-06-04 17:12:10.622760,22.9,75.97,24.49,6.19,1.27,591.33,40.0,0,normal
2026-11-15 22:12:10.857189,23.69,74.94,25.83,6.2,0.54,1014.74,100.0,0,normal
2027-01-26 17:12:10.962117,23.06,76.58,23.3,6.45,0.24,469.17,40.0,0,normal
2026-12-23 06:12:10.913123,26.82,74.49,24.87,6.55,0.11,629.57,100.0,0,normal
2026-08-16 00:12:10.723859,27.29,84.61,23.03,6.74,0.65,313.67,40.0,0,normal
2027-02-19 17:12:10.997076,24.89,74.67,26.8,6.11,1.04,445.77,40.0,0,normal
2027-05-06 15:12:11.110495,22.68,69.23,27.0,6.19,1.02,400.27,40.0,0,normal
2026-10-07 14:12:10.798580,20.54,77.18,25.2,5.62,0.62,744.41,100.0,0,normal
2027-01-01 11:12:10.927627,21.24,73.12,24.24,6.3,0.64,672.56,100.0,0,normal
2026-11-22 13:12:10.868057,25.9,84.27,25.33,6.69,0.7,377.64,40.0,0,normal
2026-07-14 10:12:10.678788,24.64,81.08,24.49,6.19,0.31,517.45,40.0,0,normal
2027-05-13 16:12:11.120414,26.04,76.39,24.8,6.14,0.63,481.11,40.0,0,normal
2026-09-08 21:12:10.756522,23.71,71.28,26.19,6.25,0.96,656.07,100.0,0,normal
2026-12-22 16:12:10.912341,17.95,83.86,25.74,6.04,0.48,597.63,40.0,0,normal
2027-02-14 03:12:10.988928,22.82,69.95,25.29,5.87,0.4,380.66,40.0,0,normal
2027-04-18 15:12:11.084627,23.18,65.5,25.6,6.25,1.04,595.38,40.0,0,normal
2026-12-10 20:12:10.895205,19.0,72.93,25.55,6.44,1.15,17.3,0.0,0,normal
2026-10-27 03:12:10.826956,20.46,78.02,25.45,6.08,0.77,546.11,40.0,0,normal
2026-09-10 00:12:10.757988,20.79,75.18,23.26,6.28,0.79,539.01,40.0,0,normal
2027-05-02 00:12:11.103616,21.27,74.95,24.61,5.79,0.99,650.68,100.0,0,normal
2026-07-14 11:12:10.678842,24.12,75.73,23.91,6.27,0.65,415.98,40.0,0,normal
2027-05-30 04:12:11.146605,26.59,71.22,25.1,6.26,0.6,786.35,100.0,0,normal
2026-07-17 19:12:10.683376,24.76,76.17,23.88,5.78,0.16,578.4,40.0,0,normal
2026-07-20 22:12:10.687922,24.6,78.72,26.37,6.18,0.77,554.51,40.0,0,normal
2026-06-20 13:12:11.202296,23.5,75.0,11.48,6.15,1.9,600.0,0.0,1,drought
2026-10-13 05:12:10.807124,26.8,73.73,27.0,6.41,0.81,652.56,100.0,0,normal
2026-05-24 09:12:10.604062,23.25,65.2,24.91,6.7,1.06,516.83,40.0,0,normal
2027-01-19 13:12:10.952634,25.96,83.32,25.64,6.03,0.35,793.88,100.0,0,normal
2027-05-15 12:12:11.123031,25.48,73.14,25.22,6.09,0.05,773.21,100.0,0,normal
2026-12-31 12:12:10.926134,25.54,70.58,25.36,5.98,0.23,909.38,100.0,0,normal
2026-08-06 21:12:10.711114,23.73,65.0,24.7,6.12,0.56,677.23,100.0,0,normal
2027-02-05 09:12:10.975557,24.57,76.34,23.55,6.57,1.09,777.29,100.0,0,normal
2027-05-14 03:12:11.121029,21.84,74.82,25.53,6.15,1.04,495.11,40.0,0,normal
2027-01-09 06:12:10.938716,23.41,73.72,24.07,6.43,1.22,752.49,100.0,0,normal
2026-09-19 01:12:10.771401,19.91,75.08,23.68,6.01,1.14,491.17,40.0,0,normal
2026-08-02 16:12:10.705493,24.53,73.3,23.71,6.8,0.44,363.42,40.0,0,normal
2027-05-06 20:12:11.110788,28.18,73.33,25.29,6.56,0.74,785.17,100.0,0,normal
2027-01-19 12:12:10.952580,24.43,77.31,24.76,6.3,0.84,531.96,40.0,0,normal
2027-04-22 04:12:11.089770,21.38,75.98,23.87,6.02,0.47,720.21,100.0,0,normal
2027-03-28 03:12:11.052132,24.64,83.98,24.97,6.04,0.35,363.29,40.0,0,normal
2026-06-21 21:12:10.648263,25.57,75.22,25.35,6.48,0.76,456.19,40.0,0,normal
2027-02-11 10:12:10.984957,29.17,81.04,25.38,6.23,1.06,897.94,100.0,0,normal
2026-07-28 17:12:10.698907,25.5,66.34,23.98,5.65,1.03,455.5,40.0,0,normal
2026-06-12 21:12:10.635350,24.41,71.9,24.78,5.77,0.53,574.2,40.0,0,normal
2027-02-20 11:12:10.998075,23.37,72.18,24.2,5.96,0.67,851.55,100.0,0,normal
2026-11-13 18:12:10.853994,27.82,75.2,25.33,6.48,0.95,556.65,40.0,0,normal
2027-01-03 01:12:10.929845,23.81,70.69,26.96,5.51,0.98,725.65,100.0,0,normal
2027-02-24 15:12:11.004326,21.54,73.53,25.72,5.76,0.69,598.15,40.0,0,normal
2027-03-21 05:12:11.041634,25.49,77.46,24.48,6.15,1.02,900.63,100.0,0,normal
2026-06-09 04:12:10.629790,25.89,77.8,25.03,6.16,0.87,530.86,40.0,0,normal
2026-09-22 09:12:10.776107,23.4,74.16,24.28,6.35,0.64,727.6,100.0,0,normal
2026-06-03 21:12:10.621653,18.78,71.35,26.26,6.08,0.65,906.38,100.0,0,normal
2026-07-26 06:12:10.695589,23.04,78.77,24.83,5.73,0.72,724.48,100.0,0,normal
2026-09-08 16:12:10.756251,22.42,78.61,23.0,6.67,0.88,622.37,100.0,0,normal
2027-01-10 04:12:10.939947,20.46,77.81,23.75,6.19,0.58,404.37,40.0,0,normal
2026-11-22 21:12:10.868543,26.16,78.77,26.19,6.43,0.92,1049.93,100.0,0,normal
2026-06-07 18:12:10.627825,29.26,76.2,25.49,5.78,0.79,643.87,100.0,0,normal
2026-12-24 13:12:10.914824,21.61,70.12,23.79,5.87,0.34,549.45,40.0,0,normal
2026-06-27 18:12:10.656358,23.1,66.96,24.52,6.59,1.16,568.96,40.0,0,normal
2027-01-30 03:12:10.966713,27.02,78.41,24.11,5.99,0.44,612.39,100.0,0,normal
2027-05-07 12:12:11.111689,25.81,75.35,25.67,6.33,1.29,856.63,100.0,0,normal
2026-10-05 02:12:10.795009,17.0,75.65,25.63,6.2,0.12,548.1,40.0,0,normal
2027-05-07 04:12:11.111239,26.17,83.3,25.79,6.46,1.18,422.33,40.0,0,normal
2026-12-08 19:12:10.892139,28.79,65.0,26.52,6.6,0.72,719.32,100.0,0,normal
2027-01-26 06:12:10.961522,25.13,78.53,26.05,6.55,0.32,895.18,100.0,0,normal
2027-01-08 09:12:10.937512,23.54,76.03,24.17,6.78,0.62,581.95,40.0,0,normal
2026-06-03 01:12:10.620489,23.25,66.15,25.03,6.05,0.91,670.08,100.0,0,normal
2027-01-03 05:12:10.930086,24.43,70.78,23.45,5.91,1.41,732.14,100.0,0,normal
2027-05-08 08:12:11.112942,24.0,65.0,26.14,6.42,0.7,740.94,100.0,0,normal
2026-09-08 08:12:10.755797,28.61,65.56,24.23,5.96,0.64,583.77,40.0,0,normal
2027-02-04 12:12:10.974387,29.57,75.8,25.42,5.69,1.09,628.15,100.0,0,normal
2026-06-10 21:12:10.632318,21.62,81.4,23.13,6.48,1.09,665.63,100.0,0,normal
2027-03-11 20:12:11.028111,25.31,78.89,24.94,6.48,0.71,765.49,100.0,0,normal
2027-06-07 05:12:11.158012,22.97,70.24,24.83,6.19,0.49,409.75,40.0,0,normal
2026-10-25 12:12:10.824601,23.0,74.02,23.75,6.26,0.94,700.12,100.0,0,normal
2026-09-28 16:12:10.785667,25.16,75.84,25.14,6.06,0.47,600.25,100.0,0,normal
2027-02-11 04:12:10.984636,24.19,70.9,24.66,6.18,0.88,744.18,100.0,0,normal
2026-06-21 18:12:10.648103,17.41,76.93,25.23,6.49,1.07,651.35,100.0,0,normal
2026-09-29 14:12:10.786969,23.15,75.89,23.0,5.89,1.13,723.9,100.0,0,normal
2027-04-08 10:12:11.069946,21.54,78.92,23.24,6.21,0.72,798.39,100.0,0,normal
2027-04-27 00:12:11.096569,22.91,75.51,24.78,6.13,0.72,289.64,40.0,0,normal
2027-01-02 06:12:10.928721,22.29,74.55,25.44,6.08,0.53,701.75,100.0,0,normal
2027-01-08 18:12:10.938047,17.46,83.9,25.42,5.96,1.5,850.67,100.0,0,normal
2026-12-11 13:12:10.896208,20.74,79.45,23.14,6.45,0.47,890.48,100.0,0,normal
2026-11-11 02:12:10.849493,22.99,71.66,24.38,5.55,1.1,501.48,40.0,0,normal
2026-05-22 11:12:11.205334,23.5,75.0,25.0,4.62,0.75,600.0,60.0,1,ph_acidic
2026-11-30 10:12:10.879408,19.85,76.04,24.39,6.13,0.69,846.26,100.0,0,normal
2026-10-22 17:12:10.820837,17.78,74.23,25.69,5.83,0.46,536.08,40.0,0,normal
2026-10-22 06:12:10.820231,20.82,73.98,24.56,5.98,1.08,953.67,100.0,0,normal
2026-08-06 16:12:10.710827,24.58,72.47,23.66,6.09,1.0,558.14,40.0,0,normal
2026-08-13 04:12:10.719981,25.04,75.65,24.72,6.39,1.04,723.42,100.0,0,normal
2026-08-30 00:12:10.743480,19.83,79.62,24.07,5.92,1.36,876.41,100.0,0,normal
2027-04-01 18:12:11.059156,18.14,68.35,25.71,5.78,0.76,371.82,40.0,0,normal
2027-02-28 12:12:11.010099,24.42,74.94,24.96,6.5,0.6,1224.0,100.0,0,normal
2027-02-13 00:12:10.987272,25.13,82.79,25.16,6.5,0.88,822.82,100.0,0,normal
2027-05-08 03:12:11.112672,27.51,77.84,25.54,5.97,0.93,838.5,100.0,0,normal
2026-06-24 09:12:10.651778,23.21,78.15,24.04,6.47,0.46,734.58,100.0,0,normal
2026-10-13 10:12:10.807391,19.21,74.45,25.38,5.72,1.01,952.14,100.0,0,normal
2027-03-28 22:12:11.053243,17.56,76.07,25.48,6.28,1.06,900.39,100.0,0,normal
2026-07-19 14:12:10.685908,21.32,79.43,25.76,6.14,0.84,966.14,100.0,0,normal
2027-05-19 19:12:11.130123,27.49,74.98,25.21,6.08,1.09,981.17,100.0,0,normal
2026-05-24 22:12:10.604873,24.04,78.43,24.05,6.12,0.73,792.74,100.0,0,normal
2027-05-07 17:12:11.112095,24.49,77.57,24.44,5.89,0.22,293.39,40.0,0,normal
2026-09-14 00:12:10.764513,21.4,81.82,25.11,6.14,0.65,609.09,100.0,0,normal
2026-12-21 18:12:10.911119,20.84,72.37,25.43,6.29,0.7,318.4,40.0,0,normal
2026-07-27 03:12:10.696761,29.6,68.11,24.25,5.93,0.62,387.26,40.0,0,normal
2026-11-22 08:12:10.867778,27.92,73.13,25.29,5.97,1.13,657.19,100.0,0,normal
2027-01-09 13:12:10.939113,27.5,76.33,25.39,5.98,1.11,387.41,40.0,0,normal
2026-07-05 19:12:10.667058,22.34,74.97,26.14,6.37,0.3,584.5,40.0,0,normal
2026-09-26 16:12:10.782894,20.15,79.72,23.0,6.43,0.48,539.83,40.0,0,normal
2026-11-27 19:12:10.875537,17.27,73.2,24.34,6.1,1.16,536.94,40.0,0,normal
2026-10-19 17:12:10.816659,28.8,70.26,25.23,6.21,0.51,363.08,40.0,0,normal
2027-06-03 19:12:11.153199,26.71,77.07,25.83,6.02,0.52,412.37,40.0,0,normal
2026-09-07 12:12:10.754708,23.46,67.92,23.4,5.68,0.76,264.75,40.0,0,normal
2027-05-25 01:12:11.138085,22.1,69.15,23.25,6.54,1.22,270.17,40.0,0,normal
2026-07-26 20:12:10.696380,24.29,75.31,24.6,5.93,0.57,858.82,100.0,0,normal
2026-05-25 15:12:11.205541,23.5,75.0,25.0,7.54,0.75,600.0,60.0,1,ph_alkaline
2026-06-28 09:12:11.203636,23.5,75.0,34.81,6.15,0.75,600.0,0.0,1,overwater
2027-03-19 05:12:11.038778,18.68,65.0,25.36,6.13,0.86,479.54,40.0,0,normal
2026-06-08 02:12:10.628283,22.04,71.93,25.45,5.92,0.52,1016.21,100.0,0,normal
2027-03-06 04:12:11.019006,21.58,67.29,25.67,5.5,0.37,453.73,40.0,0,normal
2027-05-31 22:12:11.149174,25.34,69.33,25.19,5.93,0.35,568.34,40.0,0,normal
2027-03-06 14:12:11.019803,26.29,75.25,25.16,6.46,0.48,712.46,100.0,0,normal
2026-12-25 22:12:10.916706,29.71,70.11,26.0,5.87,0.82,563.38,40.0,0,normal
2026-10-26 09:12:10.825957,28.85,77.91,24.65,5.62,0.84,293.16,40.0,0,normal
2026-09-12 15:12:10.762102,21.96,75.97,26.38,6.16,0.96,407.16,40.0,0,normal
2026-06-10 22:12:10.632435,24.53,74.22,23.15,6.2,1.06,354.46,40.0,0,normal
2026-07-16 10:12:10.681447,19.67,72.2,26.09,6.49,1.29,890.68,100.0,0,normal
2027-02-20 14:12:10.998378,22.41,72.24,26.33,6.03,0.53,938.55,100.0,0,normal
2026-06-01 14:12:11.202468,23.5,75.0,16.02,6.15,2.78,600.0,41.06,1,drought
2026-08-04 02:12:10.707401,26.08,76.86,26.95,5.74,0.54,652.79,100.0,0,normal
2027-01-30 23:12:10.967829,23.25,72.11,26.15,6.21,0.78,580.61,40.0,0,normal
2026-06-22 08:12:10.648875,24.7,74.12,26.41,5.94,0.63,588.64,40.0,0,normal
2027-01-18 07:12:10.950983,26.94,72.44,25.54,6.58,0.66,663.84,100.0,0,normal
2027-04-12 15:12:11.075990,19.85,71.69,25.88,6.29,0.45,1210.28,100.0,0,normal
2027-03-15 17:12:11.033810,22.16,74.86,25.88,5.92,0.54,403.47,40.0,0,normal
2027-06-03 18:12:11.153142,18.62,70.91,24.77,6.55,0.71,678.97,100.0,0,normal
2027-01-22 17:12:10.956827,21.97,73.47,24.62,6.22,0.89,758.24,100.0,0,normal
2026-10-20 12:12:10.817764,23.81,70.08,24.41,6.21,1.18,973.09,100.0,0,normal
2027-04-21 01:12:11.088181,27.42,74.41,24.98,5.92,1.13,498.62,40.0,0,normal
2027-04-05 06:12:11.065224,19.65,78.1,24.67,6.01,0.45,731.65,100.0,0,normal
2027-02-17 04:12:10.993425,25.26,72.87,26.08,6.54,0.52,605.62,100.0,0,normal
2026-06-10 13:12:10.631824,30.0,67.02,25.64,6.3,0.91,448.26,40.0,0,normal
2026-07-25 10:12:10.694376,25.41,72.62,23.34,6.13,0.86,405.25,40.0,0,normal
2027-02-08 22:12:10.981363,24.39,74.58,25.8,5.96,0.88,641.95,100.0,0,normal
2026-09-10 20:12:10.759429,19.41,65.0,25.52,6.22,0.95,599.2,40.0,0,normal
2027-03-20 08:12:11.040388,22.89,69.77,25.49,5.87,0.89,752.11,100.0,0,normal
2027-02-03 12:12:10.973054,20.65,68.68,23.59,5.95,0.22,820.95,100.0,0,normal
2026-07-03 18:12:10.664347,21.11,72.11,24.07,6.31,1.14,824.41,100.0,0,normal
2026-11-06 16:12:10.841975,20.47,65.25,25.32,6.47,0.85,321.49,40.0,0,normal
2026-10-09 20:12:10.802053,25.24,76.72,27.0,6.6,0.93,829.04,100.0,0,normal
2027-02-01 19:12:10.970231,28.04,72.99,25.9,6.13,0.64,861.11,100.0,0,normal
2026-08-28 03:12:10.741010,26.21,65.07,26.59,6.16,1.41,666.3,100.0,0,normal
2027-03-20 04:12:11.040170,21.63,75.81,25.24,5.63,0.93,981.51,100.0,0,normal
2026-10-19 02:12:10.815816,27.6,76.3,25.61,6.02,0.61,775.28,100.0,0,normal
2026-06-23 06:12:10.650190,20.74,76.43,25.21,6.18,0.43,629.69,100.0,0,normal
2027-05-20 09:12:11.131229,26.27,82.09,25.47,5.87,0.51,883.81,100.0,0,normal
2027-05-23 23:12:11.136367,22.36,72.59,25.77,6.15,1.1,625.57,100.0,0,normal
2026-10-09 22:12:10.802186,23.43,80.99,23.69,5.96,0.97,588.77,40.0,0,normal
2026-06-17 18:12:10.642748,24.29,78.16,25.51,6.25,0.88,591.4,40.0,0,normal
2027-01-05 08:12:10.933126,23.13,67.83,26.51,5.83,1.15,592.41,40.0,0,normal
2026-11-21 23:12:10.867087,28.74,74.73,24.83,5.94,0.74,713.87,100.0,0,normal
2026-11-20 00:12:10.864189,18.81,77.7,24.54,6.51,0.03,459.42,40.0,0,normal
2027-05-12 07:12:11.118544,28.82,79.8,24.94,6.47,0.7,869.31,100.0,0,normal
2026-07-07 05:12:10.668975,21.2,69.34,23.74,6.39,0.51,525.26,40.0,0,normal
2026-10-15 23:12:10.811268,23.59,77.59,25.39,6.07,0.33,372.9,40.0,0,normal
2026-11-14 01:12:10.854392,20.7,74.13,25.27,6.66,1.0,713.63,100.0,0,normal
2026-07-20 05:12:10.686941,22.55,76.6,25.97,6.31,0.58,884.34,100.0,0,normal
2027-03-22 05:12:11.043220,23.44,77.09,26.92,6.29,0.87,542.8,40.0,0,normal
2026-10-30 17:12:10.832096,24.31,74.14,25.27,6.22,0.89,400.07,40.0,0,normal
2026-12-12 12:12:10.897589,28.46,73.08,26.44,6.38,0.88,169.18,40.0,0,normal
2026-12-25 14:12:10.916255,23.63,76.89,25.71,6.04,0.68,798.92,100.0,0,normal
2026-12-13 17:12:10.899259,27.18,77.93,23.0,5.97,0.55,711.77,100.0,0,normal
2027-01-06 01:12:10.934116,25.02,81.74,24.67,5.65,0.92,379.72,40.0,0,normal
2027-04-12 10:12:11.075689,27.18,81.11,25.41,6.01,1.04,998.79,100.0,0,normal
2026-07-31 01:12:10.702001,20.81,80.01,26.06,5.75,1.15,520.83,40.0,0,normal
2027-02-25 17:12:11.005901,21.98,70.55,23.62,6.53,0.79,481.76,40.0,0,normal
2026-06-17 10:12:10.642291,19.44,73.41,25.53,5.86,0.0,603.14,100.0,0,normal
2026-09-06 02:12:10.752836,28.83,74.11,24.52,6.46,0.67,635.03,100.0,0,normal
2027-05-30 02:12:11.146374,26.41,78.38,25.01,5.94,1.5,540.06,40.0,0,normal
2026-08-20 07:12:10.729571,23.79,73.83,24.23,6.02,0.53,573.01,40.0,0,normal
2027-04-27 07:12:11.096960,21.03,82.87,25.75,6.29,0.59,852.16,100.0,0,normal
2027-05-26 21:12:11.141257,17.0,74.5,24.41,6.67,1.27,807.51,100.0,0,normal
2026-09-16 18:12:10.768206,20.18,73.26,27.0,6.35,0.71,102.79,40.0,0,normal
2027-02-25 13:12:11.005682,20.73,71.31,23.0,6.29,0.85,878.82,100.0,0,normal
2027-06-13 14:12:11.167947,26.99,85.0,26.51,6.06,1.23,648.41,100.0,0,normal
2027-03-31 05:12:11.056455,20.98,79.47,26.71,5.91,1.13,532.56,40.0,0,normal
2027-04-18 16:12:11.084680,24.92,82.25,25.14,6.46,0.44,808.67,100.0,0,normal
2027-05-12 06:12:11.118489,21.94,79.83,24.15,6.24,0.24,481.97,40.0,0,normal
2027-02-21 22:12:11.000199,22.19,69.73,26.93,6.05,0.66,676.92,100.0,0,normal
2026-11-13 06:12:10.853244,22.89,65.67,24.93,6.55,0.8,700.18,100.0,0,normal
2026-11-10 00:12:10.847644,18.48,77.12,24.41,6.8,0.4,798.97,100.0,0,normal
2026-07-09 21:12:10.672765,17.85,69.06,23.92,6.34,0.64,557.26,40.0,0,normal
2026-11-06 04:12:10.841286,22.46,65.84,23.34,6.69,1.46,336.57,40.0,0,normal
2027-02-19 20:12:10.997270,24.3,71.32,24.73,6.53,1.19,610.79,100.0,0,normal
2026-12-09 09:12:10.892998,19.75,82.42,25.99,6.32,0.51,917.73,100.0,0,normal
2026-09-06 09:12:10.753212,19.19,72.67,25.53,5.91,0.84,872.23,100.0,0,normal
2026-08-12 22:12:10.719535,25.02,73.31,26.82,6.09,1.01,17.3,0.0,0,normal
2027-06-15 15:12:11.171370,26.6,74.21,24.97,6.26,0.51,877.43,100.0,0,normal
2027-01-20 03:12:10.953412,18.73,81.65,23.3,6.21,0.88,384.15,40.0,0,normal
2027-04-13 18:12:11.077630,19.83,69.67,25.34,6.63,0.55,551.48,40.0,0,normal
2026-10-02 18:12:10.791421,17.93,75.04,25.71,6.21,0.77,729.95,100.0,0,normal
2026-10-10 17:12:10.803520,20.17,77.4,24.75,6.02,0.8,330.43,40.0,0,normal
2026-09-08 13:12:10.756067,29.99,66.91,25.62,5.78,0.92,722.94,100.0,0,normal
2026-07-01 22:12:11.204832,23.5,75.0,25.0,6.15,2.08,600.0,91.91,1,high_salinity
2026-07-19 19:12:10.686307,24.55,81.29,25.1,6.61,0.96,512.27,40.0,0,normal
2026-12-08 14:12:10.891855,25.08,72.53,24.3,5.73,0.96,343.45,40.0,0,normal
2027-04-05 09:12:11.065459,26.55,76.08,25.5,6.29,0.67,502.44,40.0,0,normal
2026-11-17 07:12:10.859798,26.92,76.41,26.61,6.4,0.36,750.78,100.0,0,normal
2027-04-15 00:12:11.079305,28.58,78.04,25.53,6.38,0.61,809.82,100.0,0,normal
2027-02-19 02:12:10.996162,17.51,79.81,24.24,6.67,0.69,359.91,40.0,0,normal
2026-06-25 00:12:10.652642,23.62,74.09,24.64,6.1,0.8,852.34,100.0,0,normal
2026-08-30 05:12:10.743750,24.29,82.11,25.55,6.12,0.19,661.84,100.0,0,normal
2027-01-01 20:12:10.928162,24.16,80.85,25.49,5.66,0.49,696.66,100.0,0,normal
2026-06-28 11:12:11.206201,23.5,75.0,25.0,6.15,0.75,14.5,0.0,1,low_light
2026-08-18 20:12:10.727604,20.37,73.31,27.0,6.27,1.16,780.97,100.0,0,normal
2026-08-04 22:12:10.708501,22.7,73.68,23.67,6.23,0.64,722.77,100.0,0,normal
2026-09-27 19:12:10.784379,21.99,77.96,24.25,6.34,0.36,511.23,40.0,0,normal
2027-04-27 18:12:11.097613,30.0,79.55,24.23,6.19,0.8,726.5,100.0,0,normal
2026-11-28 03:12:10.876198,29.56,75.04,23.55,6.43,0.49,642.23,100.0,0,normal
2026-12-17 13:12:10.905080,25.04,79.02,26.61,6.17,0.31,457.87,40.0,0,normal
2026-11-13 23:12:10.854277,18.3,76.79,25.5,6.01,0.68,755.47,100.0,0,normal
2026-05-27 03:12:10.609143,23.52,82.47,25.58,6.31,0.39,261.12,40.0,0,normal
2026-05-29 12:12:10.613862,19.42,76.82,26.69,5.55,0.86,464.53,40.0,0,normal
2027-06-11 08:12:11.164491,24.94,78.33,24.03,5.8,0.82,550.09,40.0,0,normal
2027-01-07 03:12:10.935615,24.51,81.4,24.92,6.79,1.15,615.16,100.0,0,normal
2026-11-26 11:12:10.873564,21.51,74.62,25.86,5.89,0.52,516.44,40.0,0,normal
2027-05-12 18:12:11.119173,18.76,74.34,25.31,5.92,0.85,708.73,100.0,0,normal
2027-05-23 00:12:11.135057,21.21,73.84,24.75,5.86,0.31,881.55,100.0,0,normal
2026-07-09 06:12:10.671915,25.07,69.88,27.0,6.42,0.51,622.43,100.0,0,normal
2027-04-23 04:12:11.091100,20.74,75.51,25.73,5.56,0.57,548.14,40.0,0,normal
2026-07-24 21:12:10.693639,19.88,73.53,25.21,6.5,0.67,651.26,100.0,0,normal
2026-10-16 23:12:10.812670,19.04,74.96,26.19,5.59,0.74,404.9,40.0,0,normal
2027-02-08 14:12:10.980646,23.84,70.03,25.1,6.63,0.41,294.36,40.0,0,normal
2027-06-05 12:12:11.155537,24.28,73.74,24.19,6.45,0.63,633.72,100.0,0,normal
2026-07-25 00:12:10.693807,23.39,81.11,24.45,5.71,0.59,441.2,40.0,0,normal
2027-04-02 08:12:11.060732,22.75,76.2,26.26,6.47,0.58,819.02,100.0,0,normal
2026-10-24 02:12:10.822710,20.33,80.27,24.47,6.01,0.53,425.12,40.0,0,normal
2026-09-07 14:12:10.754815,28.58,83.46,27.0,6.03,0.55,512.2,40.0,0,normal
2027-04-14 21:12:11.079124,21.04,80.88,23.0,6.16,0.84,469.34,40.0,0,normal
2027-03-11 07:12:11.027379,28.04,69.86,24.47,5.98,1.02,739.26,100.0,0,normal
2026-05-22 09:12:11.203057,23.5,75.0,10.64,6.15,2.86,600.0,0.0,1,drought
2026-08-20 18:12:10.730307,23.47,73.39,23.78,6.47,0.91,473.35,40.0,0,normal
2026-06-26 17:12:11.202159,8.73,75.0,25.0,6.15,0.75,600.0,60.0,1,low_temp
2026-08-28 00:12:10.740841,26.47,77.12,24.95,6.15,1.15,838.55,100.0,0,normal
2027-01-28 06:12:10.964154,24.4,75.12,25.75,6.69,0.52,617.15,100.0,0,normal
2026-10-14 22:12:10.809693,24.09,70.32,25.76,6.12,1.07,604.4,100.0,0,normal
2026-08-18 23:12:10.727769,22.94,83.44,25.6,6.37,0.36,566.48,40.0,0,normal
2026-07-22 17:12:10.690484,21.87,80.83,26.02,6.54,0.91,620.36,100.0,0,normal
2026-09-15 10:12:10.766465,27.25,73.41,25.82,5.86,1.01,388.25,40.0,0,normal
2027-03-18 21:12:11.038295,22.45,78.74,24.39,5.82,0.77,814.57,100.0,0,normal
2026-06-13 00:12:11.204288,23.5,75.0,25.0,6.15,8.42,600.0,3.09,1,high_salinity
2026-05-29 20:12:11.205988,23.5,75.0,25.0,6.15,0.75,6.46,0.0,1,low_light
2026-11-30 15:12:10.879815,24.58,66.52,24.45,6.07,0.36,611.49,100.0,0,normal
2027-03-17 13:12:11.036412,23.0,72.72,24.66,6.42,0.25,283.53,40.0,0,normal
2027-01-28 16:12:10.964711,26.42,69.33,25.74,6.06,0.51,166.47,40.0,0,normal
2027-03-04 08:12:11.016055,19.87,74.41,23.35,6.8,0.56,471.31,40.0,0,normal
2026-06-19 05:12:11.203430,23.5,75.0,14.0,6.15,1.67,600.0,48.81,1,drought
2027-04-22 03:12:11.089716,24.67,75.34,23.85,6.19,0.68,940.11,100.0,0,normal
2027-01-25 17:12:10.960796,24.59,65.68,24.79,6.14,0.83,772.16,100.0,0,normal
2027-01-31 23:12:10.969145,22.76,70.96,26.29,5.71,0.89,755.74,100.0,0,normal
2026-08-11 09:12:10.717221,23.93,84.81,24.69,6.62,0.65,957.02,100.0,0,normal
2026-06-14 04:12:10.637434,23.13,76.57,25.21,5.93,0.29,412.61,40.0,0,normal
2026-06-15 18:12:11.201035,35.54,43.07,25.0,6.15,0.75,600.0,0.0,1,high_temp
2026-07-09 12:12:10.672272,21.13,80.93,24.99,6.04,0.77,588.33,40.0,0,normal
2026-07-27 01:12:10.696649,22.1,81.28,23.23,5.99,0.62,630.73,100.0,0,normal
2027-02-02 06:12:10.971135,25.32,74.6,26.32,6.68,0.26,337.41,40.0,0,normal
2027-01-26 18:12:10.962170,26.69,71.79,25.09,5.97,0.62,597.38,40.0,0,normal
2027-02-14 22:12:10.989997,17.0,68.16,24.66,5.5,0.41,748.28,100.0,0,normal
2026-12-27 04:12:10.919198,24.84,81.25,24.28,5.88,0.68,786.6,100.0,0,normal
2026-05-29 10:12:11.206086,23.5,75.0,25.0,6.15,0.75,4.07,0.0,1,low_light
2027-04-16 15:12:11.081823,25.5,74.68,25.39,6.68,0.98,648.22,100.0,0,normal
2026-11-16 17:12:10.858967,20.56,69.36,25.18,6.33,0.76,628.64,100.0,0,normal
2026-07-27 15:12:10.697446,23.54,85.0,24.19,6.62,0.62,405.29,40.0,0,normal
2027-04-22 08:12:11.089985,20.63,74.43,23.92,6.44,0.34,795.62,100.0,0,normal
2026-06-03 13:12:10.621201,28.96,80.74,26.02,6.19,0.77,481.95,40.0,0,normal
2026-06-15 14:12:11.202717,23.5,75.0,15.77,6.15,1.88,600.0,47.37,1,drought
2026-10-28 12:12:10.828996,17.0,76.87,24.77,6.13,0.69,816.9,100.0,0,normal
2027-01-26 16:12:10.962063,24.95,76.62,24.33,6.14,1.07,609.69,100.0,0,normal
2027-01-27 14:12:10.963274,22.71,69.34,26.1,6.14,0.41,546.31,40.0,0,normal
2026-12-29 18:12:10.923467,19.95,82.48,25.5,6.49,0.82,363.85,40.0,0,normal
2026-09-18 03:12:10.770023,25.36,69.92,24.8,6.2,0.86,312.45,40.0,0,normal
2027-02-09 17:12:10.982423,20.5,74.6,26.01,6.4,1.12,398.11,40.0,0,normal
2026-09-29 23:12:10.787475,20.32,79.12,24.17,6.03,0.34,617.2,100.0,0,normal
2026-07-17 16:12:10.683186,29.19,75.92,23.92,6.39,1.03,459.76,40.0,0,normal
2026-11-26 21:12:10.874239,22.01,73.66,24.82,5.61,0.89,594.25,40.0,0,normal
2027-04-15 02:12:11.079563,22.04,67.74,26.49,6.23,0.61,477.7,40.0,0,normal
2027-02-04 10:12:10.974280,21.33,81.94,25.34,5.99,0.7,692.99,100.0,0,normal
2026-06-11 07:12:10.632949,24.25,77.94,24.32,6.02,1.39,766.56,100.0,0,normal
2027-05-11 19:12:11.117865,22.86,71.26,23.93,6.1,0.5,817.33,100.0,0,normal
2026-10-27 04:12:10.827011,24.46,76.07,26.24,6.03,0.91,406.98,40.0,0,normal
2026-12-10 09:12:10.894571,23.82,73.67,24.68,6.27,0.93,241.05,40.0,0,normal
2026-12-20 07:12:10.909080,19.87,79.87,24.62,5.94,1.3,783.66,100.0,0,normal
2027-03-24 16:12:11.047172,19.65,77.37,24.44,6.39,0.77,844.67,100.0,0,normal
2026-07-09 01:12:10.671643,27.51,75.03,26.91,6.35,0.55,505.29,40.0,0,normal
2027-05-20 11:12:11.131345,25.36,71.42,24.2,6.18,0.96,557.52,40.0,0,normal
2026-06-01 09:12:11.203855,23.5,75.0,29.1,6.15,0.75,600.0,50.0,1,overwater
2027-06-12 12:12:11.166402,27.19,70.04,24.9,5.57,0.97,599.74,40.0,0,normal
2027-04-14 07:12:11.078354,28.79,85.0,24.94,6.56,0.59,691.77,100.0,0,normal
2027-01-17 07:12:10.949676,25.91,79.41,24.85,5.77,1.02,138.63,40.0,0,normal
2027-05-07 07:12:11.111400,21.96,81.66,25.43,6.28,0.28,442.71,40.0,0,normal
2027-02-03 20:12:10.973511,23.19,83.3,26.37,6.05,0.43,887.89,100.0,0,normal
2026-05-25 17:12:11.203444,23.5,75.0,29.99,6.15,0.75,600.0,50.0,1,overwater
2027-05-01 11:12:11.102834,21.04,69.46,25.49,6.01,0.58,389.56,40.0,0,normal
2026-12-29 09:12:10.922941,25.9,78.67,25.73,6.66,0.76,748.12,100.0,0,normal
2027-03-31 19:12:11.057847,27.57,74.48,25.02,6.1,0.6,873.43,100.0,0,normal
2026-06-18 18:12:10.644120,22.36,80.36,26.67,6.4,0.96,718.09,100.0,0,normal
2026-10-08 17:12:10.800053,28.28,72.24,25.44,5.99,0.37,835.57,100.0,0,normal
2027-03-24 23:12:11.047550,27.93,65.0,25.58,6.54,0.58,574.98,40.0,0,normal
2027-03-21 10:12:11.041907,20.15,70.92,23.87,5.84,0.77,779.33,100.0,0,normal
2026-06-17 19:12:10.642802,24.33,72.91,25.12,6.68,0.56,584.39,40.0,0,normal
2027-06-11 00:12:11.164010,20.71,72.65,24.09,6.13,0.78,1114.44,100.0,0,normal
2026-05-29 09:12:10.613689,23.5,76.02,24.61,6.63,0.92,515.39,40.0,0,normal
2027-03-16 04:12:11.034396,25.95,65.65,23.92,5.71,1.2,657.79,100.0,0,normal
2026-06-08 03:12:11.205754,23.5,75.0,25.0,7.57,0.75,600.0,60.0,1,ph_alkaline
2026-10-29 07:12:10.830051,25.89,75.54,23.77,6.2,0.93,495.29,40.0,0,normal
2026-06-23 19:12:10.650926,17.62,79.26,24.99,5.95,1.27,536.89,40.0,0,normal
2027-02-12 06:12:10.986260,25.98,75.82,23.68,5.5,0.6,869.84,100.0,0,normal
2027-03-24 05:12:11.046549,23.18,80.95,25.1,6.35,1.06,384.34,40.0,0,normal
2027-03-03 21:12:11.015308,20.35,68.48,26.13,6.37,0.45,721.47,100.0,0,normal
2026-10-02 11:12:10.791016,22.17,74.5,23.0,6.22,0.99,875.98,100.0,0,normal
2026-12-08 02:12:10.890979,21.2,73.91,25.6,6.49,0.89,437.42,40.0,0,normal
2027-01-01 03:12:10.926983,21.22,76.38,25.11,5.96,0.29,453.08,40.0,0,normal
2027-04-17 18:12:11.083309,28.63,79.48,24.34,6.02,0.37,847.47,100.0,0,normal
2026-05-25 20:12:10.606717,21.99,75.12,25.19,6.12,0.61,373.8,40.0,0,normal
2027-05-24 17:12:11.137642,23.71,80.5,26.18,5.96,1.09,824.28,100.0,0,normal
2027-01-15 19:12:10.947558,21.81,82.04,25.43,6.38,1.16,492.05,40.0,0,normal
2026-06-09 23:12:11.200711,34.03,40.42,25.0,6.15,0.75,600.0,42.0,1,high_temp
2027-04-17 05:12:11.082617,22.44,78.34,24.38,6.01,0.8,818.49,100.0,0,normal
2026-08-12 04:12:10.718496,21.41,84.03,26.21,6.13,0.44,1045.12,100.0,0,normal
2026-09-20 02:12:10.772901,26.52,80.89,25.61,6.12,0.72,436.04,40.0,0,normal
2026-06-13 03:12:10.635712,23.58,71.67,24.87,6.01,0.71,408.55,40.0,0,normal
2027-01-02 08:12:10.928833,26.77,69.61,24.67,6.04,0.74,578.45,40.0,0,normal
2026-07-02 13:12:10.662746,21.54,73.93,25.78,5.94,1.07,602.25,100.0,0,normal
2026-11-26 22:12:10.874296,25.97,68.48,24.2,6.52,0.69,474.67,40.0,0,normal
2027-04-24 01:12:11.092427,25.17,78.01,25.37,6.63,1.47,691.69,100.0,0,normal
2027-05-23 22:12:11.136308,26.17,69.34,24.61,5.94,0.87,453.19,40.0,0,normal
2026-08-26 09:12:10.738694,20.23,74.19,24.18,6.5,0.63,548.66,40.0,0,normal
2026-08-19 19:12:10.728895,23.26,70.6,25.55,6.45,0.75,863.3,100.0,0,normal
2026-11-15 03:12:10.855890,22.81,73.36,24.98,6.79,0.56,695.22,100.0,0,normal
2026-07-20 12:12:10.687331,21.27,75.1,24.3,6.33,0.54,720.18,100.0,0,normal
2026-11-29 15:12:10.878274,17.78,67.09,25.73,6.02,0.35,559.15,40.0,0,normal
2027-01-28 07:12:10.964209,20.69,84.92,24.63,5.63,0.71,657.18,100.0,0,normal
2026-10-27 22:12:10.828010,22.53,79.33,25.19,5.9,0.77,423.69,40.0,0,normal
2026-10-16 21:12:10.812523,17.0,74.03,24.88,6.32,0.67,596.06,40.0,0,normal
2026-09-27 14:12:10.784100,20.11,73.75,25.71,6.51,1.29,660.09,100.0,0,normal
2027-02-14 09:12:10.989266,26.16,77.41,25.01,6.35,0.86,572.58,40.0,0,normal
2027-02-05 16:12:10.975949,24.29,78.57,23.33,6.18,0.4,335.63,40.0,0,normal
2026-05-24 21:12:11.203521,23.5,75.0,32.52,6.15,0.75,600.0,0.0,1,overwater
2026-11-27 18:12:10.875460,23.21,65.16,25.81,6.28,0.32,488.23,40.0,0,normal
2026-11-03 14:12:10.837706,27.14,83.96,25.52,6.49,0.55,614.76,100.0,0,normal
2026-06-11 16:12:10.633682,28.31,74.46,23.56,5.5,0.53,841.47,100.0,0,normal
2027-02-13 20:12:10.988395,30.0,75.28,25.43,6.15,0.43,535.75,40.0,0,normal
2026-08-26 18:12:10.739189,20.39,80.53,25.34,6.39,1.11,737.39,100.0,0,normal
2027-02-19 01:12:10.996105,22.34,78.63,24.63,6.44,0.71,577.93,40.0,0,normal
2026-10-10 21:12:10.803737,28.12,74.18,24.54,6.06,0.64,441.45,40.0,0,normal
2026-05-28 08:12:10.611627,17.28,75.84,23.22,6.38,1.35,200.38,40.0,0,normal
2026-11-12 01:12:10.851105,27.55,81.16,24.0,6.7,0.62,156.02,40.0,0,normal
2026-06-19 23:12:10.645743,22.42,77.01,24.4,5.98,0.59,639.92,100.0,0,normal
2026-12-27 10:12:10.919588,22.62,77.78,26.97,6.14,1.24,467.71,40.0,0,normal
2027-01-14 08:12:10.945445,28.37,72.33,25.9,6.59,1.08,585.1,40.0,0,normal
2026-08-02 11:12:10.705221,27.11,78.13,25.38,5.94,0.9,558.89,40.0,0,normal
2026-09-24 02:12:10.778816,27.02,75.82,25.58,6.75,0.66,487.86,40.0,0,normal
2026-05-29 00:12:10.612504,25.01,76.35,26.18,6.8,1.0,557.15,40.0,0,normal
2026-12-14 22:12:10.901122,22.53,71.61,26.01,6.22,1.01,150.86,40.0,0,normal
2027-03-06 09:12:11.019461,25.66,79.65,25.08,6.39,0.78,630.25,100.0,0,normal
2026-09-18 10:12:10.770503,26.42,70.72,25.07,6.32,0.54,558.46,40.0,0,normal
2027-05-12 22:12:11.119397,30.0,77.34,23.71,6.27,0.93,864.9,100.0,0,normal
2026-05-28 06:12:11.203584,23.5,75.0,33.66,6.15,0.75,600.0,0.0,1,overwater
2026-09-19 04:12:10.771575,30.0,75.41,27.0,6.42,0.74,813.48,100.0,0,normal
2026-09-25 08:12:10.780747,26.64,67.8,24.66,5.83,1.01,401.41,40.0,0,normal
2027-02-17 07:12:10.993588,20.17,73.27,24.43,6.68,0.51,689.25,100.0,0,normal
2027-05-12 11:12:11.118765,20.09,74.17,24.76,6.44,0.57,554.86,40.0,0,normal
2026-12-31 20:12:10.926595,25.32,83.81,25.38,5.76,0.72,638.95,100.0,0,normal
2026-11-05 09:12:10.840144,22.54,77.74,23.13,6.16,0.31,530.14,40.0,0,normal
2026-12-27 18:12:10.920084,24.89,75.81,23.76,6.07,0.78,327.75,40.0,0,normal
2026-06-05 23:12:11.204449,23.5,75.0,25.0,6.15,3.53,600.0,71.56,1,high_salinity
2026-08-24 21:12:10.735892,20.52,85.0,26.81,5.87,1.01,614.93,100.0,0,normal
2027-03-10 21:12:11.026634,23.79,72.26,26.83,6.2,0.81,901.28,100.0,0,normal
2027-01-14 16:12:10.945892,21.04,74.56,24.78,5.95,1.33,433.75,40.0,0,normal
2027-04-20 04:12:11.087006,23.66,65.75,24.85,6.54,0.5,471.69,40.0,0,normal
2026-12-28 11:12:10.921592,20.72,72.61,24.97,6.1,1.17,508.58,40.0,0,normal
2026-11-17 08:12:10.859853,26.24,85.0,24.29,5.93,0.64,798.5,100.0,0,normal
2027-03-25 00:12:11.047619,24.87,71.08,23.78,6.07,0.75,1060.2,100.0,0,normal
2026-06-08 21:12:10.629402,22.08,75.6,25.9,5.6,0.65,510.7,40.0,0,normal
2027-03-12 10:12:11.029068,21.64,78.0,26.31,5.53,0.92,497.13,40.0,0,normal
2027-03-15 07:12:11.033241,23.42,73.44,25.74,5.96,0.73,17.3,0.0,0,normal
2027-04-11 10:12:11.074111,24.07,73.45,26.31,6.14,0.81,821.8,100.0,0,normal
2026-06-08 19:12:10.629274,24.26,81.32,23.0,5.92,0.79,830.22,100.0,0,normal
2026-08-22 16:12:10.732944,23.3,78.93,23.87,5.95,0.84,712.57,100.0,0,normal
2026-05-26 05:12:10.607468,25.12,73.11,25.91,5.85,0.52,805.08,100.0,0,normal
2027-05-05 07:12:11.108414,20.5,75.96,25.18,6.5,0.59,753.77,100.0,0,normal
2027-04-15 03:12:11.079620,23.11,78.73,25.43,6.3,0.1,524.12,40.0,0,normal
2026-09-14 03:12:10.764677,17.38,76.97,25.48,6.05,0.59,578.27,40.0,0,normal
2027-05-01 08:12:11.102512,20.81,73.9,25.38,5.95,0.49,680.84,100.0,0,normal
2027-03-30 09:12:11.055271,22.2,82.13,25.25,6.4,0.85,765.75,100.0,0,normal
2026-12-11 09:12:10.895983,21.49,66.7,26.32,5.67,0.51,790.83,100.0,0,normal
2026-06-27 07:12:11.202346,23.5,75.0,15.18,6.15,3.28,600.0,37.51,1,drought
2026-12-31 11:12:10.926071,24.19,70.31,23.69,6.1,0.95,332.85,40.0,0,normal
2026-05-30 01:12:11.202048,15.54,75.0,25.0,6.15,0.75,600.0,60.0,1,low_temp
2027-01-29 18:12:10.966203,24.38,65.0,24.51,6.25,1.4,335.33,40.0,0,normal
2027-06-10 17:12:11.163613,23.28,74.99,25.23,6.32,0.62,329.3,40.0,0,normal
2027-01-27 15:12:10.963328,20.92,71.68,24.48,6.11,0.32,1023.54,100.0,0,normal
2026-07-22 02:12:10.689649,24.27,66.3,25.13,6.31,0.73,383.83,40.0,0,normal
2027-01-31 14:12:10.968661,25.37,65.0,27.0,6.52,1.35,597.07,40.0,0,normal
2026-08-23 03:12:10.733574,23.77,72.97,24.92,5.8,0.68,831.05,100.0,0,normal
2026-08-02 17:12:10.705549,22.52,78.13,24.48,6.39,0.79,797.97,100.0,0,normal
2027-01-15 07:12:10.946898,19.45,78.0,24.51,6.35,0.47,607.63,100.0,0,normal
2027-01-30 21:12:10.967723,22.42,70.68,26.38,5.62,0.88,869.82,100.0,0,normal
2027-01-06 06:12:10.934394,30.0,83.23,25.03,6.31,1.02,223.43,40.0,0,normal
2026-10-07 18:12:10.798798,23.62,77.49,25.84,6.6,1.17,489.25,40.0,0,normal
2027-01-17 04:12:10.949504,28.0,71.75,25.06,5.94,0.91,373.44,40.0,0,normal
2027-03-19 10:12:11.039175,24.84,75.45,24.99,5.8,0.9,544.07,40.0,0,normal
2027-06-10 16:12:11.163559,22.82,72.64,24.9,6.04,1.08,633.78,100.0,0,normal
2027-04-27 09:12:11.097069,18.88,74.73,23.17,6.36,1.08,513.77,40.0,0,normal
2027-03-03 20:12:11.015254,22.37,73.58,24.22,5.92,0.1,546.91,40.0,0,normal
2027-06-17 23:12:11.175801,28.28,67.28,23.3,5.8,0.61,676.72,100.0,0,normal
2027-06-18 12:12:11.177057,21.62,85.0,24.67,5.89,0.58,838.79,100.0,0,normal
2026-08-18 10:12:10.727063,25.1,74.58,25.73,6.2,0.68,947.18,100.0,0,normal
2027-05-15 04:12:11.122558,27.95,71.57,24.33,6.1,1.36,328.66,40.0,0,normal
2026-10-18 22:12:10.815602,23.53,79.43,25.57,5.91,0.81,691.7,100.0,0,normal
2026-12-08 08:12:10.891416,20.51,74.08,26.32,6.44,0.92,630.17,100.0,0,normal
2026-10-12 17:12:10.806294,25.7,72.09,23.15,6.62,1.09,624.25,100.0,0,normal
2026-06-29 05:12:10.658316,22.4,74.55,25.2,6.14,0.74,301.54,40.0,0,normal
2027-05-13 03:12:11.119690,23.9,80.6,23.71,6.15,0.43,537.7,40.0,0,normal
2027-03-20 02:12:11.040042,25.88,77.11,26.75,6.73,0.56,527.64,40.0,0,normal
2026-12-19 13:12:10.908046,22.22,69.26,26.07,6.04,0.92,277.78,40.0,0,normal
2026-11-12 18:12:10.852433,18.06,72.18,26.46,6.71,0.61,839.64,100.0,0,normal
2026-10-16 08:12:10.811764,25.93,71.68,25.8,6.37,0.51,613.58,100.0,0,normal
2027-02-12 05:12:10.986201,24.11,83.56,24.86,6.5,1.34,760.21,100.0,0,normal
2027-06-06 15:12:11.157225,18.38,67.98,23.56,5.9,0.64,830.83,100.0,0,normal
2027-05-12 12:12:11.118820,21.46,70.82,25.39,6.72,1.02,769.15,100.0,0,normal
2027-06-13 03:12:11.167352,20.65,83.91,23.52,6.45,0.39,469.58,40.0,0,normal
2026-07-11 04:12:10.674480,22.92,68.87,25.27,6.02,0.68,729.48,100.0,0,normal
2026-10-26 00:12:10.825437,25.36,67.04,24.15,6.23,0.48,667.63,100.0,0,normal
2027-03-14 13:12:11.032124,24.28,71.55,23.82,6.42,0.8,734.79,100.0,0,normal
2027-02-09 03:12:10.981659,20.99,69.43,25.17,5.98,0.33,389.67,40.0,0,normal
2026-08-10 07:12:10.715767,17.63,72.55,23.0,6.41,0.16,413.68,40.0,0,normal
2026-09-28 19:12:10.785848,25.09,85.0,24.6,5.76,0.95,817.09,100.0,0,normal
2026-09-09 02:12:10.756789,17.23,73.75,24.91,6.33,0.44,408.34,40.0,0,normal
2026-10-31 07:12:10.833029,27.27,83.19,23.41,6.44,0.66,583.99,40.0,0,normal
2026-06-08 08:12:11.200886,34.05,59.29,25.0,6.15,0.75,600.0,42.0,1,high_temp
2027-04-27 20:12:11.097746,28.15,77.12,26.21,6.1,1.01,759.21,100.0,0,normal
2027-04-04 00:12:11.063378,23.86,72.63,25.5,6.49,0.89,676.76,100.0,0,normal
2026-09-12 17:12:10.762220,25.42,67.58,25.41,6.19,0.88,858.39,100.0,0,normal
2027-04-12 03:12:11.075285,23.86,73.87,23.91,5.85,0.61,85.17,40.0,0,normal
2026-10-16 17:12:10.812302,25.31,80.32,25.66,6.36,1.02,304.93,40.0,0,normal
2027-01-27 01:12:10.962567,22.04,74.94,24.26,6.17,0.63,533.6,40.0,0,normal
2027-04-07 16:12:11.068757,27.55,65.0,26.43,5.78,1.08,512.87,40.0,0,normal
2026-11-05 04:12:10.839823,19.21,74.8,24.44,6.43,0.8,583.17,40.0,0,normal
2026-09-08 11:12:10.755959,26.5,81.32,25.02,6.26,0.78,438.79,40.0,0,normal
2026-06-20 16:12:11.203076,23.5,75.0,14.64,6.15,2.03,600.0,46.31,1,drought
2027-04-30 21:12:11.101888,20.51,71.04,25.71,6.06,0.78,771.57,100.0,0,normal
2026-11-30 02:12:10.878880,18.03,76.2,25.78,6.33,1.08,894.72,100.0,0,normal
2026-06-24 14:12:10.652072,22.9,70.94,27.0,6.53,1.09,843.33,100.0,0,normal
2027-06-09 09:12:11.161836,27.05,70.01,24.61,6.07,0.96,688.69,100.0,0,normal
2027-03-16 11:12:11.034967,23.34,69.03,24.98,5.84,1.09,1012.94,100.0,0,normal
2027-01-08 21:12:10.938215,28.14,78.09,26.08,6.01,0.48,859.0,100.0,0,normal
2026-11-12 19:12:10.852488,23.81,80.22,25.42,5.91,0.68,712.78,100.0,0,normal
2027-01-07 19:12:10.936709,26.94,73.98,24.34,6.5,0.84,826.92,100.0,0,normal
2026-10-17 15:12:10.813647,20.28,65.0,26.26,6.3,0.86,345.49,40.0,0,normal
2027-01-10 22:12:10.940949,21.38,78.9,26.01,6.06,1.03,766.32,100.0,0,normal
2026-07-12 19:12:10.676629,23.4,85.0,25.94,5.64,0.89,257.85,40.0,0,normal
2027-03-07 07:12:11.021195,30.0,68.68,24.04,5.83,0.23,742.43,100.0,0,normal
2027-02-14 21:12:10.989943,24.25,78.87,24.58,5.97,0.28,764.71,100.0,0,normal
2027-06-02 13:12:11.151400,18.3,78.07,23.51,6.18,0.98,484.77,40.0,0,normal
2026-06-13 20:12:10.636816,21.85,76.41,24.74,5.83,1.14,405.51,40.0,0,normal
2026-09-24 23:12:10.780035,22.64,73.9,25.63,5.82,1.17,656.97,100.0,0,normal
2027-06-04 09:12:11.154002,24.26,73.29,25.45,6.27,0.94,893.64,100.0,0,normal
2026-11-05 23:12:10.841010,24.71,74.63,25.33,5.85,0.33,738.52,100.0,0,normal
2026-05-23 03:12:10.602162,22.57,70.78,25.18,6.01,0.49,417.23,40.0,0,normal
2026-12-14 07:12:10.900063,20.47,84.56,26.29,5.8,1.06,362.8,40.0,0,normal
2026-11-16 02:12:10.857440,20.56,77.56,25.59,6.08,0.34,852.5,100.0,0,normal
2026-09-03 13:12:10.749479,25.02,73.07,24.93,6.38,0.35,778.58,100.0,0,normal
2026-07-20 18:12:10.687699,20.45,67.99,25.51,5.74,0.54,1054.18,100.0,0,normal
2026-09-06 15:12:10.753552,25.62,76.87,25.12,6.02,0.84,490.64,40.0,0,normal
2026-07-15 07:12:10.679943,26.1,84.89,23.15,6.74,0.81,381.57,40.0,0,normal
2027-06-16 01:12:11.172035,27.8,78.15,24.81,5.94,0.84,633.8,100.0,0,normal
2027-02-17 14:12:10.993967,21.39,73.05,26.15,5.98,0.06,739.36,100.0,0,normal
2026-06-28 08:12:11.203531,23.5,75.0,34.83,6.15,0.75,600.0,0.0,1,overwater
2026-11-19 07:12:10.863171,19.85,74.88,23.54,5.98,0.48,461.27,40.0,0,normal
2026-07-11 22:12:10.675470,24.62,78.25,25.63,6.15,0.7,674.41,100.0,0,normal
2026-12-15 22:12:10.902654,21.9,72.28,24.9,6.01,0.57,583.76,40.0,0,normal
2026-09-05 05:12:10.751673,20.8,66.73,26.28,6.16,0.68,605.92,100.0,0,normal
2026-06-22 07:12:10.648822,22.45,84.43,25.46,6.1,1.08,627.75,100.0,0,normal
2026-06-09 06:12:10.629896,23.29,79.78,25.78,6.14,1.21,309.22,40.0,0,normal
2027-03-20 12:12:11.040604,26.12,70.43,23.62,6.0,0.6,614.29,100.0,0,normal
2026-10-31 11:12:10.833259,27.13,69.02,24.03,5.99,1.21,484.05,40.0,0,normal
2026-09-17 16:12:10.769419,20.5,69.47,25.88,6.06,0.56,558.2,40.0,0,normal
2026-07-09 22:12:10.672820,22.8,78.16,24.76,6.17,0.41,767.13,100.0,0,normal
2027-03-30 05:12:11.054939,23.54,78.33,24.69,6.08,0.0,555.81,40.0,0,normal
2026-09-11 12:12:10.760626,20.75,75.86,23.77,5.78,0.51,833.85,100.0,0,normal
2026-12-26 14:12:10.917609,17.51,72.28,26.45,6.5,0.7,540.08,40.0,0,normal
2026-06-09 20:12:11.205216,23.5,75.0,25.0,4.59,0.75,600.0,60.0,1,ph_acidic
2026-11-30 19:12:10.880072,27.81,79.55,25.15,5.83,0.97,668.41,100.0,0,normal
2026-09-02 10:12:10.747978,25.39,77.51,23.95,5.93,1.28,602.51,100.0,0,normal
2026-11-17 18:12:10.860429,23.5,85.0,24.41,5.82,0.92,309.07,40.0,0,normal
2027-05-08 18:12:11.113556,22.93,84.55,25.0,5.86,0.0,378.25,40.0,0,normal
2026-09-11 19:12:10.761002,26.96,79.09,24.56,5.95,0.75,684.32,100.0,0,normal
2027-03-31 01:12:11.056170,17.0,75.48,23.0,5.96,1.17,712.91,100.0,0,normal
2026-06-04 15:12:10.622653,24.71,77.49,24.97,5.98,0.83,522.6,40.0,0,normal
2026-07-04 08:12:10.665128,18.7,71.29,24.91,6.51,0.58,558.54,40.0,0,normal
2026-09-08 22:12:10.756576,24.44,80.18,26.85,6.55,0.65,772.21,100.0,0,normal
2026-12-17 05:12:10.904579,26.92,81.5,24.0,6.04,1.28,332.68,40.0,0,normal
2026-09-03 04:12:10.748975,24.02,76.32,26.06,6.0,0.63,530.5,40.0,0,normal
2026-07-02 21:12:10.663190,18.97,77.68,25.79,6.43,1.3,780.65,100.0,0,normal
2026-09-18 06:12:10.770184,21.77,71.27,23.83,6.34,0.6,670.85,100.0,0,normal
2026-10-03 18:12:10.792830,21.36,79.66,24.15,6.1,0.72,848.65,100.0,0,normal
2026-08-07 23:12:10.712605,26.61,71.08,23.87,5.53,0.49,444.17,40.0,0,normal
2026-12-09 15:12:10.893344,21.21,75.78,25.21,5.76,0.51,365.86,40.0,0,normal
2027-05-28 04:12:11.143369,21.9,79.44,23.29,6.45,0.86,725.08,100.0,0,normal
2027-05-06 07:12:11.110054,20.52,68.92,24.54,6.03,0.51,637.69,100.0,0,normal
2026-06-13 07:12:10.636070,21.36,75.3,23.63,6.02,0.34,703.15,100.0,0,normal
2026-10-28 23:12:10.829601,24.89,75.0,24.97,5.96,1.21,431.21,40.0,0,normal
2027-01-31 18:12:10.968877,17.51,76.25,26.26,5.87,1.07,802.53,100.0,0,normal
2027-03-24 19:12:11.047334,28.94,82.95,23.33,6.52,0.42,456.49,40.0,0,normal
2026-06-15 10:12:10.639288,25.56,78.35,23.46,6.27,0.8,853.4,100.0,0,normal
2026-06-08 23:12:11.205792,23.5,75.0,25.0,8.45,0.75,600.0,0.0,1,ph_alkaline
2026-09-25 12:12:10.781228,22.16,70.24,25.4,5.67,0.84,477.74,40.0,0,normal
2027-01-18 02:12:10.950716,24.06,78.97,25.09,5.92,0.71,284.36,40.0,0,normal
2027-03-14 01:12:11.031427,21.25,75.2,25.31,5.83,1.2,703.77,100.0,0,normal
2026-08-01 00:12:10.703276,27.65,70.38,24.67,6.26,0.34,692.56,100.0,0,normal
2026-11-16 23:12:10.859325,25.61,72.31,23.87,6.38,0.41,668.23,100.0,0,normal
2027-01-08 23:12:10.938325,28.83,75.33,25.07,6.67,1.13,212.66,40.0,0,normal
2026-06-11 12:12:10.633249,24.69,79.62,23.94,5.88,0.74,603.44,100.0,0,normal
2027-05-30 18:12:11.147401,20.66,81.0,24.86,6.36,0.83,587.09,40.0,0,normal
2026-11-19 09:12:10.863282,24.57,75.31,23.39,6.38,0.65,858.56,100.0,0,normal
2026-09-17 05:12:10.768813,23.49,81.26,24.72,6.21,1.04,581.2,40.0,0,normal
2026-08-24 11:12:10.735350,28.01,71.75,23.49,6.2,0.0,610.51,100.0,0,normal
2027-01-17 16:12:10.950159,20.65,72.52,26.62,5.77,0.55,474.5,40.0,0,normal
2026-10-28 00:12:10.828119,22.48,71.67,24.83,6.17,0.74,534.98,40.0,0,normal
2027-02-16 07:12:10.991946,24.7,74.56,24.12,6.09,0.4,610.13,100.0,0,normal
2026-12-04 02:12:10.884935,24.56,82.11,25.37,5.77,0.56,843.27,100.0,0,normal
2027-03-31 12:12:11.057037,23.18,77.57,23.99,6.07,0.78,520.45,40.0,0,normal
2026-09-19 21:12:10.772629,24.81,82.32,26.02,6.53,0.42,442.68,40.0,0,normal
2027-06-06 09:12:11.156687,29.29,66.53,25.21,6.49,0.8,639.45,100.0,0,normal
2026-09-21 17:12:10.775211,24.87,75.44,24.42,6.5,1.33,730.39,100.0,0,normal
2026-08-09 21:12:10.715227,26.16,78.69,25.53,6.25,0.37,554.16,40.0,0,normal
2026-10-01 18:12:10.789960,26.79,83.96,25.94,6.23,1.5,347.65,40.0,0,normal
2027-05-31 15:12:11.148757,21.31,77.24,24.89,6.53,1.26,600.49,100.0,0,normal
2027-03-08 00:12:11.022171,27.4,72.44,24.66,5.77,1.0,920.15,100.0,0,normal
2027-03-20 05:12:11.040224,20.92,74.29,24.61,6.15,1.27,560.95,40.0,0,normal
2026-11-14 22:12:10.855613,25.0,77.24,24.92,6.01,0.65,727.93,100.0,0,normal
2027-06-01 01:12:11.149341,24.84,70.81,25.25,6.03,0.68,469.34,40.0,0,normal
2026-12-22 09:12:10.911959,23.47,73.69,23.32,5.83,0.62,693.7,100.0,0,normal
2027-05-13 19:12:11.120575,19.98,72.4,23.15,6.42,0.35,344.99,40.0,0,normal
2026-09-03 23:12:10.750017,25.44,74.51,23.0,6.25,0.53,576.05,40.0,0,normal
2026-06-07 14:12:10.627594,23.79,68.08,25.4,6.31,0.41,745.26,100.0,0,normal
2026-07-15 22:12:10.680777,19.7,69.08,25.68,6.0,1.08,458.46,40.0,0,normal
2027-06-07 16:12:11.158749,23.29,72.78,24.17,6.38,1.17,847.9,100.0,0,normal
2026-05-27 02:12:10.609088,18.56,72.86,25.05,6.62,0.83,776.6,100.0,0,normal
2026-09-01 02:12:10.746207,24.37,80.85,24.72,5.68,0.6,634.05,100.0,0,normal
2026-11-03 20:12:10.838033,22.31,66.08,23.67,6.12,0.76,659.98,100.0,0,normal
2027-05-01 16:12:11.103123,26.22,74.75,23.97,6.38,0.51,599.83,40.0,0,normal
2026-07-26 07:12:10.695643,22.42,82.79,23.89,6.69,0.45,231.32,40.0,0,normal
2026-08-12 17:12:10.719259,19.53,72.62,25.68,6.28,0.61,527.78,40.0,0,normal
2026-11-18 13:12:10.861989,22.88,84.23,25.0,6.33,0.51,393.12,40.0,0,normal
2027-04-16 12:12:11.081483,21.8,70.16,24.94,6.24,0.44,341.94,40.0,0,normal
2027-01-04 00:12:10.931211,21.35,71.42,23.85,5.93,0.79,374.69,40.0,0,normal
2027-05-18 08:12:11.127526,27.37,74.74,23.94,6.37,0.36,741.15,100.0,0,normal
2026-08-20 14:12:10.730090,23.97,67.64,24.82,6.35,0.97,372.66,40.0,0,normal
2026-10-05 20:12:10.796028,24.78,70.1,27.0,5.89,0.66,489.59,40.0,0,normal
2027-05-10 21:12:11.116632,20.9,71.74,24.73,6.44,0.79,358.03,40.0,0,normal
2027-05-14 14:12:11.121634,19.02,81.97,25.3,6.04,0.77,422.75,40.0,0,normal
2026-08-27 06:12:10.739849,27.87,79.83,25.3,5.9,0.67,583.72,40.0,0,normal
2026-06-14 22:12:10.638563,23.63,76.68,24.13,6.37,0.58,385.66,40.0,0,normal
2027-03-10 13:12:11.025973,23.75,67.05,26.92,5.98,0.54,519.45,40.0,0,normal
2027-06-04 01:12:11.153537,17.78,74.74,24.25,6.07,1.18,444.27,40.0,0,normal
2026-07-01 22:12:10.661916,25.69,80.56,23.7,6.27,0.48,682.54,100.0,0,normal
2027-01-15 00:12:10.946472,22.54,84.06,23.73,6.19,0.37,282.59,40.0,0,normal
2026-07-19 16:12:10.686054,26.04,69.2,25.36,6.48,0.43,119.36,40.0,0,normal
2026-06-13 08:12:10.636135,23.02,77.17,25.01,6.42,0.0,340.8,40.0,0,normal
2026-11-10 13:12:10.848404,26.77,74.8,24.93,5.94,0.69,978.29,100.0,0,normal
2027-05-22 23:12:11.135003,21.3,78.53,24.24,5.76,0.41,753.64,100.0,0,normal
2026-12-19 19:12:10.908384,17.8,77.44,23.86,6.3,0.78,1017.93,100.0,0,normal
2027-04-27 21:12:11.097800,18.91,80.27,24.76,6.02,0.92,514.2,40.0,0,normal
2026-07-20 19:12:10.687754,25.13,71.56,24.18,6.18,1.02,726.72,100.0,0,normal
2027-03-09 08:12:11.024179,24.23,80.59,26.16,6.22,0.9,649.49,100.0,0,normal
2026-09-06 12:12:10.753391,29.02,81.46,26.58,6.74,1.01,423.74,40.0,0,normal
2027-04-17 17:12:11.083256,22.97,78.77,25.51,6.7,0.91,619.4,100.0,0,normal
2026-10-05 06:12:10.795263,19.83,77.76,25.64,6.31,0.77,961.69,100.0,0,normal
2026-06-23 18:12:11.201385,34.78,57.36,25.0,6.15,0.75,600.0,42.0,1,high_temp
2026-10-28 22:12:10.829547,24.94,82.54,24.51,6.8,1.1,452.55,40.0,0,normal
2026-08-07 20:12:10.712440,21.98,73.92,26.03,6.06,0.51,656.69,100.0,0,normal
2026-07-21 15:12:10.689029,23.94,78.17,26.98,6.39,1.1,713.78,100.0,0,normal
2026-08-04 11:12:10.707902,20.71,76.61,27.0,5.77,0.91,555.06,40.0,0,normal
2026-06-16 17:12:11.205773,23.5,75.0,25.0,7.37,0.75,600.0,60.0,1,ph_alkaline
2026-11-30 16:12:10.879871,23.33,81.08,25.35,6.17,0.85,805.98,100.0,0,normal
2026-09-04 02:12:10.750180,23.39,73.46,26.54,6.16,1.08,569.49,40.0,0,normal
2026-11-22 23:12:10.868656,19.4,72.0,25.96,6.06,0.45,231.17,40.0,0,normal
2026-08-05 21:12:10.709764,23.19,65.0,25.73,5.6,0.96,752.75,100.0,0,normal
2027-03-08 13:12:11.023122,22.57,74.87,26.14,6.12,1.29,525.01,40.0,0,normal
2026-09-21 02:12:10.774364,23.0,74.33,23.43,5.77,0.41,771.52,100.0,0,normal
2026-05-24 04:12:10.603777,21.84,72.37,25.79,5.75,0.76,760.73,100.0,0,normal
2027-05-20 03:12:11.130764,22.51,80.83,27.0,6.02,1.05,570.1,40.0,0,normal
2027-01-15 03:12:10.946675,20.98,79.55,24.66,5.5,0.66,629.46,100.0,0,normal
2027-03-07 00:12:11.020717,27.29,76.94,24.01,6.09,1.05,521.33,40.0,0,normal
2026-06-10 14:12:10.631891,25.26,72.0,24.03,6.01,0.63,749.08,100.0,0,normal
2026-09-08 14:12:10.756129,22.57,71.57,25.81,5.84,0.51,809.67,100.0,0,normal
2026-12-24 00:12:10.914113,29.33,79.48,24.04,6.28,1.0,685.21,100.0,0,normal
2027-03-29 01:12:11.053404,22.86,73.97,24.88,6.52,1.36,651.37,100.0,0,normal
2026-11-02 09:12:10.835852,20.78,75.46,27.0,6.27,0.36,876.57,100.0,0,normal
2027-02-04 11:12:10.974334,18.68,74.64,25.37,5.76,0.45,556.7,40.0,0,normal
2026-12-20 13:12:10.909414,30.0,65.0,25.03,5.56,0.72,557.38,40.0,0,normal
2026-08-07 11:12:10.711905,19.51,74.95,25.06,5.82,0.8,847.59,100.0,0,normal
2026-06-15 01:12:11.201131,37.77,44.56,25.0,6.15,0.75,600.0,0.0,1,high_temp
2026-06-27 02:12:10.655487,21.36,70.29,25.97,6.13,1.14,468.35,40.0,0,normal
2026-12-16 15:12:10.903642,20.61,77.77,25.67,6.22,0.83,645.26,100.0,0,normal
2027-03-18 10:12:11.037700,24.62,84.03,23.95,5.97,0.71,785.52,100.0,0,normal
2026-12-13 00:12:10.898280,26.46,74.68,23.98,6.05,0.93,638.27,100.0,0,normal
2026-11-01 07:12:10.834370,22.97,82.94,24.84,6.52,1.01,801.26,100.0,0,normal
2026-12-21 14:12:10.910894,27.43,73.14,23.85,6.17,0.87,832.7,100.0,0,normal
2026-11-09 20:12:10.847414,24.25,79.22,27.0,6.19,1.1,963.67,100.0,0,normal
2027-02-06 09:12:10.977175,20.35,77.95,23.68,6.24,0.62,603.98,100.0,0,normal
2027-02-01 04:12:10.969426,20.19,72.34,25.08,6.02,1.19,632.45,100.0,0,normal
2026-06-08 18:12:10.629218,28.04,74.42,26.31,5.84,1.33,503.18,40.0,0,normal
2026-05-29 21:12:10.614366,22.87,79.31,26.3,6.3,0.55,636.49,100.0,0,normal
2027-01-11 12:12:10.941705,21.26,66.59,25.7,6.34,0.22,526.96,40.0,0,normal
2026-06-06 14:12:11.206124,23.5,75.0,25.0,6.15,0.75,12.02,0.0,1,low_light
2026-05-31 13:12:10.616949,26.93,76.93,25.79,6.8,1.11,476.39,40.0,0,normal
2027-04-10 03:12:11.072208,26.28,72.81,24.74,6.23,0.32,740.23,100.0,0,normal
2027-04-05 04:12:11.065117,22.99,70.94,25.15,6.45,0.66,912.17,100.0,0,normal
2026-09-13 06:12:10.763402,25.13,75.48,23.93,6.7,0.62,499.21,40.0,0,normal
2026-07-04 10:12:10.665237,27.74,77.17,25.8,5.99,0.92,367.71,40.0,0,normal
2026-11-07 19:12:10.844027,20.28,76.54,24.14,6.02,1.04,585.01,40.0,0,normal
2027-06-06 18:12:11.157397,22.99,78.78,23.55,6.09,0.68,785.53,100.0,0,normal
2026-10-18 07:12:10.814668,17.72,85.0,25.39,6.55,0.49,298.96,40.0,0,normal
2026-11-09 16:12:10.847151,20.63,78.98,24.01,6.67,0.71,223.97,40.0,0,normal
2026-06-10 16:12:10.632023,17.0,82.04,24.44,6.28,0.63,117.45,40.0,0,normal
2026-09-20 18:12:10.773786,26.3,85.0,24.45,5.95,1.09,650.57,100.0,0,normal
2026-08-09 10:12:10.714611,21.86,79.73,24.13,6.25,1.05,559.64,40.0,0,normal
2027-05-26 18:12:11.141092,20.55,71.47,24.2,6.01,0.76,799.08,100.0,0,normal
2026-06-24 10:12:10.651836,25.56,77.04,23.59,6.19,0.32,904.74,100.0,0,normal
2026-07-23 00:12:10.690861,20.69,68.06,25.14,6.04,1.01,459.26,40.0,0,normal
2027-05-08 15:12:11.113315,27.67,71.67,26.41,6.8,0.58,921.37,100.0,0,normal
2026-05-31 12:12:10.616873,18.04,65.0,24.54,5.57,0.46,514.36,40.0,0,normal
2026-11-08 15:12:10.845255,23.82,73.69,25.18,5.91,0.69,514.81,40.0,0,normal
2026-07-08 01:12:10.670205,19.61,77.3,24.29,6.36,0.76,424.19,40.0,0,normal
2027-03-31 18:12:11.057462,22.81,76.55,24.71,6.31,0.76,765.59,100.0,0,normal
2026-06-20 05:12:11.204395,23.5,75.0,25.0,6.15,6.51,600.0,29.81,1,high_salinity
2026-08-22 01:12:10.732112,24.54,70.6,25.66,6.12,0.74,336.58,40.0,0,normal
2026-12-17 04:12:10.904524,23.56,78.45,24.5,6.22,0.72,570.89,40.0,0,normal
2027-05-27 19:12:11.142803,27.52,69.29,23.97,5.99,0.51,409.64,40.0,0,normal
2027-04-06 22:12:11.067755,22.86,77.12,23.86,6.41,0.53,405.27,40.0,0,normal
2027-02-24 22:12:11.004836,20.49,66.0,24.87,6.34,0.89,363.04,40.0,0,normal
2026-09-30 10:12:10.788063,22.64,81.59,25.22,6.28,0.64,430.66,40.0,0,normal
2027-06-14 23:12:11.169810,23.5,76.26,25.72,5.5,0.52,1066.25,100.0,0,normal
2027-03-30 15:12:11.055601,21.76,69.91,25.29,5.86,0.47,834.13,100.0,0,normal
2027-03-26 10:12:11.049603,19.09,72.46,24.48,6.11,1.23,513.25,40.0,0,normal
2027-02-04 22:12:10.974946,20.82,75.0,24.79,6.38,0.9,83.68,40.0,0,normal
2026-05-25 13:12:11.201959,11.37,75.0,25.0,6.15,0.75,600.0,60.0,1,low_temp
2026-08-19 09:12:10.728355,24.55,72.04,24.24,5.64,0.6,965.82,100.0,0,normal
2026-06-09 21:12:11.205354,23.5,75.0,25.0,4.39,0.75,600.0,60.0,1,ph_acidic
2027-01-29 19:12:10.966258,26.34,74.36,25.71,6.59,0.41,572.51,40.0,0,normal
2026-08-28 23:12:10.742099,17.87,74.45,24.71,6.03,0.53,326.45,40.0,0,normal
2026-09-06 10:12:10.753280,28.56,73.98,24.31,5.63,0.41,297.93,40.0,0,normal
2026-07-29 01:12:10.699348,22.69,76.91,25.54,5.97,1.09,61.69,40.0,0,normal
2026-12-09 07:12:10.892878,29.08,70.36,24.18,6.17,1.06,525.7,40.0,0,normal
2026-08-25 19:12:10.737907,27.63,71.53,25.8,5.68,0.77,693.01,100.0,0,normal
2027-03-28 01:12:11.052025,24.8,76.71,25.79,6.58,0.29,345.05,40.0,0,normal
2026-05-28 13:12:10.611896,22.46,68.03,24.93,6.2,0.14,436.28,40.0,0,normal
2027-04-03 16:12:11.062710,19.17,71.94,25.26,6.21,0.79,546.15,40.0,0,normal
2027-03-01 04:12:11.011215,20.74,77.68,26.62,5.88,0.94,919.3,100.0,0,normal
2026-10-08 14:12:10.799893,26.2,77.51,25.36,6.18,0.79,676.89,100.0,0,normal
2026-09-19 00:12:10.771346,20.31,72.33,23.26,6.17,0.62,1108.6,100.0,0,normal
2026-10-11 06:12:10.804227,25.45,76.68,25.07,5.52,0.0,676.37,100.0,0,normal
2026-06-10 04:12:11.204492,23.5,75.0,25.0,6.15,7.73,600.0,12.82,1,high_salinity
2027-04-02 21:12:11.061606,24.6,70.5,23.44,5.98,0.95,524.56,40.0,0,normal
2027-04-20 21:12:11.087963,23.14,77.32,26.6,6.01,0.89,841.83,100.0,0,normal
2026-12-03 06:12:10.883794,22.92,77.57,26.43,5.89,1.14,852.78,100.0,0,normal
2027-03-02 19:12:11.013646,24.79,75.6,24.0,5.61,0.85,686.74,100.0,0,normal
2027-02-02 08:12:10.971260,22.78,73.04,24.98,5.54,1.15,503.36,40.0,0,normal
2027-06-18 04:12:11.176082,22.55,72.22,25.09,5.91,0.67,729.77,100.0,0,normal
2027-02-25 11:12:11.005575,24.91,72.13,25.43,5.84,0.63,533.77,40.0,0,normal
2027-04-12 04:12:11.075360,27.17,75.98,25.16,6.33,1.36,547.89,40.0,0,normal
2026-12-07 17:12:10.890425,23.75,81.34,26.54,5.5,0.64,313.19,40.0,0,normal
2027-01-12 13:12:10.943097,22.69,73.5,24.94,5.8,0.98,441.16,40.0,0,normal
2026-09-03 00:12:10.748759,21.01,78.39,26.28,6.1,0.88,558.81,40.0,0,normal
2027-02-25 12:12:11.005628,27.15,78.66,25.31,6.11,0.88,767.81,100.0,0,normal
2026-08-28 21:12:10.741988,25.83,71.13,25.32,5.89,1.26,585.69,40.0,0,normal
2027-05-24 03:12:11.136606,22.08,71.47,25.16,5.93,0.94,789.78,100.0,0,normal
2026-12-30 05:12:10.924123,27.03,70.02,25.52,6.34,0.63,581.06,40.0,0,normal
2026-10-13 06:12:10.807178,20.61,73.36,25.22,6.19,0.78,472.68,40.0,0,normal
2026-11-14 03:12:10.854512,24.51,71.15,24.78,5.97,0.74,713.77,100.0,0,normal
2027-01-01 14:12:10.927797,23.64,78.33,25.29,5.54,1.02,254.84,40.0,0,normal
2027-03-16 18:12:11.035349,25.02,72.51,23.01,6.38,0.92,894.27,100.0,0,normal
2027-04-08 07:12:11.069782,23.8,75.54,24.63,6.19,1.16,698.26,100.0,0,normal
2027-03-21 15:12:11.042174,24.4,73.88,25.75,6.52,0.9,523.44,40.0,0,normal
2026-11-25 15:12:10.872393,23.9,70.38,26.73,5.68,0.78,152.12,40.0,0,normal
2026-09-05 07:12:10.751780,29.68,67.67,25.77,6.38,0.68,678.67,100.0,0,normal
2026-11-14 16:12:10.855252,25.99,77.06,24.88,5.81,1.02,572.4,40.0,0,normal
2026-06-26 08:12:10.654490,25.83,80.83,24.99,6.04,1.13,814.71,100.0,0,normal
2026-10-08 09:12:10.799625,20.9,79.15,27.0,6.36,0.58,634.74,100.0,0,normal
2026-06-30 03:12:10.659551,26.24,75.07,23.91,6.55,0.56,473.13,40.0,0,normal
2026-12-09 00:12:10.892417,27.38,75.06,25.63,6.03,0.77,518.64,40.0,0,normal
2027-02-14 20:12:10.989890,26.71,71.11,23.34,5.86,0.98,322.22,40.0,0,normal
2027-05-26 05:12:11.140072,26.53,69.4,23.0,6.28,1.11,119.49,40.0,0,normal
2027-05-15 16:12:11.123256,25.73,81.31,24.64,6.08,0.44,550.62,40.0,0,normal
2027-05-20 10:12:11.131289,25.89,74.63,24.75,5.9,1.2,268.57,40.0,0,normal
2026-05-28 14:12:11.204557,23.5,75.0,25.0,6.15,2.55,600.0,85.24,1,high_salinity
2026-06-22 14:12:11.203667,23.5,75.0,28.05,6.15,0.75,600.0,50.0,1,overwater
2026-06-22 13:12:10.649144,22.98,85.0,26.57,6.5,0.1,740.02,100.0,0,normal
2027-06-18 22:12:11.177629,19.4,65.0,25.52,5.95,0.9,234.44,40.0,0,normal
2026-09-09 05:12:10.756948,26.16,72.33,24.51,6.28,0.79,604.85,100.0,0,normal
2026-11-11 10:12:10.850110,23.33,67.75,25.07,6.04,0.89,597.6,40.0,0,normal
2027-04-11 23:12:11.074817,25.68,80.75,23.7,5.89,0.67,251.96,40.0,0,normal
2026-09-30 22:12:10.788855,22.64,82.06,25.15,6.03,0.47,511.55,40.0,0,normal
2027-02-16 16:12:10.992466,20.12,69.81,25.6,6.16,0.64,662.92,100.0,0,normal
2027-02-23 03:12:11.001947,24.5,78.84,25.79,6.76,1.24,711.79,100.0,0,normal
2026-10-30 09:12:10.831633,22.16,71.17,25.65,6.01,0.64,863.54,100.0,0,normal
2026-12-30 12:12:10.924750,20.14,69.1,24.88,6.22,0.47,884.66,100.0,0,normal
2026-11-06 12:12:10.841757,24.24,77.12,23.0,6.21,0.61,562.2,40.0,0,normal
2026-10-11 11:12:10.804583,26.69,65.0,24.65,6.37,0.59,389.65,40.0,0,normal
2026-05-26 17:12:11.205678,23.5,75.0,25.0,7.79,0.75,600.0,60.0,1,ph_alkaline
2026-08-15 22:12:10.723659,24.27,70.9,23.82,6.27,0.5,514.37,40.0,0,normal
2026-06-13 22:12:10.636924,21.82,73.2,25.2,6.06,0.0,291.14,40.0,0,normal
2026-11-17 00:12:10.859381,25.24,78.73,23.59,6.22,1.22,722.62,100.0,0,normal
2026-09-16 05:12:10.767500,26.1,84.3,24.41,6.47,1.2,839.77,100.0,0,normal
2027-05-22 15:12:11.134519,19.95,73.06,24.67,6.33,0.88,411.82,40.0,0,normal
2027-05-31 17:12:11.148867,20.62,72.22,25.55,6.06,1.02,738.66,100.0,0,normal
2026-09-05 06:12:10.751727,20.67,69.78,25.18,5.89,0.82,616.12,100.0,0,normal
2027-01-29 20:12:10.966312,27.76,75.87,25.02,5.5,0.52,649.35,100.0,0,normal
2026-10-01 02:12:10.789071,23.29,76.01,25.26,5.85,0.88,224.46,40.0,0,normal
2027-05-25 05:12:11.138334,19.58,67.33,25.83,6.31,0.99,838.98,100.0,0,normal
2026-12-09 03:12:10.892615,19.8,75.33,23.82,6.36,0.25,447.98,40.0,0,normal
2026-11-16 21:12:10.859211,22.93,85.0,24.98,6.07,0.47,508.87,40.0,0,normal
2026-07-13 12:12:10.677573,25.05,68.38,24.81,5.91,0.63,454.65,40.0,0,normal
2027-04-15 04:12:11.079678,25.5,78.77,26.25,6.09,1.01,618.27,100.0,0,normal
2026-10-21 13:12:10.819262,24.92,70.52,24.58,6.53,0.84,828.27,100.0,0,normal
2027-04-17 00:12:11.082309,24.65,70.9,25.33,6.27,1.2,917.07,100.0,0,normal
2026-07-03 17:12:10.664293,19.42,76.39,25.68,6.5,0.65,484.94,40.0,0,normal
2026-12-14 20:12:10.900955,24.95,65.0,25.59,5.7,1.1,516.46,40.0,0,normal
2026-06-22 09:12:10.648929,21.86,74.9,26.75,6.02,0.45,266.45,40.0,0,normal
2026-11-02 06:12:10.835670,23.19,75.99,24.08,6.8,0.5,378.92,40.0,0,normal
2026-11-06 15:12:10.841921,22.94,77.13,24.79,6.54,0.61,1184.05,100.0,0,normal
2027-01-01 16:12:10.927908,24.13,76.68,23.0,5.9,1.06,639.89,100.0,0,normal
2026-08-11 08:12:10.717168,18.14,76.92,24.01,5.81,0.76,822.95,100.0,0,normal
2026-12-15 10:12:10.901898,21.76,73.4,23.87,6.72,0.62,449.24,40.0,0,normal
2026-06-05 16:12:10.624268,20.74,69.95,24.52,5.69,0.44,262.85,40.0,0,normal
2026-07-24 00:12:10.692453,19.22,71.0,24.69,6.55,0.81,773.08,100.0,0,normal
2026-12-09 04:12:10.892698,25.56,67.01,24.9,6.34,0.89,420.74,40.0,0,normal
2026-11-24 01:12:10.870181,26.97,70.07,24.25,5.65,0.18,778.31,100.0,0,normal
2026-10-25 02:12:10.824059,22.18,79.03,23.46,5.5,0.55,751.23,100.0,0,normal
2027-03-03 04:12:11.014246,20.92,67.97,24.77,6.18,0.82,582.86,40.0,0,normal
2026-06-20 06:12:10.646120,23.68,69.32,26.44,6.64,0.59,249.39,40.0,0,normal
2026-10-29 16:12:10.830547,30.0,74.59,25.59,5.77,0.48,746.44,100.0,0,normal
2027-02-26 15:12:11.007310,22.07,75.45,25.19,6.06,0.78,448.58,40.0,0,normal
2027-05-31 23:12:11.149230,21.19,74.15,23.51,6.2,0.79,491.17,40.0,0,normal
2026-06-14 10:12:10.637781,19.72,80.94,24.87,5.95,1.07,538.47,40.0,0,normal
2026-08-26 15:12:10.739029,22.75,69.48,25.56,6.17,0.83,394.62,40.0,0,normal
2026-09-28 03:12:10.784955,20.69,83.13,24.01,5.55,0.88,578.38,40.0,0,normal
2027-04-20 08:12:11.087220,24.45,75.44,27.0,5.89,1.08,721.63,100.0,0,normal
2026-09-30 07:12:10.787903,26.72,74.43,24.2,5.89,0.86,602.91,100.0,0,normal
2027-01-10 15:12:10.940554,21.35,83.7,24.08,5.68,0.59,452.59,40.0,0,normal
2027-05-03 14:12:11.106005,26.14,74.73,24.39,6.2,0.74,415.23,40.0,0,normal
2027-06-09 04:12:11.161568,26.94,78.57,23.4,6.49,0.16,695.68,100.0,0,normal
2026-05-22 06:12:11.202518,23.5,75.0,12.46,6.15,1.62,600.0,0.0,1,drought
2027-05-23 07:12:11.135438,17.69,74.64,25.12,5.92,1.33,818.96,100.0,0,normal
2026-11-07 16:12:10.843861,24.64,67.52,24.42,6.13,1.06,467.93,40.0,0,normal
2027-06-13 18:12:11.168188,23.04,75.13,25.56,6.0,1.09,189.37,40.0,0,normal
2026-07-04 16:12:10.665578,21.77,78.31,26.39,6.34,0.89,947.64,100.0,0,normal
2026-09-21 12:12:10.774943,21.94,79.39,26.32,6.39,0.34,226.2,40.0,0,normal
2026-08-05 09:12:10.709117,21.95,77.96,23.99,5.81,0.99,464.16,40.0,0,normal
2026-09-30 23:12:10.788909,29.79,80.83,25.54,6.09,0.6,695.49,100.0,0,normal
2026-06-08 07:12:10.628602,21.88,68.0,23.0,5.91,0.62,270.54,40.0,0,normal
2026-07-16 21:12:10.682068,21.73,74.46,26.19,6.12,0.43,722.1,100.0,0,normal
2027-06-16 09:12:11.172495,23.26,72.15,24.29,6.39,0.65,463.22,40.0,0,normal
2027-01-27 22:12:10.963723,24.28,65.0,23.0,6.29,1.03,555.77,40.0,0,normal
2026-12-18 19:12:10.907007,17.0,67.64,24.64,5.92,0.96,653.51,100.0,0,normal
2026-12-01 00:12:10.880362,22.54,79.29,26.64,6.13,0.9,842.0,100.0,0,normal
2026-11-30 00:12:10.878769,17.0,85.0,26.06,5.61,1.19,365.36,40.0,0,normal
2027-03-24 20:12:11.047388,26.82,69.9,27.0,6.12,1.01,954.49,100.0,0,normal
2026-07-22 06:12:10.689864,21.27,83.67,24.48,6.45,0.48,646.32,100.0,0,normal
2026-08-01 07:12:10.703651,23.72,74.39,25.84,6.25,1.26,448.8,40.0,0,normal
2026-11-21 10:12:10.866311,27.49,69.39,23.0,6.49,1.16,447.83,40.0,0,normal
2027-05-20 18:12:11.131731,27.2,70.65,25.1,6.4,0.68,1069.6,100.0,0,normal
2026-08-24 16:12:10.735621,17.71,68.02,26.07,6.64,0.0,671.32,100.0,0,normal
2026-07-27 00:12:10.696594,22.24,71.87,23.37,6.39,0.81,1140.48,100.0,0,normal
2026-07-19 21:12:10.686432,23.39,73.19,25.56,6.08,1.04,477.82,40.0,0,normal
2026-11-09 07:12:10.846485,19.44,77.4,25.01,6.8,0.4,468.7,40.0,0,normal
2027-04-05 18:12:11.065979,22.87,66.38,25.63,6.4,0.95,497.93,40.0,0,normal
2027-02-24 19:12:11.004565,24.99,85.0,25.52,6.69,0.78,567.03,40.0,0,normal
2026-08-01 19:12:10.704321,26.05,74.29,23.0,6.45,1.14,768.28,100.0,0,normal
2026-08-14 09:12:10.721612,22.72,81.41,25.23,6.8,0.74,453.76,40.0,0,normal
2026-08-22 05:12:10.732354,29.38,80.13,23.98,6.08,0.93,421.44,40.0,0,normal
2026-07-23 20:12:10.692235,23.12,75.32,24.98,5.5,0.71,751.88,100.0,0,normal
2026-09-08 07:12:10.755744,30.0,71.5,24.43,6.3,1.04,712.9,100.0,0,normal
2026-12-28 09:12:10.921477,20.9,68.03,24.6,6.08,0.34,657.82,100.0,0,normal
2027-06-06 06:12:11.156526,24.93,77.44,24.15,5.68,0.59,653.04,100.0,0,normal
2026-07-16 02:12:10.680999,19.4,66.87,24.87,6.22,0.35,676.83,100.0,0,normal
2026-06-26 03:12:10.654198,25.39,75.08,24.26,6.61,0.88,621.26,100.0,0,normal
2026-07-08 19:12:10.671318,26.71,74.02,25.84,5.63,0.74,939.16,100.0,0,normal
2026-10-20 01:12:10.817168,21.95,66.81,26.34,5.77,1.11,539.02,40.0,0,normal
2026-11-16 08:12:10.857812,18.47,70.22,23.8,5.98,1.02,751.98,100.0,0,normal
2027-06-07 22:12:11.159114,20.01,65.79,24.21,5.98,0.63,195.59,40.0,0,normal
2027-05-31 08:12:11.148367,28.74,80.53,25.08,6.26,0.86,739.87,100.0,0,normal
2027-04-11 22:12:11.074763,20.01,75.34,25.31,6.03,0.62,577.24,40.0,0,normal
2026-06-10 08:12:10.631548,23.77,82.28,25.55,6.23,1.04,375.23,40.0,0,normal
2026-08-03 03:12:10.706123,26.19,73.41,24.97,5.85,0.77,947.08,100.0,0,normal
2027-01-08 16:12:10.937936,23.42,81.21,23.0,5.87,1.37,376.62,40.0,0,normal
2026-11-29 01:12:10.877464,22.23,75.66,27.0,6.33,1.12,1008.77,100.0,0,normal
2027-06-20 02:12:11.179433,24.63,69.31,25.27,5.89,1.19,728.54,100.0,0,normal
2027-06-11 17:12:11.165218,18.7,77.03,25.41,6.06,0.3,127.15,40.0,0,normal
2026-12-03 19:12:10.884542,22.72,74.01,26.24,6.46,0.55,719.46,100.0,0,normal
2027-02-13 01:12:10.987326,21.29,85.0,24.51,6.8,0.25,573.17,40.0,0,normal
2026-06-06 19:12:10.626382,24.51,76.9,25.36,5.8,0.94,874.76,100.0,0,normal
2026-09-28 11:12:10.785398,23.15,76.88,25.54,6.43,0.73,176.04,40.0,0,normal
2027-05-02 18:12:11.104654,26.2,84.95,26.04,6.0,0.6,588.76,40.0,0,normal
2026-07-16 16:12:10.681774,22.7,72.58,23.0,6.45,0.48,898.23,100.0,0,normal
2026-07-12 00:12:10.675577,23.06,79.52,24.56,6.39,1.22,604.02,100.0,0,normal
2026-12-03 10:12:10.884038,24.61,73.87,25.38,5.7,0.83,521.94,40.0,0,normal
2026-09-12 05:12:10.761559,18.83,75.62,24.46,6.26,0.84,899.47,100.0,0,normal
2026-11-19 19:12:10.863888,18.02,65.0,25.33,6.22,0.37,549.49,40.0,0,normal
2026-09-22 01:12:10.775664,25.81,73.99,25.81,6.4,0.43,462.6,40.0,0,normal
2026-07-17 07:12:10.682673,25.59,78.85,24.81,6.14,0.83,547.97,40.0,0,normal
2026-07-06 03:12:10.667526,24.89,79.89,23.43,5.93,0.84,250.23,40.0,0,normal
2027-05-16 04:12:11.123969,23.25,66.24,23.67,6.21,0.86,685.14,100.0,0,normal
2026-08-05 12:12:10.709279,26.14,81.91,24.8,6.27,0.48,466.22,40.0,0,normal
2027-01-15 08:12:10.946953,22.72,67.15,25.22,6.36,1.36,522.62,40.0,0,normal
2026-07-17 08:12:10.682729,24.62,73.69,25.02,6.62,0.47,265.5,40.0,0,normal
2026-12-16 23:12:10.904238,25.47,72.21,24.3,6.44,1.39,427.27,40.0,0,normal
2026-12-29 14:12:10.923240,25.75,81.6,23.76,6.15,0.9,488.62,40.0,0,normal
2026-08-08 23:12:10.714017,25.02,80.66,23.91,6.26,0.55,575.96,40.0,0,normal
2027-02-22 14:12:11.001224,21.24,71.3,25.95,5.89,0.91,776.54,100.0,0,normal
2026-06-14 14:12:10.638008,24.85,82.57,23.45,6.36,0.96,381.72,40.0,0,normal
2026-10-31 15:12:10.833476,20.79,72.97,24.01,6.73,1.1,567.11,40.0,0,normal
2026-06-22 03:12:11.200934,36.96,56.45,25.0,6.15,0.75,600.0,0.0,1,high_temp
2026-10-22 02:12:10.819989,20.73,84.17,25.06,6.25,1.16,523.57,40.0,0,normal
2027-03-14 07:12:11.031756,22.03,81.35,27.0,6.8,0.58,552.32,40.0,0,normal
2027-04-01 07:12:11.058543,25.44,77.14,25.48,6.03,0.67,667.53,100.0,0,normal
2026-07-11 13:12:10.674969,21.55,65.0,25.09,6.2,0.7,708.49,100.0,0,normal
2026-07-10 14:12:10.673698,23.39,76.98,24.7,6.34,0.72,235.12,40.0,0,normal
2026-11-04 16:12:10.839145,21.48,77.85,24.84,6.8,0.63,553.09,40.0,0,normal
2026-06-28 11:12:10.657325,21.32,75.4,24.6,6.25,0.66,681.36,100.0,0,normal
2027-02-21 08:12:10.999405,20.69,74.97,25.76,6.45,1.29,757.57,100.0,0,normal
2026-11-01 17:12:10.834930,23.72,67.28,26.69,6.2,0.59,385.28,40.0,0,normal
2027-03-09 23:12:11.025209,24.15,65.6,24.14,6.44,0.99,702.75,100.0,0,normal
2027-05-27 14:12:11.142345,25.0,75.52,23.74,6.02,0.7,634.38,100.0,0,normal
2026-10-12 23:12:10.806626,21.52,73.4,25.56,6.13,0.78,573.42,40.0,0,normal
2026-10-19 10:12:10.816272,24.62,80.91,25.33,5.83,0.44,465.64,40.0,0,normal
2026-12-27 23:12:10.920880,23.76,85.0,23.76,6.42,0.87,201.75,40.0,0,normal
2027-05-22 03:12:11.133615,21.15,78.97,23.0,5.96,1.27,855.65,100.0,0,normal
2026-06-29 03:12:11.203090,23.5,75.0,16.36,6.15,2.38,600.0,43.87,1,drought
2026-11-16 06:12:10.857686,19.87,65.0,24.48,5.81,0.86,412.65,40.0,0,normal
2026-12-16 21:12:10.904124,23.46,84.44,24.82,6.55,0.72,310.0,40.0,0,normal
2026-06-22 20:12:11.202635,23.5,75.0,12.35,6.15,2.71,600.0,0.0,1,drought
2027-05-17 17:12:11.126578,26.54,67.83,23.59,6.78,1.15,592.39,40.0,0,normal
2026-08-27 05:12:10.739796,20.43,76.84,26.7,5.86,1.01,417.89,40.0,0,normal
2027-01-14 11:12:10.945607,20.23,66.43,24.41,6.35,0.44,587.86,40.0,0,normal
2026-08-24 07:12:10.735103,26.07,75.83,26.93,5.91,0.99,795.36,100.0,0,normal
2027-02-28 07:12:11.009833,25.06,72.89,26.56,5.99,1.0,694.3,100.0,0,normal
2027-03-16 15:12:11.035189,22.18,76.6,23.67,5.99,0.8,563.01,40.0,0,normal
2026-09-07 04:12:10.754279,27.0,78.49,25.65,5.9,1.07,616.08,100.0,0,normal
2027-03-17 22:12:11.036915,22.36,67.51,25.32,6.12,0.61,538.43,40.0,0,normal
2026-10-18 18:12:10.815388,25.5,67.2,24.25,5.76,0.45,455.27,40.0,0,normal
2026-12-25 07:12:10.915853,23.35,74.43,24.47,6.02,0.77,701.96,100.0,0,normal
2026-07-03 23:12:10.664634,23.78,79.91,25.84,6.44,0.76,363.29,40.0,0,normal
2026-12-01 04:12:10.880598,26.37,65.03,27.0,6.31,1.17,706.82,100.0,0,normal
2027-06-17 04:12:11.174557,21.28,65.0,24.14,6.49,0.58,683.86,100.0,0,normal
2027-02-18 20:12:10.995835,22.23,75.75,25.0,6.09,0.62,556.61,40.0,0,normal
2027-03-23 05:12:11.045221,23.3,81.29,26.17,6.57,0.38,770.41,100.0,0,normal
2027-01-15 20:12:10.947639,23.55,76.79,24.86,5.73,0.62,479.12,40.0,0,normal
2027-01-01 01:12:10.926872,24.38,73.41,24.8,5.66,0.69,664.03,100.0,0,normal
2027-02-12 09:12:10.986426,28.27,81.22,26.15,6.09,0.79,734.15,100.0,0,normal
2026-08-03 04:12:10.706178,25.63,69.75,24.66,6.44,0.59,793.96,100.0,0,normal
2027-04-23 03:12:11.091044,23.59,75.43,26.77,6.59,0.69,898.22,100.0,0,normal
2027-06-20 14:12:11.180134,25.53,80.48,25.24,6.25,0.69,949.96,100.0,0,normal
2026-05-31 16:12:10.617114,27.03,76.5,24.78,6.8,0.88,455.1,40.0,0,normal
2027-04-04 19:12:11.064448,24.39,76.34,26.04,6.17,0.7,728.48,100.0,0,normal
2026-05-26 15:12:10.608069,24.55,74.98,23.81,6.22,0.78,624.91,100.0,0,normal
2027-01-04 08:12:10.931653,19.56,71.22,23.65,5.9,0.34,618.26,100.0,0,normal
2027-02-25 10:12:11.005520,21.01,71.72,25.52,6.26,0.72,726.25,100.0,0,normal
2026-09-03 19:12:10.749802,22.22,72.12,25.39,5.81,0.61,1052.47,100.0,0,normal
2027-06-02 12:12:11.151344,21.05,70.1,24.53,6.6,0.61,252.12,40.0,0,normal
2027-04-10 22:12:11.073267,25.84,85.0,26.44,5.63,0.84,622.05,100.0,0,normal
2026-12-04 15:12:10.886041,27.31,70.88,25.07,6.08,0.38,765.34,100.0,0,normal
2026-09-20 14:12:10.773567,25.75,70.53,25.37,6.54,1.15,653.82,100.0,0,normal
2026-10-26 15:12:10.826278,26.79,79.01,26.18,6.43,0.58,1026.57,100.0,0,normal
2026-09-23 17:12:10.778185,18.01,72.28,25.48,6.2,0.89,571.72,40.0,0,normal
2026-08-26 14:12:10.738975,25.32,72.93,24.32,6.22,1.06,275.04,40.0,0,normal
2026-12-09 22:12:10.893776,28.73,75.5,24.7,5.72,0.6,438.73,40.0,0,normal
2026-11-16 20:12:10.859155,22.48,75.61,25.0,5.93,0.54,805.78,100.0,0,normal
2026-06-22 09:12:11.203698,23.5,75.0,29.02,6.15,0.75,600.0,50.0,1,overwater
2026-07-24 04:12:10.692672,22.56,79.78,24.72,5.95,0.89,509.59,40.0,0,normal
2026-05-31 01:12:10.616133,21.43,80.84,23.0,6.07,0.97,706.15,100.0,0,normal
2027-06-09 19:12:11.162396,22.85,84.58,23.8,6.11,0.42,518.95,40.0,0,normal
2027-06-03 11:12:11.152729,22.22,72.6,24.35,6.0,0.75,1005.24,100.0,0,normal
2027-05-07 15:12:11.111987,22.3,70.02,25.9,6.72,0.86,531.54,40.0,0,normal
2026-08-24 08:12:10.735167,27.12,71.83,24.53,5.57,0.2,486.1,40.0,0,normal
2027-01-10 10:12:10.940273,25.12,81.02,24.29,6.39,0.87,804.44,100.0,0,normal
2026-12-06 16:12:10.888778,24.67,82.25,24.91,6.22,0.49,557.29,40.0,0,normal
2027-05-11 00:12:11.116795,23.82,69.57,24.4,5.5,0.69,494.26,40.0,0,normal
2027-01-27 09:12:10.962996,24.53,72.6,25.14,6.46,0.79,541.36,40.0,0,normal
2026-06-28 06:12:10.657055,26.11,68.3,26.61,6.33,1.0,822.78,100.0,0,normal
2026-07-23 03:12:10.691129,23.87,78.61,23.89,6.41,1.33,282.41,40.0,0,normal
2026-09-24 04:12:10.778923,21.53,71.25,26.43,6.21,0.29,970.37,100.0,0,normal
2026-08-07 03:12:10.711439,25.73,79.99,26.51,6.58,0.34,430.82,40.0,0,normal
2026-12-24 14:12:10.914879,20.33,78.19,25.37,6.04,0.86,449.99,40.0,0,normal
2026-12-01 14:12:10.881212,23.4,71.56,24.69,6.06,0.37,702.97,100.0,0,normal
2026-06-04 13:12:10.622542,23.18,70.41,26.41,6.75,0.06,541.21,40.0,0,normal
2026-07-11 16:12:10.675147,24.98,74.34,25.42,5.63,0.9,891.43,100.0,0,normal
2026-09-19 20:12:10.772575,22.88,75.8,25.59,6.7,0.41,746.77,100.0,0,normal
2026-09-21 06:12:10.774619,22.08,76.66,24.09,6.41,0.54,491.55,40.0,0,normal
2026-10-21 11:12:10.819152,17.57,80.06,24.26,6.33,1.3,640.69,100.0,0,normal
2027-03-04 15:12:11.016429,22.55,81.18,26.56,5.5,0.76,765.89,100.0,0,normal
2027-02-23 23:12:11.003417,17.0,78.83,23.0,5.95,0.78,394.18,40.0,0,normal
2027-02-08 09:12:10.980142,26.49,85.0,27.0,6.04,0.77,191.77,40.0,0,normal
2027-05-14 16:12:11.121857,20.33,68.71,24.7,6.56,0.81,840.21,100.0,0,normal
2027-02-03 00:12:10.972369,25.95,77.49,25.48,6.25,0.81,496.8,40.0,0,normal
2026-06-15 18:12:11.205146,23.5,75.0,25.0,4.93,0.75,600.0,60.0,1,ph_acidic
2026-07-08 02:12:10.670260,26.98,79.14,24.38,6.26,0.44,516.28,40.0,0,normal
2026-12-07 11:12:10.890083,25.04,85.0,24.52,6.17,0.81,841.38,100.0,0,normal
2026-09-20 15:12:10.773620,18.96,76.33,23.48,5.93,0.3,1076.42,100.0,0,normal
2027-04-23 17:12:11.091965,28.72,69.12,26.43,6.44,0.86,665.34,100.0,0,normal
2027-04-18 01:12:11.083863,27.75,74.37,26.03,5.78,0.95,566.07,40.0,0,normal
2027-06-04 23:12:11.154804,24.06,75.07,25.58,6.02,0.67,745.58,100.0,0,normal
2026-10-28 11:12:10.828938,25.56,72.77,26.23,5.72,0.97,967.89,100.0,0,normal
2026-12-13 02:12:10.898392,19.61,81.13,23.0,5.9,0.47,594.6,40.0,0,normal
2026-05-30 17:12:10.615685,29.1,73.33,25.27,5.95,0.3,540.15,40.0,0,normal
2026-10-04 15:12:10.794293,24.93,77.81,24.88,6.56,1.04,552.26,40.0,0,normal
2026-09-15 12:12:10.766572,17.66,71.58,25.36,5.59,0.26,757.28,100.0,0,normal
2027-03-19 12:12:11.039285,21.02,69.62,24.12,6.25,0.7,368.57,40.0,0,normal
2026-12-24 09:12:10.914596,21.64,83.42,23.7,6.04,1.03,820.31,100.0,0,normal
2026-06-24 07:12:10.651664,18.61,71.22,25.26,5.98,0.91,869.74,100.0,0,normal
2027-06-05 07:12:11.155259,19.18,77.32,26.31,6.14,0.73,298.17,40.0,0,normal
2026-06-21 15:12:10.647942,20.02,66.77,25.59,6.57,0.88,437.91,40.0,0,normal
2026-08-23 13:12:10.734112,23.47,67.18,24.87,6.42,0.98,713.94,100.0,0,normal
2026-05-29 11:12:10.613807,24.36,76.75,23.67,6.46,0.66,527.67,40.0,0,normal
2027-01-19 21:12:10.953064,24.76,75.6,25.5,5.5,0.68,481.76,40.0,0,normal
2027-05-09 16:12:11.114786,23.4,66.33,26.16,5.94,1.06,755.19,100.0,0,normal
2026-07-09 23:12:10.672874,23.32,73.62,25.29,6.19,0.22,440.38,40.0,0,normal
2027-05-21 17:12:11.133044,29.01,74.3,26.16,6.08,0.88,332.92,40.0,0,normal
2027-01-20 15:12:10.954060,18.84,69.79,26.24,5.99,0.86,509.82,40.0,0,normal
2026-08-06 08:12:10.710387,25.74,76.91,25.62,5.97,0.34,784.4,100.0,0,normal
2027-05-26 14:12:11.140869,25.17,80.25,23.88,5.88,1.02,603.09,100.0,0,normal
2026-11-17 04:12:10.859633,22.57,85.0,24.6,5.58,0.82,184.64,40.0,0,normal
2027-04-15 23:12:11.080753,24.96,80.49,24.44,6.51,0.37,509.96,40.0,0,normal
2027-03-20 16:12:11.040902,25.68,68.98,26.3,5.87,0.6,402.12,40.0,0,normal
2027-04-21 14:12:11.088892,26.04,78.5,25.52,5.59,0.49,458.02,40.0,0,normal
2026-05-30 07:12:10.614938,21.49,71.71,26.32,6.4,0.96,343.82,40.0,0,normal
2027-04-17 06:12:11.082670,27.65,81.35,23.93,6.2,0.91,618.53,100.0,0,normal
2027-01-14 01:12:10.945069,26.19,71.55,25.32,6.21,1.01,788.49,100.0,0,normal
2027-06-12 18:12:11.166741,24.61,67.7,25.57,6.8,0.92,748.89,100.0,0,normal
2026-07-06 18:12:10.668340,21.67,81.25,25.91,6.01,0.84,875.2,100.0,0,normal
2026-06-13 21:12:10.636870,30.0,72.5,24.44,6.02,0.91,533.65,40.0,0,normal
2026-05-25 12:12:11.201583,9.92,75.0,25.0,6.15,0.75,600.0,60.0,1,low_temp
2026-05-23 22:12:11.205667,23.5,75.0,25.0,7.02,0.75,600.0,60.0,1,ph_alkaline
2027-03-10 06:12:11.025592,25.92,73.66,23.55,6.02,0.79,807.42,100.0,0,normal
2026-12-28 03:12:10.921140,25.87,69.96,23.46,6.26,0.75,501.01,40.0,0,normal
2026-10-09 10:12:10.801509,23.52,80.7,25.08,6.26,0.8,581.76,40.0,0,normal
2026-12-05 20:12:10.887672,21.76,72.79,27.0,6.08,0.91,775.85,100.0,0,normal
2026-09-04 13:12:10.750800,20.87,82.67,25.83,6.33,0.65,572.67,40.0,0,normal
2026-11-21 01:12:10.865738,24.89,80.75,24.26,6.58,1.2,578.96,40.0,0,normal
2026-08-26 11:12:10.738801,24.17,67.37,24.64,6.2,1.23,711.51,100.0,0,normal
2027-02-23 04:12:11.002001,22.37,73.92,23.74,6.61,0.94,322.73,40.0,0,normal
2027-06-09 21:12:11.162503,22.06,68.48,25.47,6.15,1.04,490.38,40.0,0,normal
2027-01-24 08:12:10.958979,19.49,75.15,24.98,6.12,0.91,446.31,40.0,0,normal
2026-09-16 08:12:10.767662,25.61,65.0,24.14,5.73,0.45,303.58,40.0,0,normal
2026-10-12 06:12:10.805654,27.83,70.35,25.18,6.16,0.13,561.73,40.0,0,normal
2026-10-30 16:12:10.832034,19.62,69.4,25.36,6.23,1.5,286.21,40.0,0,normal
2026-11-11 05:12:10.849757,19.24,69.97,24.46,6.41,1.09,349.99,40.0,0,normal
2026-05-24 19:12:10.604690,27.87,71.9,24.53,6.13,1.16,650.42,100.0,0,normal
2027-06-03 14:12:11.152916,24.31,82.75,25.45,5.92,0.66,567.83,40.0,0,normal
2026-06-16 17:12:10.641337,24.67,69.8,23.56,6.52,0.65,622.87,100.0,0,normal
2026-07-07 15:12:10.669667,24.92,85.0,24.07,5.91,0.69,473.24,40.0,0,normal
2026-10-04 21:12:10.794616,20.86,74.91,27.0,6.49,0.78,478.07,40.0,0,normal
2026-10-10 18:12:10.803574,26.18,76.47,24.76,6.51,0.82,448.5,40.0,0,normal
2026-10-22 21:12:10.821095,17.19,82.8,26.05,6.66,0.64,451.65,40.0,0,normal
2026-06-30 02:12:10.659496,22.25,82.39,23.0,5.94,0.87,639.01,100.0,0,normal
2027-04-29 17:12:11.100238,25.74,76.93,24.36,6.35,0.95,915.41,100.0,0,normal
2026-09-06 05:12:10.752997,23.58,73.04,26.14,6.49,0.04,348.17,40.0,0,normal
2027-04-14 18:12:11.078962,21.65,74.81,24.64,6.11,0.89,607.05,100.0,0,normal
2027-02-09 11:12:10.982100,22.31,74.53,24.68,6.63,0.51,369.54,40.0,0,normal
2026-06-16 23:12:10.641692,18.6,77.93,25.38,5.85,0.35,589.53,40.0,0,normal
2026-07-31 02:12:10.702055,20.3,77.42,25.66,6.69,0.43,933.18,100.0,0,normal
2026-08-18 15:12:10.727335,23.07,80.83,23.6,6.11,0.59,341.76,40.0,0,normal
2026-06-23 20:12:10.650982,24.71,76.25,25.98,6.25,0.49,239.86,40.0,0,normal
2026-10-07 21:12:10.798959,17.0,80.43,25.83,6.21,0.7,534.96,40.0,0,normal
2026-12-17 08:12:10.904747,25.41,79.35,23.81,5.96,1.01,301.79,40.0,0,normal
2026-07-06 13:12:10.668069,26.01,69.01,25.46,6.05,0.82,702.81,100.0,0,normal
2027-05-17 15:12:11.126145,20.46,72.21,23.72,6.21,1.09,670.46,100.0,0,normal
2026-12-17 03:12:10.904469,25.18,76.72,23.8,5.91,1.11,214.23,40.0,0,normal
2026-12-14 17:12:10.900778,26.78,81.81,25.75,6.67,0.86,717.42,100.0,0,normal
2027-01-24 15:12:10.959363,24.7,71.29,25.88,6.62,0.75,502.71,40.0,0,normal
2026-10-05 17:12:10.795867,21.44,78.58,26.32,6.31,0.72,554.73,40.0,0,normal
2026-12-05 04:12:10.886772,22.39,81.11,24.65,5.55,0.92,284.56,40.0,0,normal
2026-08-21 18:12:10.731717,21.81,75.99,26.54,6.35,0.86,738.05,100.0,0,normal
2026-07-09 09:12:10.672110,23.97,81.99,25.2,6.4,0.67,253.23,40.0,0,normal
2027-01-09 12:12:10.939058,24.02,71.23,26.64,6.41,0.84,559.63,40.0,0,normal
2026-10-18 17:12:10.815329,22.43,85.0,25.85,5.59,0.32,516.65,40.0,0,normal
2027-01-18 20:12:10.951707,25.88,71.19,24.72,6.25,0.42,1022.57,100.0,0,normal
2026-05-31 22:12:11.203300,23.5,75.0,11.54,6.15,2.7,600.0,0.0,1,drought
2027-02-06 06:12:10.977009,25.27,80.08,25.11,6.39,0.6,494.12,40.0,0,normal
2027-02-19 11:12:10.996750,22.33,65.6,26.48,6.43,0.1,581.69,40.0,0,normal
2026-06-10 23:12:10.632494,19.19,76.6,24.93,5.79,0.37,618.04,100.0,0,normal
2026-07-17 09:12:10.682783,25.86,73.24,25.57,5.96,0.61,756.19,100.0,0,normal
2027-02-26 16:12:11.007364,22.64,75.86,24.28,5.98,0.9,682.73,100.0,0,normal
2027-01-14 09:12:10.945499,24.8,71.87,24.52,6.75,0.89,669.31,100.0,0,normal
2026-09-09 08:12:10.757111,24.66,76.86,23.0,6.04,0.71,677.54,100.0,0,normal
2027-05-09 10:12:11.114462,28.68,79.62,25.09,6.3,0.66,648.95,100.0,0,normal
2026-11-13 11:12:10.853542,25.15,78.53,24.82,6.8,0.61,295.2,40.0,0,normal
2027-02-07 14:12:10.979075,21.88,67.91,24.8,5.77,0.46,691.95,100.0,0,normal
2027-06-10 08:12:11.163115,24.27,77.73,24.63,6.51,0.07,437.13,40.0,0,normal
2026-09-06 22:12:10.753927,26.4,80.87,25.51,6.8,1.11,73.1,40.0,0,normal
2026-07-04 02:12:10.664796,23.45,78.7,24.68,5.75,0.79,314.33,40.0,0,normal
2026-12-03 05:12:10.883736,27.37,76.82,25.98,5.71,0.6,873.94,100.0,0,normal
2026-12-16 18:12:10.903810,22.5,85.0,27.0,6.3,0.56,607.24,100.0,0,normal
2026-09-07 07:12:10.754441,27.04,78.1,24.32,6.29,0.62,458.62,40.0,0,normal
2027-03-02 11:12:11.013103,23.95,65.0,24.43,5.92,0.75,678.79,100.0,0,normal
2026-11-29 23:12:10.878714,20.51,73.42,24.83,5.71,1.1,898.62,100.0,0,normal
2027-05-09 20:12:11.115001,26.7,70.22,26.31,6.0,1.29,280.82,40.0,0,normal
2026-11-23 11:12:10.869369,21.88,71.82,25.22,6.34,0.99,216.17,40.0,0,normal
2027-03-28 08:12:11.052399,19.22,77.69,25.62,6.34,0.87,863.34,100.0,0,normal
2027-03-02 12:12:11.013159,24.93,76.11,24.21,6.08,0.91,907.26,100.0,0,normal
2027-01-09 14:12:10.939168,20.87,75.49,24.84,5.95,0.93,759.75,100.0,0,normal
2026-10-23 22:12:10.822494,24.34,77.77,25.26,5.97,0.87,794.45,100.0,0,normal
2027-05-16 11:12:11.124374,25.66,70.64,24.15,6.28,0.54,695.02,100.0,0,normal
2027-01-08 20:12:10.938160,28.1,69.26,24.97,5.87,1.06,700.89,100.0,0,normal
2026-10-19 18:12:10.816713,23.06,66.62,26.68,5.92,0.56,700.39,100.0,0,normal
2026-07-20 10:12:10.687217,23.99,77.39,24.3,6.53,0.91,538.66,40.0,0,normal
2026-12-12 04:12:10.897089,17.89,78.18,23.49,6.8,0.91,278.66,40.0,0,normal
2026-09-20 16:12:10.773674,30.0,71.63,24.8,6.24,0.9,927.43,100.0,0,normal
2026-10-28 04:12:10.828334,23.63,77.11,24.51,5.82,0.78,691.12,100.0,0,normal
2026-08-08 00:12:10.712659,20.96,79.15,25.2,5.86,1.06,570.73,40.0,0,normal
2027-01-13 02:12:10.943798,20.39,75.71,23.42,6.26,1.5,642.7,100.0,0,normal
2026-06-11 01:12:10.632609,24.96,72.38,25.64,6.25,1.16,521.09,40.0,0,normal
2027-01-14 15:12:10.945834,20.12,73.04,25.4,6.56,0.22,247.52,40.0,0,normal
2026-05-31 13:12:11.201979,10.18,75.0,25.0,6.15,0.75,600.0,60.0,1,low_temp
2026-09-19 09:12:10.771849,26.55,81.72,26.24,6.15,0.75,546.63,40.0,0,normal
2027-03-14 08:12:11.031810,17.23,67.68,23.76,5.76,0.61,683.92,100.0,0,normal
2027-02-26 06:12:11.006652,26.52,70.72,25.49,6.37,0.91,915.82,100.0,0,normal
2026-06-13 00:12:10.635538,20.23,78.99,23.0,6.4,1.01,484.2,40.0,0,normal
2026-11-10 01:12:10.847699,26.96,78.93,26.13,6.16,0.96,436.41,40.0,0,normal
2026-06-21 03:12:10.647266,20.94,71.09,24.9,5.76,0.9,208.1,40.0,0,normal
2026-12-21 07:12:10.910497,20.12,80.21,23.0,6.31,1.02,644.07,100.0,0,normal
2026-12-04 17:12:10.886149,25.0,74.82,25.63,6.55,0.97,398.97,40.0,0,normal
2026-05-31 05:12:10.616354,21.82,71.66,25.72,6.07,0.83,794.11,100.0,0,normal
2027-06-08 18:12:11.161015,17.06,67.6,25.51,6.15,0.87,159.73,40.0,0,normal
2026-08-10 16:12:10.716277,20.29,72.35,25.67,5.9,0.36,772.41,100.0,0,normal
2026-06-05 09:12:10.623688,30.0,70.91,25.2,5.92,0.85,602.18,100.0,0,normal
2027-05-04 02:12:11.106653,27.69,78.46,25.1,6.49,0.8,278.67,40.0,0,normal
2027-01-07 10:12:10.936039,23.16,75.4,26.84,6.57,1.26,612.33,100.0,0,normal
2026-11-07 03:12:10.842603,26.18,79.02,24.46,6.16,0.82,733.01,100.0,0,normal
2026-11-15 07:12:10.856274,21.59,74.74,25.17,5.9,0.62,493.35,40.0,0,normal
2027-04-06 10:12:11.066869,25.43,72.08,25.81,5.93,0.47,339.03,40.0,0,normal
2027-01-23 21:12:10.958360,27.17,70.4,23.85,6.21,0.46,533.77,40.0,0,normal
2027-02-01 12:12:10.969858,27.27,74.53,25.48,6.58,0.89,606.68,100.0,0,normal
2026-06-20 21:12:11.203563,23.5,75.0,30.2,6.15,0.75,600.0,50.0,1,overwater
2027-01-25 07:12:10.960245,22.66,71.83,24.39,6.09,0.63,732.41,100.0,0,normal
2027-03-15 02:12:11.032972,21.92,68.93,25.43,6.4,0.49,524.06,40.0,0,normal
2027-03-17 01:12:11.035745,22.78,82.95,24.36,6.08,0.85,933.39,100.0,0,normal
2026-08-29 16:12:10.743036,25.55,80.71,25.65,6.11,0.99,493.44,40.0,0,normal
2027-03-17 03:12:11.035855,18.8,76.78,25.07,6.38,0.93,239.15,40.0,0,normal
2027-04-14 00:12:11.077955,18.81,68.59,26.27,5.93,0.75,828.43,100.0,0,normal
2027-03-17 20:12:11.036808,24.09,70.7,26.07,6.76,0.74,314.48,40.0,0,normal
2026-08-12 16:12:10.719203,24.42,75.78,24.71,5.94,0.62,499.65,40.0,0,normal
2027-04-30 12:12:11.101398,22.4,75.8,25.11,6.08,1.02,457.57,40.0,0,normal
2026-07-25 19:12:10.694870,22.94,74.1,24.2,6.42,0.42,685.77,100.0,0,normal
2027-01-19 23:12:10.953172,24.2,74.66,24.97,6.41,0.84,480.96,40.0,0,normal
2027-06-04 21:12:11.154697,27.96,67.55,25.81,5.66,0.94,383.97,40.0,0,normal
2026-12-11 14:12:10.896263,18.45,74.84,24.72,6.21,0.51,584.04,40.0,0,normal
2027-04-01 22:12:11.059440,25.22,83.79,24.93,5.91,0.53,725.78,100.0,0,normal
2027-03-03 11:12:11.014770,24.99,72.48,26.06,6.02,0.89,639.98,100.0,0,normal
2026-11-26 00:12:10.872906,23.6,76.05,26.6,6.13,1.02,424.71,40.0,0,normal
2026-09-19 02:12:10.771455,21.08,80.48,25.05,6.45,0.93,560.6,40.0,0,normal
2026-07-30 22:12:10.701822,23.7,79.77,25.7,6.16,0.88,574.93,40.0,0,normal
2026-11-17 09:12:10.859909,21.37,76.86,24.4,6.53,0.96,661.62,100.0,0,normal
2026-08-11 21:12:10.718108,22.75,66.95,25.08,5.9,0.98,649.19,100.0,0,normal
2026-06-28 14:12:10.657506,22.29,82.09,23.94,5.8,0.49,549.08,40.0,0,normal
2026-06-26 14:12:11.203625,23.5,75.0,31.05,6.15,0.75,600.0,50.0,1,overwater
2026-09-26 21:12:10.783165,24.44,76.6,25.62,6.25,0.52,746.94,100.0,0,normal
2026-08-25 17:12:10.737799,23.88,75.6,24.79,6.46,1.05,389.12,40.0,0,normal
2026-06-25 08:12:11.206172,23.5,75.0,25.0,6.15,0.75,7.06,0.0,1,low_light
2027-05-04 23:12:11.107982,26.19,68.4,26.31,6.57,0.71,198.86,40.0,0,normal
2026-06-03 09:12:10.620952,26.93,71.17,27.0,6.28,0.8,841.4,100.0,0,normal
2027-05-22 16:12:11.134573,21.28,77.82,25.49,6.03,0.6,587.9,40.0,0,normal
2026-05-24 10:12:10.604121,26.31,69.12,25.12,5.95,1.13,777.73,100.0,0,normal
2027-03-22 07:12:11.043329,25.03,73.69,26.3,6.47,0.4,454.02,40.0,0,normal
2027-04-28 00:12:11.097961,19.45,69.4,25.73,6.67,1.26,750.79,100.0,0,normal
2026-09-23 09:12:10.777741,26.29,70.8,25.14,5.98,0.92,715.17,100.0,0,normal
2026-05-23 04:12:10.602217,24.24,79.41,25.47,6.74,0.99,345.3,40.0,0,normal
2027-04-25 13:12:11.094486,27.25,73.19,24.96,5.62,1.08,815.9,100.0,0,normal
2027-02-24 10:12:11.004028,25.69,70.58,24.95,5.75,1.12,832.19,100.0,0,normal
2026-09-10 13:12:10.758736,22.81,85.0,23.0,5.84,0.31,607.08,100.0,0,normal
2027-02-22 19:12:11.001496,22.64,75.69,25.36,6.53,1.22,225.15,40.0,0,normal
2027-03-30 11:12:11.055386,22.66,84.79,26.45,6.61,1.24,486.64,40.0,0,normal
2027-01-20 08:12:10.953684,27.78,65.64,23.99,6.22,0.79,835.83,100.0,0,normal
2027-02-25 04:12:11.005196,26.79,75.57,23.55,5.95,1.1,657.73,100.0,0,normal
2026-10-04 09:12:10.793938,17.65,69.36,23.0,6.39,0.99,533.05,40.0,0,normal
2026-06-23 05:12:11.203044,23.5,75.0,10.89,6.15,2.25,600.0,0.0,1,drought
2026-10-30 21:12:10.832316,23.93,79.01,25.03,5.65,0.8,322.5,40.0,0,normal
2027-04-06 05:12:11.066583,22.24,74.85,25.17,5.69,1.23,467.64,40.0,0,normal
2026-06-03 08:12:10.620894,24.33,75.44,25.23,5.87,0.76,324.73,40.0,0,normal
2026-09-30 18:12:10.788524,23.16,81.01,25.07,5.84,0.99,580.21,40.0,0,normal
2026-09-06 13:12:10.753445,21.26,74.56,25.32,5.94,1.09,838.11,100.0,0,normal
2026-10-30 07:12:10.831526,24.61,70.32,25.33,6.1,0.93,715.23,100.0,0,normal
2027-06-05 03:12:11.155042,27.3,75.17,24.37,5.95,0.77,300.03,40.0,0,normal
2026-11-21 12:12:10.866448,22.47,75.98,24.71,6.07,0.62,428.02,40.0,0,normal
2027-04-05 15:12:11.065815,24.72,73.79,25.08,5.79,1.1,326.44,40.0,0,normal
2026-06-18 01:12:10.643126,21.42,70.15,24.9,6.16,0.55,366.31,40.0,0,normal
2026-07-18 03:12:10.683814,20.57,70.74,25.89,5.9,1.17,750.91,100.0,0,normal
2026-06-21 21:12:11.205195,23.5,75.0,25.0,4.75,0.75,600.0,60.0,1,ph_acidic
2027-03-09 06:12:11.024072,25.76,70.11,24.91,5.76,0.76,765.39,100.0,0,normal
2026-12-24 03:12:10.914274,18.64,65.0,24.17,6.34,0.87,17.3,0.0,0,normal
2027-03-12 19:12:11.029578,22.89,85.0,24.69,5.95,0.86,101.0,40.0,0,normal
2027-04-02 09:12:11.060787,22.58,71.65,24.86,5.96,0.54,907.99,100.0,0,normal
2027-02-19 06:12:10.996379,23.13,78.69,25.33,6.14,0.79,706.64,100.0,0,normal
2026-06-19 10:12:10.645010,22.84,71.73,24.48,6.38,0.82,576.04,40.0,0,normal
2026-06-09 03:12:10.629736,27.14,81.28,24.2,6.09,1.22,617.62,100.0,0,normal
2027-01-10 18:12:10.940716,24.68,80.13,25.75,6.04,1.08,614.56,100.0,0,normal
2026-12-08 23:12:10.892361,17.0,68.74,24.3,5.55,0.56,654.99,100.0,0,normal
2027-06-06 21:12:11.157560,29.24,82.72,26.7,5.88,0.92,829.61,100.0,0,normal
2026-09-30 16:12:10.788415,25.35,83.25,24.65,5.81,0.37,810.61,100.0,0,normal
2026-07-23 02:12:10.691046,29.74,79.55,23.88,6.21,0.84,811.8,100.0,0,normal
2026-09-23 12:12:10.777913,21.59,68.64,25.22,6.11,0.97,468.11,40.0,0,normal
2026-06-24 21:12:10.652479,21.94,77.65,23.37,6.16,1.26,678.13,100.0,0,normal
2026-08-08 11:12:10.713351,24.64,84.37,25.14,5.86,0.46,513.67,40.0,0,normal
2027-03-07 11:12:11.021449,22.87,73.08,24.1,5.83,1.05,171.28,40.0,0,normal
2026-12-13 15:12:10.899151,19.8,81.84,25.26,6.29,0.43,645.11,100.0,0,normal
2026-05-22 02:12:11.201715,14.79,75.0,25.0,6.15,0.75,600.0,60.0,1,low_temp
2026-08-10 21:12:10.716549,19.34,76.34,24.39,6.67,0.64,748.2,100.0,0,normal
2026-10-06 09:12:10.796944,19.61,69.04,26.28,6.21,0.73,572.08,40.0,0,normal
2026-10-16 07:12:10.811710,20.5,78.45,26.37,6.23,0.77,326.6,40.0,0,normal
2026-12-03 21:12:10.884654,23.36,74.18,24.67,6.64,0.25,421.67,40.0,0,normal
2026-10-24 10:12:10.823178,20.48,81.72,24.58,6.48,0.93,755.01,100.0,0,normal
2027-02-05 01:12:10.975107,22.6,80.66,24.21,6.2,0.98,498.64,40.0,0,normal
2026-07-28 05:12:10.698238,24.01,65.0,24.35,6.32,0.63,683.8,100.0,0,normal
2026-07-10 06:12:10.673269,24.4,71.39,27.0,6.26,0.63,335.22,40.0,0,normal
2026-07-18 08:12:10.684120,24.87,71.08,24.94,6.19,1.07,432.04,40.0,0,normal
2027-06-10 06:12:11.163005,26.12,69.35,23.83,6.55,0.66,820.19,100.0,0,normal
2026-11-02 11:12:10.835961,25.94,78.2,24.83,5.96,0.6,461.18,40.0,0,normal
2027-05-31 12:12:11.148589,27.07,77.94,25.01,6.11,0.46,230.08,40.0,0,normal
2027-06-09 12:12:11.162015,23.93,77.09,25.74,6.57,1.11,465.18,40.0,0,normal
2026-05-24 16:12:10.604491,22.97,76.14,27.0,6.04,0.81,838.83,100.0,0,normal
2026-06-17 03:12:10.641913,22.65,71.1,24.31,6.13,1.01,756.14,100.0,0,normal
2026-11-22 05:12:10.867606,25.48,78.32,24.74,6.47,0.66,525.7,40.0,0,normal
2026-07-30 14:12:10.701391,20.4,68.9,26.15,6.52,1.27,531.23,40.0,0,normal
2026-08-18 01:12:10.726562,30.0,77.92,25.15,6.45,1.31,506.32,40.0,0,normal
2027-01-18 19:12:10.951654,21.38,78.68,26.28,5.79,0.88,908.37,100.0,0,normal
2027-03-02 09:12:11.012970,23.09,74.79,25.57,6.18,0.9,530.98,40.0,0,normal
2026-11-06 00:12:10.841066,27.54,74.88,25.86,5.8,0.91,777.53,100.0,0,normal
2027-02-18 16:12:10.995557,25.06,65.0,25.68,6.22,1.13,427.81,40.0,0,normal
2027-02-04 15:12:10.974568,23.03,68.31,23.73,6.26,0.35,856.6,100.0,0,normal
2026-05-25 13:12:10.606322,23.46,73.86,26.39,5.8,1.27,901.22,100.0,0,normal
2027-03-09 00:12:11.023714,24.7,80.23,24.58,5.85,0.38,583.08,40.0,0,normal
2026-07-21 23:12:10.689486,26.0,71.31,27.0,6.24,1.01,704.84,100.0,0,normal
2026-08-25 04:12:10.736289,26.23,70.01,25.21,6.47,1.05,751.12,100.0,0,normal
2026-09-19 08:12:10.771795,23.74,67.78,25.49,6.8,0.97,795.4,100.0,0,normal
2026-11-21 16:12:10.866695,18.48,76.28,25.2,6.14,0.96,1014.27,100.0,0,normal
2026-06-19 13:12:10.645172,25.08,71.21,26.45,6.08,0.6,686.66,100.0,0,normal
2027-06-17 05:12:11.174612,22.86,76.37,26.06,6.59,0.83,923.05,100.0,0,normal
2026-06-08 11:12:10.628828,21.61,73.58,25.03,6.09,0.94,471.76,40.0,0,normal
2026-12-25 19:12:10.916532,19.16,75.12,25.06,5.98,0.62,296.44,40.0,0,normal
2026-11-15 05:12:10.856153,22.13,73.89,23.78,6.32,0.9,574.44,40.0,0,normal
2026-09-11 22:12:10.761163,22.39,76.5,26.91,6.28,0.75,296.33,40.0,0,normal
2026-08-28 06:12:10.741172,26.91,74.21,25.33,6.07,1.04,832.52,100.0,0,normal
2027-04-01 21:12:11.059381,19.23,73.89,23.98,6.03,0.93,203.73,40.0,0,normal
2026-07-17 23:12:10.683595,19.25,74.84,24.96,6.06,0.47,508.65,40.0,0,normal
2027-02-07 12:12:10.978965,21.73,75.24,24.24,5.53,0.52,459.28,40.0,0,normal
2026-11-01 05:12:10.834262,26.34,84.13,25.58,6.01,0.69,851.9,100.0,0,normal
2026-06-03 06:12:10.620766,18.94,83.43,23.72,6.01,0.96,734.17,100.0,0,normal
2026-09-09 00:12:10.756682,26.71,75.04,24.85,6.09,1.15,581.59,40.0,0,normal
2027-06-20 00:12:11.179325,26.64,74.36,25.72,6.64,0.97,489.29,40.0,0,normal
2026-07-23 19:12:10.692181,23.55,66.83,25.99,6.62,0.71,842.38,100.0,0,normal
2027-06-02 11:12:11.151288,22.47,75.1,26.01,5.79,0.23,661.18,100.0,0,normal
2026-06-03 09:12:11.201595,14.33,75.0,25.0,6.15,0.75,600.0,60.0,1,low_temp
2026-07-29 03:12:10.699455,23.12,75.16,25.74,6.2,0.75,590.18,40.0,0,normal
2026-09-01 10:12:10.746662,22.73,85.0,24.23,6.42,0.84,704.92,100.0,0,normal
2026-06-10 12:12:11.204073,23.5,75.0,32.49,6.15,0.75,600.0,0.0,1,overwater
2027-01-08 13:12:10.937745,28.54,74.79,25.38,5.75,1.07,409.64,40.0,0,normal
2027-01-19 09:12:10.952418,20.04,70.86,24.63,5.83,0.96,496.95,40.0,0,normal
2026-08-25 21:12:10.738020,21.24,76.86,25.09,6.11,0.92,780.89,100.0,0,normal
2027-03-21 22:12:11.042568,24.67,69.67,24.39,6.59,0.81,782.18,100.0,0,normal
2026-09-21 11:12:10.774887,23.84,69.69,24.94,6.01,1.09,759.75,100.0,0,normal
2026-07-26 04:12:10.695475,19.58,82.08,23.0,6.44,1.07,327.06,40.0,0,normal
2027-01-14 00:12:10.945016,20.19,79.04,23.51,6.76,0.37,644.46,100.0,0,normal
2027-05-17 16:12:11.126513,18.01,81.57,25.71,6.38,0.95,1017.37,100.0,0,normal
2026-12-17 00:12:10.904299,21.76,81.06,24.63,6.05,0.52,755.04,100.0,0,normal
2026-08-12 12:12:10.718984,20.69,68.81,25.98,5.93,0.6,521.6,40.0,0,normal
2026-08-08 12:12:10.713405,26.05,76.59,24.57,5.96,0.53,774.95,100.0,0,normal
2026-10-27 12:12:10.827445,23.44,72.09,25.79,6.15,0.76,465.68,40.0,0,normal
2026-06-09 07:12:10.629950,22.98,71.71,24.26,6.27,0.63,499.73,40.0,0,normal
2026-12-01 02:12:10.880485,23.43,77.97,23.63,6.06,0.91,880.6,100.0,0,normal
2026-12-04 13:12:10.885934,20.49,71.17,25.35,5.93,0.84,196.47,40.0,0,normal
2026-12-21 09:12:10.910605,26.46,78.81,25.73,6.11,0.82,726.73,100.0,0,normal
2026-10-17 22:12:10.814109,28.55,71.93,25.39,6.27,0.01,961.65,100.0,0,normal
2027-05-21 03:12:11.132252,18.54,75.04,24.35,6.15,0.89,581.15,40.0,0,normal
2026-11-28 05:12:10.876310,27.41,72.4,24.8,6.34,0.44,521.75,40.0,0,normal
2027-04-30 23:12:11.101999,24.53,75.88,24.81,6.43,0.82,809.1,100.0,0,normal
2026-12-04 23:12:10.886478,25.41,68.55,23.0,6.21,1.01,642.31,100.0,0,normal
2026-09-23 11:12:10.777859,24.53,77.43,23.0,6.3,0.67,351.6,40.0,0,normal
2027-04-13 12:12:11.077298,23.25,74.61,24.82,5.81,0.66,669.36,100.0,0,normal
2026-06-20 09:12:10.646280,23.84,65.0,24.57,5.64,0.09,139.75,40.0,0,normal
2026-08-25 01:12:10.736111,19.22,84.17,23.7,6.31,0.88,323.18,40.0,0,normal
2026-12-26 08:12:10.917280,21.91,78.89,25.05,5.78,0.61,410.47,40.0,0,normal
2027-05-02 12:12:11.104328,22.31,79.14,24.33,6.78,0.48,766.44,100.0,0,normal
2027-03-08 05:12:11.022442,28.88,83.11,24.87,6.19,1.03,619.4,100.0,0,normal
2026-06-06 14:12:10.626065,27.12,76.1,24.64,5.79,0.78,488.99,40.0,0,normal
2026-05-24 00:12:11.205783,23.5,75.0,25.0,8.35,0.75,600.0,0.0,1,ph_alkaline
2027-06-10 05:12:11.162950,28.39,81.6,24.8,6.03,1.17,460.17,40.0,0,normal
2026-09-06 18:12:10.753713,22.69,78.23,26.45,6.08,0.71,815.28,100.0,0,normal
2026-07-16 13:12:10.681612,21.68,73.87,23.19,5.8,1.5,324.0,40.0,0,normal
2027-05-24 12:12:11.137338,25.18,73.21,26.42,6.39,0.52,793.32,100.0,0,normal
2027-05-28 05:12:11.143424,21.91,73.85,25.63,6.77,0.66,359.18,40.0,0,normal
2026-11-26 05:12:10.873197,23.04,82.61,25.06,6.42,1.23,669.73,100.0,0,normal
2027-01-29 10:12:10.965707,24.08,85.0,24.75,5.83,0.38,570.59,40.0,0,normal
2026-06-25 15:12:11.204599,23.5,75.0,25.0,6.15,4.43,600.0,58.99,1,high_salinity
2026-08-04 09:12:10.707779,26.37,73.16,25.53,6.23,0.76,439.48,40.0,0,normal
2026-10-01 15:12:10.789797,18.17,78.52,25.54,6.19,0.63,842.43,100.0,0,normal
2026-06-11 15:12:10.633552,25.88,69.72,25.27,5.5,1.2,671.4,100.0,0,normal
2027-03-24 17:12:11.047226,27.76,75.8,23.74,5.84,0.39,726.89,100.0,0,normal
2026-09-18 05:12:10.770129,24.04,79.59,25.42,6.34,0.88,212.67,40.0,0,normal
2027-04-03 09:12:11.062309,20.67,83.34,25.64,5.72,0.42,830.72,100.0,0,normal
2026-11-06 10:12:10.841647,22.97,70.61,25.43,6.06,1.15,625.9,100.0,0,normal
2027-05-05 13:12:11.108757,23.09,78.66,24.38,6.34,0.55,714.28,100.0,0,normal
2026-09-19 18:12:10.772465,21.94,69.48,23.82,6.3,1.0,510.06,40.0,0,normal
2026-06-06 07:12:10.625661,23.28,75.38,25.06,6.66,0.31,821.39,100.0,0,normal
2026-06-26 10:12:10.654597,20.91,76.37,25.08,5.79,0.87,773.87,100.0,0,normal
2027-05-31 01:12:11.147968,27.79,74.44,24.58,6.3,0.65,543.32,40.0,0,normal
2027-05-15 10:12:11.122912,26.57,72.49,23.0,5.83,0.34,318.74,40.0,0,normal
2027-06-12 13:12:11.166457,25.12,79.45,25.26,6.35,0.41,554.73,40.0,0,normal
2026-09-09 14:12:10.757451,23.17,67.92,25.12,6.19,1.04,806.98,100.0,0,normal
2026-10-15 00:12:10.809801,24.72,72.61,26.08,6.04,0.8,409.73,40.0,0,normal
2026-07-25 06:12:10.694157,28.05,67.98,23.44,5.78,0.64,113.82,40.0,0,normal
2027-01-09 09:12:10.938897,30.0,69.58,24.32,6.72,0.65,897.96,100.0,0,normal
2027-05-26 08:12:11.140266,23.63,81.22,26.52,5.91,0.58,706.02,100.0,0,normal
2026-06-04 11:12:10.622435,27.66,77.5,23.68,6.34,0.85,311.07,40.0,0,normal
2026-08-14 16:12:10.721997,22.57,84.46,24.78,5.91,0.82,746.97,100.0,0,normal
2026-06-24 22:12:10.652534,25.86,72.46,25.0,6.1,0.89,316.89,40.0,0,normal
2027-04-02 07:12:11.060677,21.34,65.0,23.2,6.51,0.88,250.35,40.0,0,normal
2027-06-16 13:12:11.172892,21.09,69.26,25.15,6.38,0.41,489.38,40.0,0,normal
2026-07-06 00:12:10.667328,25.62,74.18,25.87,6.5,0.38,677.41,100.0,0,normal
2026-08-22 19:12:10.733105,26.27,70.81,24.41,6.71,1.03,296.01,40.0,0,normal
2027-06-06 14:12:11.157171,27.91,76.56,24.98,6.43,0.42,767.26,100.0,0,normal
2027-01-09 05:12:10.938661,23.4,71.65,23.54,5.57,0.31,466.58,40.0,0,normal
2026-09-11 18:12:10.760949,27.68,76.14,25.56,5.78,0.34,761.77,100.0,0,normal
2027-03-02 06:12:11.012744,22.12,73.67,24.86,6.4,0.6,840.72,100.0,0,normal
2027-04-28 22:12:11.099169,21.63,76.95,26.36,6.8,0.55,491.87,40.0,0,normal
2026-07-09 13:12:10.672326,27.74,72.39,26.83,6.2,0.53,780.66,100.0,0,normal
2026-10-04 22:12:10.794778,24.37,72.04,24.83,6.6,0.78,625.56,100.0,0,normal
2026-06-15 03:12:11.205899,23.5,75.0,25.0,7.91,0.75,600.0,60.0,1,ph_alkaline
2026-07-21 11:12:10.688813,18.73,70.52,25.41,6.02,0.92,942.27,100.0,0,normal
2026-10-29 23:12:10.831087,24.72,75.27,24.86,6.38,1.19,199.19,40.0,0,normal
2027-01-31 06:12:10.968204,21.64,77.46,26.65,5.74,0.63,501.38,40.0,0,normal
2027-03-04 16:12:11.016514,27.0,80.14,25.18,6.17,0.86,874.61,100.0,0,normal
2027-05-03 07:12:11.105579,21.31,75.53,25.75,6.62,0.61,635.77,100.0,0,normal
2026-12-29 23:12:10.923758,23.67,73.17,25.44,6.49,1.16,964.44,100.0,0,normal
2027-04-25 16:12:11.094647,26.99,75.62,23.57,6.49,0.57,755.44,100.0,0,normal
2027-05-25 08:12:11.138598,23.85,72.26,24.67,5.92,0.44,672.99,100.0,0,normal
2027-05-28 23:12:11.144440,28.6,69.48,24.26,5.98,0.81,727.61,100.0,0,normal
2026-11-25 02:12:10.871652,18.96,67.27,24.53,6.38,0.81,1092.98,100.0,0,normal
2026-11-07 01:12:10.842475,24.69,73.62,23.59,5.82,0.47,610.4,100.0,0,normal
2026-05-31 23:12:11.200874,37.04,58.27,25.0,6.15,0.75,600.0,0.0,1,high_temp
2026-09-24 00:12:10.778709,24.65,72.93,23.66,6.59,0.97,801.65,100.0,0,normal
2027-06-01 22:12:11.150542,23.27,74.8,23.46,6.09,0.57,715.27,100.0,0,normal
2026-07-12 08:12:10.676007,23.08,66.58,24.6,5.96,0.94,563.46,40.0,0,normal
2026-07-24 03:12:10.692618,27.74,79.44,25.93,6.09,1.11,783.12,100.0,0,normal
2026-08-26 10:12:10.738747,27.57,76.56,24.49,5.81,0.88,868.25,100.0,0,normal
2026-07-21 12:12:10.688867,22.87,66.57,25.69,6.17,0.61,269.22,40.0,0,normal
2027-05-01 23:12:11.103561,27.3,76.23,24.93,6.43,1.03,390.01,40.0,0,normal
2027-01-15 12:12:10.947173,25.11,74.87,26.16,6.48,0.5,740.33,100.0,0,normal
2027-05-12 09:12:11.118652,19.3,78.25,26.55,5.83,1.05,554.31,40.0,0,normal
2027-05-02 21:12:11.104823,27.03,75.59,24.64,6.17,0.76,465.01,40.0,0,normal
2026-06-25 23:12:10.653979,23.82,79.36,24.94,6.43,0.3,875.75,100.0,0,normal
2026-05-31 16:12:11.205802,23.5,75.0,25.0,7.22,0.75,600.0,60.0,1,ph_alkaline
2026-11-30 07:12:10.879188,21.37,70.96,25.36,5.85,0.65,733.51,100.0,0,normal
2027-02-13 05:12:10.987541,21.32,72.77,23.37,6.33,1.08,926.19,100.0,0,normal
2027-05-11 06:12:11.117150,20.91,67.71,24.54,6.17,0.51,599.21,40.0,0,normal
2026-10-17 16:12:10.813707,24.53,77.23,26.3,5.55,0.53,572.58,40.0,0,normal
2027-06-11 22:12:11.165585,26.22,74.54,25.07,6.03,0.5,749.46,100.0,0,normal
2026-09-27 16:12:10.784209,25.91,77.73,26.39,5.6,1.03,707.64,100.0,0,normal
2027-05-17 01:12:11.125179,27.54,72.12,23.87,5.5,0.0,491.7,40.0,0,normal
2026-08-01 11:12:10.703882,17.0,73.1,25.96,6.32,0.97,1006.21,100.0,0,normal
2026-06-05 04:12:10.623412,23.11,83.58,26.56,6.12,0.87,609.76,100.0,0,normal
2027-02-26 09:12:11.006949,21.34,70.92,26.6,6.19,1.02,612.13,100.0,0,normal
2027-01-24 13:12:10.959246,21.38,78.74,25.78,6.03,1.29,780.24,100.0,0,normal
2026-12-21 03:12:10.910275,25.59,68.35,23.0,6.6,1.09,721.84,100.0,0,normal
2027-04-24 12:12:11.093018,27.04,74.85,23.97,6.1,0.69,814.81,100.0,0,normal
2026-12-12 07:12:10.897254,22.53,77.76,25.97,6.45,0.73,430.4,40.0,0,normal
2026-06-15 13:12:10.639461,29.45,74.91,25.22,5.9,0.59,423.69,40.0,0,normal
2026-10-09 06:12:10.801294,23.9,80.58,26.54,6.25,1.44,262.41,40.0,0,normal
2026-09-10 07:12:10.758408,24.36,76.95,23.92,5.98,0.75,575.98,40.0,0,normal
2026-10-18 14:12:10.815076,22.77,66.86,24.55,5.91,0.87,427.62,40.0,0,normal
2026-05-23 11:12:10.602592,19.23,73.81,26.67,6.07,1.02,469.66,40.0,0,normal
2026-05-23 05:12:10.602270,23.81,74.92,23.79,5.7,0.79,682.06,100.0,0,normal
2027-04-30 13:12:11.101455,24.6,74.87,24.8,6.74,0.75,188.54,40.0,0,normal
2027-04-10 18:12:11.073053,23.98,75.52,24.76,5.94,1.13,957.41,100.0,0,normal
2026-08-20 11:12:10.729787,18.87,77.81,24.6,5.88,1.05,748.43,100.0,0,normal
2026-12-22 02:12:10.911553,27.6,71.67,24.05,5.51,0.97,1054.15,100.0,0,normal
2026-12-02 06:12:10.882284,23.5,65.0,23.93,6.07,0.9,519.17,40.0,0,normal
2026-06-28 02:12:10.656838,23.7,74.79,23.98,5.59,1.02,781.48,100.0,0,normal
2027-02-16 08:12:10.992001,23.76,73.37,24.89,6.13,0.68,924.78,100.0,0,normal
2026-10-07 11:12:10.798416,21.16,77.16,25.26,6.31,0.94,544.19,40.0,0,normal
2027-06-17 10:12:11.174881,18.91,77.75,24.99,6.12,0.84,570.54,40.0,0,normal
2026-10-15 11:12:10.810408,20.57,68.43,24.22,6.13,0.76,388.99,40.0,0,normal
2026-11-22 04:12:10.867548,22.34,75.41,23.79,6.0,0.73,137.68,40.0,0,normal
2027-05-04 21:12:11.107874,26.46,72.8,25.45,6.1,1.15,657.87,100.0,0,normal
2026-12-31 08:12:10.925904,21.12,69.45,24.0,6.3,1.11,604.95,100.0,0,normal
2026-10-24 14:12:10.823393,21.34,85.0,23.0,5.98,0.46,294.01,40.0,0,normal
2027-06-20 05:12:11.179631,21.41,72.09,25.47,6.22,0.72,864.93,100.0,0,normal
2027-03-12 23:12:11.029801,20.98,79.75,24.08,6.61,0.72,571.82,40.0,0,normal
2026-07-29 23:12:10.700554,26.89,68.87,26.37,6.09,1.24,463.16,40.0,0,normal
2026-12-17 15:12:10.905194,23.97,78.88,24.56,6.33,0.65,296.49,40.0,0,normal
2026-05-31 08:12:10.616519,22.13,79.35,24.11,5.77,0.53,499.25,40.0,0,normal
2027-05-16 07:12:11.124140,24.82,79.2,23.25,6.06,0.94,160.15,40.0,0,normal
2027-01-12 12:12:10.943043,23.09,79.43,25.0,6.24,1.24,330.76,40.0,0,normal
2026-07-27 07:12:10.697001,25.32,76.63,24.69,6.32,0.49,414.05,40.0,0,normal
2027-01-26 05:12:10.961468,22.02,70.16,23.68,5.81,0.66,520.67,40.0,0,normal
2026-10-04 17:12:10.794401,23.02,73.22,24.34,5.92,0.26,604.48,100.0,0,normal
2026-11-30 11:12:10.879467,23.19,76.18,26.48,6.02,0.57,579.41,40.0,0,normal
2026-12-06 17:12:10.888832,22.65,80.24,24.33,5.94,0.9,1074.25,100.0,0,normal
2026-08-20 22:12:10.730520,24.56,72.46,25.89,6.72,0.71,799.31,100.0,0,normal
2027-03-01 09:12:11.011493,19.7,77.08,25.44,6.1,0.44,182.0,40.0,0,normal
2026-05-29 09:12:11.203781,23.5,75.0,28.8,6.15,0.75,600.0,50.0,1,overwater
2027-05-31 20:12:11.149060,23.91,72.56,24.77,6.24,1.01,539.06,40.0,0,normal
2026-12-07 12:12:10.890140,22.69,71.69,24.33,6.32,0.93,669.81,100.0,0,normal
2026-07-11 10:12:10.674808,17.11,77.4,25.9,5.63,0.91,729.27,100.0,0,normal
2026-06-08 14:12:10.628995,27.06,79.0,24.63,6.77,0.49,449.09,40.0,0,normal
2027-05-21 02:12:11.132195,28.71,74.57,23.68,6.06,1.09,229.59,40.0,0,normal
2026-08-01 03:12:10.703437,25.59,71.48,25.92,5.68,0.89,600.96,100.0,0,normal
2026-07-09 07:12:10.671969,20.61,72.6,24.2,6.21,0.45,563.5,40.0,0,normal
2026-08-26 03:12:10.738372,24.32,74.43,25.13,6.4,0.5,487.46,40.0,0,normal
2026-06-02 10:12:10.619607,26.3,74.87,24.12,5.98,0.88,445.38,40.0,0,normal
2026-05-29 04:12:10.612723,25.44,65.0,23.18,5.95,0.62,368.9,40.0,0,normal
2026-11-02 21:12:10.836527,23.03,74.98,23.43,5.78,0.4,557.56,40.0,0,normal
2027-02-03 02:12:10.972513,19.68,73.97,24.85,5.97,0.88,1202.93,100.0,0,normal
2026-10-01 21:12:10.790120,27.12,76.9,25.2,6.31,0.45,612.15,100.0,0,normal
2027-04-25 18:12:11.094754,25.19,72.97,26.38,6.02,1.0,805.54,100.0,0,normal
2026-06-04 10:12:11.205998,23.5,75.0,25.0,6.15,0.75,10.07,0.0,1,low_light
2027-01-12 15:12:10.943206,25.38,69.55,25.73,6.33,0.79,475.98,40.0,0,normal
2026-07-26 05:12:10.695531,22.09,76.97,24.3,6.07,0.43,547.07,40.0,0,normal
2026-08-04 07:12:10.707672,20.55,68.32,25.81,5.96,0.66,631.13,100.0,0,normal
2026-06-26 04:12:10.654254,26.09,81.27,24.33,5.65,0.67,414.84,40.0,0,normal
2027-06-15 07:12:11.170876,19.8,76.73,25.0,5.7,0.53,641.87,100.0,0,normal
2026-12-27 11:12:10.919646,27.18,68.81,24.82,6.48,0.97,586.85,40.0,0,normal
2026-06-28 17:12:10.657670,19.33,73.58,24.6,5.81,0.93,734.31,100.0,0,normal
2027-01-23 06:12:10.957551,24.38,71.13,24.28,6.24,1.12,519.05,40.0,0,normal
2026-05-29 07:12:11.202938,23.5,75.0,10.49,6.15,3.43,600.0,0.0,1,drought
2027-03-26 16:12:11.049929,26.79,68.27,23.76,6.04,0.65,257.07,40.0,0,normal
2026-07-25 12:12:10.694485,23.72,66.85,24.63,6.19,0.3,860.65,100.0,0,normal
2026-08-16 17:12:10.724796,21.49,80.38,24.77,5.73,0.32,359.85,40.0,0,normal
2026-06-16 15:12:11.201858,13.01,75.0,25.0,6.15,0.75,600.0,60.0,1,low_temp
2026-11-04 02:12:10.838357,24.26,78.59,24.47,5.55,0.87,717.22,100.0,0,normal
2027-02-12 04:12:10.986094,26.79,67.53,25.3,6.37,0.43,692.22,100.0,0,normal
2026-12-26 03:12:10.917011,17.0,73.67,25.5,6.25,0.43,336.01,40.0,0,normal
2027-02-03 21:12:10.973564,25.32,76.02,24.25,5.83,0.5,706.44,100.0,0,normal
2027-06-05 04:12:11.155096,27.0,79.51,26.12,6.27,0.59,734.19,100.0,0,normal
2027-04-28 20:12:11.099058,24.18,75.7,23.64,6.22,0.88,824.91,100.0,0,normal
2026-10-28 05:12:10.828388,25.33,72.91,24.82,6.3,0.8,736.29,100.0,0,normal
2026-09-09 07:12:10.757056,24.8,76.46,23.83,6.01,0.82,284.77,40.0,0,normal
2026-11-23 14:12:10.869540,17.0,74.13,25.5,6.01,0.47,540.29,40.0,0,normal
2027-03-16 05:12:11.034574,24.16,75.11,24.55,6.6,0.93,645.9,100.0,0,normal
2027-02-24 18:12:11.004510,23.81,76.54,24.09,6.13,0.69,640.63,100.0,0,normal
2027-02-22 18:12:11.001444,27.65,78.52,24.87,6.34,0.81,492.22,40.0,0,normal
2027-03-09 18:12:11.024768,25.9,78.58,24.42,6.09,1.18,501.26,40.0,0,normal
2027-01-29 22:12:10.966439,21.89,71.23,25.08,5.93,0.71,811.85,100.0,0,normal
2026-08-19 20:12:10.728951,27.4,77.81,25.79,6.17,0.63,496.09,40.0,0,normal
2026-05-31 01:12:11.203174,23.5,75.0,13.53,6.15,2.37,600.0,43.89,1,drought
2026-10-23 20:12:10.822387,23.77,71.77,24.9,5.75,0.31,425.66,40.0,0,normal
2026-11-07 02:12:10.842545,22.91,69.24,27.0,6.08,0.51,438.3,40.0,0,normal
2027-01-24 23:12:10.959812,26.4,73.59,23.88,6.11,0.58,735.17,100.0,0,normal
2026-09-28 07:12:10.785171,20.75,65.0,25.71,5.84,1.14,675.05,100.0,0,normal
2026-06-14 07:12:10.637611,22.94,74.54,25.43,5.97,0.51,743.86,100.0,0,normal
2026-11-30 01:12:10.878824,27.74,70.18,25.96,6.5,0.99,1051.64,100.0,0,normal
2026-11-20 10:12:10.864805,23.01,80.79,24.56,6.03,0.37,621.74,100.0,0,normal
2026-07-20 21:12:10.687866,24.17,75.44,25.46,6.08,0.77,676.2,100.0,0,normal
2026-06-12 04:12:10.634346,27.53,80.15,27.0,6.03,0.38,535.95,40.0,0,normal
2026-08-07 22:12:10.712549,26.93,75.6,24.3,6.19,1.11,555.26,40.0,0,normal
2026-06-22 12:12:10.649091,24.73,73.09,24.26,6.72,0.37,559.59,40.0,0,normal
2027-01-02 18:12:10.929445,21.99,79.95,24.82,6.39,0.65,448.82,40.0,0,normal
2026-11-06 19:12:10.842139,28.4,78.36,24.64,5.91,1.32,395.79,40.0,0,normal
2027-04-28 16:12:11.098842,21.65,85.0,24.47,6.53,1.29,609.67,100.0,0,normal
2026-10-28 21:12:10.829493,26.43,68.3,25.92,6.01,0.77,467.87,40.0,0,normal
2026-08-18 07:12:10.726882,24.67,72.03,23.34,6.15,0.69,859.0,100.0,0,normal
2027-05-17 02:12:11.125234,22.97,83.22,24.0,6.21,0.62,434.26,40.0,0,normal
2027-04-23 08:12:11.091315,22.29,67.82,24.37,5.86,0.63,658.95,100.0,0,normal
2026-06-11 22:12:10.634020,22.71,68.89,25.73,5.98,0.77,575.75,40.0,0,normal
2027-04-26 07:12:11.095623,21.75,75.58,23.67,6.04,0.5,599.09,40.0,0,normal
2027-05-31 19:12:11.149004,24.83,71.81,24.09,6.09,0.57,466.01,40.0,0,normal
2026-07-25 04:12:10.694047,19.4,66.18,25.38,5.79,0.57,813.8,100.0,0,normal
2027-02-26 01:12:11.006354,19.4,76.67,25.2,6.26,0.76,512.78,40.0,0,normal
2026-07-11 12:12:10.674916,26.78,73.05,26.47,6.06,0.96,753.05,100.0,0,normal
2027-06-06 00:12:11.156204,21.61,73.56,24.4,6.29,0.0,701.7,100.0,0,normal
2026-06-19 01:12:10.644518,23.55,81.5,23.0,6.2,0.92,562.23,40.0,0,normal
2026-10-09 18:12:10.801943,21.77,72.58,26.21,6.49,1.29,740.7,100.0,0,normal
2027-05-22 21:12:11.134896,23.5,72.69,25.57,5.99,0.48,650.29,100.0,0,normal
2026-07-22 01:12:10.689595,22.64,85.0,23.6,6.33,0.6,669.91,100.0,0,normal
2026-07-10 17:12:10.673860,23.75,71.72,25.0,5.67,1.12,798.96,100.0,0,normal
2027-05-27 00:12:11.141437,21.81,74.74,24.17,5.7,0.56,334.1,40.0,0,normal
2026-08-08 01:12:10.712714,25.23,80.25,26.01,6.22,1.17,689.46,100.0,0,normal
2026-10-18 15:12:10.815196,27.59,74.84,25.07,6.27,0.96,900.54,100.0,0,normal
2027-02-26 04:12:11.006545,21.15,73.4,24.69,5.8,0.76,564.59,40.0,0,normal
2026-06-12 02:12:10.634239,22.47,70.16,26.51,5.62,0.51,400.62,40.0,0,normal
2027-04-25 04:12:11.093983,17.54,79.92,25.12,5.9,0.54,394.23,40.0,0,normal
2026-06-12 03:12:10.634292,22.97,78.18,24.87,5.98,0.52,404.27,40.0,0,normal
2027-04-28 08:12:11.098396,24.96,74.55,24.38,5.83,0.76,568.23,40.0,0,normal
2027-02-25 03:12:11.005141,24.76,75.41,24.45,6.47,0.55,389.45,40.0,0,normal
2027-03-24 21:12:11.047441,24.97,68.3,24.51,6.58,0.9,727.25,100.0,0,normal
2027-03-29 11:12:11.053942,23.64,73.97,25.23,6.06,0.74,326.53,40.0,0,normal
2026-08-03 22:12:10.707185,18.14,82.7,24.27,5.98,1.05,695.85,100.0,0,normal
2027-01-12 18:12:10.943368,18.53,73.39,25.78,6.11,1.18,684.97,100.0,0,normal
2027-05-10 14:12:11.116246,26.44,80.68,23.99,6.06,0.74,567.94,40.0,0,normal
2026-06-24 06:12:10.651606,26.22,76.62,23.37,6.09,0.79,676.58,100.0,0,normal
2027-04-26 23:12:11.096515,22.64,73.37,26.18,6.3,0.18,594.94,40.0,0,normal
2027-03-12 12:12:11.029182,26.33,73.53,26.41,5.99,1.39,619.56,100.0,0,normal
2026-09-16 22:12:10.768438,23.6,81.03,25.7,5.93,0.94,253.77,40.0,0,normal
2027-06-14 05:12:11.168815,18.48,75.98,26.51,6.36,0.94,318.58,40.0,0,normal
2027-05-20 23:12:11.132009,25.13,70.81,24.97,6.05,0.59,889.95,100.0,0,normal
2026-06-04 01:12:10.621886,20.69,81.15,27.0,6.04,0.2,487.07,40.0,0,normal
2026-06-22 03:12:10.648605,21.43,79.45,24.51,6.37,1.01,903.27,100.0,0,normal
2026-10-17 18:12:10.813819,24.85,73.15,26.73,6.27,0.71,988.63,100.0,0,normal
2026-06-23 23:12:10.651173,25.28,74.67,26.0,6.27,1.5,512.6,40.0,0,normal
2026-09-02 05:12:10.747709,29.63,74.92,24.98,6.12,0.73,763.76,100.0,0,normal
2027-06-14 11:12:11.169156,23.95,81.97,25.31,6.21,0.72,649.49,100.0,0,normal
2026-09-06 03:12:10.752889,27.4,70.32,24.21,5.79,0.08,653.32,100.0,0,normal
2026-12-28 05:12:10.921251,25.74,77.8,26.11,6.2,0.58,127.33,40.0,0,normal
2026-12-25 06:12:10.915796,27.49,77.67,25.31,6.7,0.72,647.73,100.0,0,normal
2026-08-20 04:12:10.729410,23.84,68.74,24.09,5.57,0.5,477.07,40.0,0,normal
2027-02-20 00:12:10.997486,28.27,78.36,24.15,6.01,0.68,390.17,40.0,0,normal
2027-02-09 22:12:10.982870,17.47,73.81,26.4,5.51,0.57,841.44,100.0,0,normal
2026-06-06 21:12:10.626496,20.3,80.24,24.63,5.89,0.92,574.62,40.0,0,normal
2027-01-30 17:12:10.967495,20.17,78.32,26.06,5.79,1.33,351.7,40.0,0,normal
2026-07-14 21:12:10.679400,22.33,85.0,24.11,6.42,0.75,1120.49,100.0,0,normal
2026-08-09 17:12:10.715010,23.96,75.55,24.54,6.74,0.21,585.74,40.0,0,normal
2026-06-16 00:12:10.640350,25.79,73.31,25.85,6.63,0.92,613.0,100.0,0,normal
2026-10-31 05:12:10.832916,20.27,77.19,25.82,6.32,0.82,238.03,40.0,0,normal
2026-11-10 14:12:10.848462,21.58,75.73,25.55,6.01,0.38,415.67,40.0,0,normal
2026-07-29 21:12:10.700447,19.39,76.51,24.38,5.94,1.07,611.64,100.0,0,normal
2027-01-04 18:12:10.932230,25.3,79.14,26.1,6.08,1.01,1078.96,100.0,0,normal
2026-08-08 22:12:10.713962,20.74,83.31,25.46,6.33,1.23,787.62,100.0,0,normal
2026-08-11 01:12:10.716765,21.59,74.28,24.93,6.59,0.64,485.56,40.0,0,normal
2026-10-10 12:12:10.803215,26.12,65.61,25.0,6.12,0.66,483.84,40.0,0,normal
2027-01-05 06:12:10.932982,23.18,74.95,26.16,6.37,0.57,705.22,100.0,0,normal
2026-06-11 18:12:11.204149,23.5,75.0,25.0,6.15,4.44,600.0,58.79,1,high_salinity
2026-06-06 16:12:10.626215,27.21,65.0,24.49,6.45,0.66,431.1,40.0,0,normal
2026-08-11 23:12:10.718220,25.28,75.62,25.5,6.52,0.92,521.74,40.0,0,normal
2026-11-02 22:12:10.836584,23.5,78.28,25.09,6.76,0.67,909.41,100.0,0,normal
2027-03-15 05:12:11.033133,25.5,73.14,23.0,5.76,0.7,877.2,100.0,0,normal
2027-03-29 12:12:11.053997,21.54,68.03,25.28,5.88,1.1,339.2,40.0,0,normal
2026-11-25 17:12:10.872507,25.03,66.37,25.91,5.87,0.31,823.7,100.0,0,normal
2026-06-05 20:12:11.202149,9.94,75.0,25.0,6.15,0.75,600.0,60.0,1,low_temp
2026-12-28 07:12:10.921362,28.99,68.96,24.6,5.5,0.52,404.01,40.0,0,normal
2026-07-22 08:12:10.689971,22.7,77.93,23.45,6.23,0.28,656.41,100.0,0,normal
2026-10-08 11:12:10.799732,22.28,70.81,25.66,5.8,0.89,518.5,40.0,0,normal
2027-04-07 13:12:11.068591,25.86,81.84,26.59,6.17,0.62,994.93,100.0,0,normal
2026-09-17 22:12:10.769754,27.21,67.81,26.65,6.15,0.46,606.66,100.0,0,normal
2027-05-31 10:12:11.148478,25.32,72.66,23.0,5.94,0.67,564.17,40.0,0,normal
2026-06-08 16:12:11.204234,23.5,75.0,25.0,6.15,8.23,600.0,5.76,1,high_salinity
2026-05-29 06:12:11.202395,23.5,75.0,15.16,6.15,1.87,600.0,47.43,1,drought
2026-11-07 07:12:10.842833,30.0,71.45,25.45,6.33,1.11,347.01,40.0,0,normal
2026-12-07 19:12:10.890562,18.69,78.98,26.12,5.91,0.63,612.83,100.0,0,normal
2026-11-17 11:12:10.860021,27.17,69.06,26.62,6.23,1.1,962.24,100.0,0,normal
2027-02-10 05:12:10.983260,24.57,75.23,25.55,6.8,0.77,605.08,100.0,0,normal
2027-04-22 12:12:11.090200,27.04,75.24,23.0,6.3,0.84,567.04,40.0,0,normal
2026-12-27 16:12:10.919964,21.78,81.85,23.97,6.24,0.59,661.67,100.0,0,normal
2026-11-04 07:12:10.838646,23.42,79.15,25.11,5.94,1.0,558.71,40.0,0,normal
2026-07-04 18:12:10.665685,27.41,69.09,25.37,6.44,0.57,236.43,40.0,0,normal
2027-02-03 06:12:10.972731,22.25,73.61,24.31,6.17,0.7,445.58,40.0,0,normal
2026-12-30 00:12:10.923832,30.0,73.63,26.08,6.47,0.62,382.38,40.0,0,normal
2027-04-14 14:12:11.078742,24.63,75.74,23.74,6.62,0.56,210.18,40.0,0,normal
2026-08-14 20:12:10.722229,19.95,75.36,25.76,6.22,0.7,34.23,40.0,0,normal
2026-11-06 08:12:10.841509,24.22,71.14,23.61,6.6,1.16,652.26,100.0,0,normal
2027-03-16 02:12:11.034290,22.11,74.85,26.19,5.8,0.12,721.85,100.0,0,normal
2027-06-15 16:12:11.171436,27.24,74.57,23.0,6.53,0.71,190.02,40.0,0,normal
2026-08-12 05:12:10.718551,24.49,75.38,26.23,6.38,0.12,395.77,40.0,0,normal
2026-12-06 21:12:10.889046,24.4,70.9,25.4,6.31,0.72,455.08,40.0,0,normal
2026-08-17 12:12:10.725842,20.62,76.27,23.0,6.8,0.61,637.12,100.0,0,normal
2026-07-23 12:12:10.691764,21.26,82.32,24.6,6.36,1.5,602.83,100.0,0,normal
2027-02-05 11:12:10.975666,21.07,84.79,25.07,5.85,1.12,828.41,100.0,0,normal
2026-06-18 05:12:10.643400,20.66,81.33,24.59,6.16,0.94,886.04,100.0,0,normal
2026-05-29 03:12:10.612669,21.92,73.08,24.9,6.18,1.28,871.81,100.0,0,normal
2026-11-08 06:12:10.844655,22.39,80.95,25.55,5.99,0.97,788.28,100.0,0,normal
2026-06-01 03:12:10.617744,26.36,71.83,27.0,6.32,0.98,812.99,100.0,0,normal
2027-01-14 21:12:10.946286,27.64,70.88,25.66,5.94,0.21,583.56,40.0,0,normal
2027-03-08 10:12:11.022958,21.8,81.16,23.06,6.25,0.76,422.92,40.0,0,normal
2026-09-13 21:12:10.764223,21.87,76.54,24.08,6.28,0.14,534.35,40.0,0,normal
2027-05-18 12:12:11.127803,25.42,82.87,26.51,5.93,0.22,263.37,40.0,0,normal
2027-03-14 17:12:11.032339,20.67,70.33,24.74,5.65,0.72,400.93,40.0,0,normal
2026-08-16 13:12:10.724582,24.04,65.51,23.38,6.07,0.83,528.85,40.0,0,normal
2026-11-09 00:12:10.845904,21.77,80.95,26.88,6.27,0.78,704.38,100.0,0,normal
2026-06-06 02:12:11.201458,32.25,42.38,25.0,6.15,0.75,600.0,42.0,1,high_temp
2027-06-12 09:12:11.166236,20.25,69.69,25.67,5.59,0.69,575.39,40.0,0,normal
2026-12-09 21:12:10.893718,25.7,84.71,24.78,6.61,0.73,505.05,40.0,0,normal
2027-06-13 01:12:11.167243,19.85,65.0,24.45,6.47,0.12,637.68,100.0,0,normal
2027-01-05 21:12:10.933893,29.64,69.08,26.2,6.15,0.52,328.44,40.0,0,normal
2027-01-20 21:12:10.954384,22.78,80.15,25.0,5.88,0.84,545.19,40.0,0,normal
2026-12-08 13:12:10.891779,20.6,69.03,23.98,5.84,1.1,334.15,40.0,0,normal
2027-06-16 11:12:11.172608,23.72,65.0,26.07,6.19,0.72,743.76,100.0,0,normal
2027-02-09 19:12:10.982696,23.65,79.27,26.96,5.95,0.55,287.86,40.0,0,normal
2026-12-30 17:12:10.925032,25.48,81.33,24.63,6.52,0.49,260.12,40.0,0,normal
2026-12-14 12:12:10.900485,24.15,77.83,26.68,6.09,0.55,772.38,100.0,0,normal
2027-05-03 20:12:11.106330,24.38,65.78,25.34,5.97,0.94,571.2,40.0,0,normal
2026-11-07 23:12:10.844249,19.06,76.7,25.49,6.2,0.77,765.19,100.0,0,normal
2026-06-17 17:12:10.642694,21.97,77.95,23.93,6.27,0.49,532.39,40.0,0,normal
2026-07-13 23:12:10.678180,20.95,69.99,24.86,5.8,0.7,699.88,100.0,0,normal
2026-09-14 19:12:10.765564,20.13,71.41,24.96,6.64,0.94,738.99,100.0,0,normal
2027-04-23 16:12:11.091911,20.77,68.85,26.74,6.8,1.02,739.87,100.0,0,normal
2026-10-29 22:12:10.831024,20.88,84.87,25.01,5.92,0.94,340.29,40.0,0,normal
2026-10-14 01:12:10.808234,19.94,65.0,23.91,5.93,0.66,578.2,40.0,0,normal
2026-07-24 23:12:10.693753,23.34,74.75,26.08,6.23,0.53,707.79,100.0,0,normal
2026-06-04 14:12:10.622598,24.37,74.25,25.21,6.21,0.47,872.63,100.0,0,normal
2026-08-27 11:12:10.740122,26.43,81.86,24.79,6.58,0.54,1032.45,100.0,0,normal
2026-11-03 21:12:10.838087,21.7,76.26,25.45,5.75,0.91,654.96,100.0,0,normal
2027-03-04 11:12:11.016216,25.88,80.68,23.84,6.35,1.13,477.37,40.0,0,normal
2026-11-06 23:12:10.842359,26.5,65.56,23.0,5.97,1.33,458.93,40.0,0,normal
2026-08-23 06:12:10.733736,24.13,78.56,26.82,5.75,1.08,650.86,100.0,0,normal
2027-03-14 00:12:11.031373,23.86,67.72,24.57,6.09,0.53,554.35,40.0,0,normal
2026-06-18 11:12:11.202912,23.5,75.0,15.64,6.15,3.12,600.0,38.65,1,drought
2027-05-02 14:12:11.104439,24.71,73.5,24.23,5.97,0.72,420.07,40.0,0,normal
2026-06-27 01:12:10.655432,19.77,81.2,24.86,6.51,0.5,450.35,40.0,0,normal
2027-04-16 23:12:11.082256,25.41,79.2,24.5,6.04,0.91,686.38,100.0,0,normal
2027-01-06 11:12:10.934695,25.22,72.77,26.22,6.08,0.96,597.34,40.0,0,normal
2026-12-24 16:12:10.914995,23.23,85.0,24.39,6.71,1.2,914.02,100.0,0,normal
2026-06-06 12:12:10.625953,21.4,75.4,23.0,6.24,0.7,404.96,40.0,0,normal
2027-05-05 19:12:11.109098,20.4,75.4,25.29,6.19,0.91,515.97,40.0,0,normal
2027-01-08 06:12:10.937342,29.98,74.66,25.72,6.42,0.74,952.85,100.0,0,normal
2027-02-06 05:12:10.976953,25.24,74.82,23.79,6.13,1.31,614.25,100.0,0,normal
2027-04-19 09:12:11.085939,25.7,72.47,26.03,5.52,0.41,570.91,40.0,0,normal
2027-06-12 21:12:11.166913,30.0,75.8,27.0,5.63,0.37,841.38,100.0,0,normal
2027-01-16 13:12:10.948683,27.15,75.52,25.28,6.45,1.0,520.68,40.0,0,normal
2026-08-28 13:12:10.741563,25.17,74.13,25.46,6.48,1.17,385.92,40.0,0,normal
2026-10-02 22:12:10.791635,22.74,75.06,24.44,5.92,0.59,220.9,40.0,0,normal
2026-06-29 00:12:10.658049,20.63,81.74,25.05,6.03,0.74,804.83,100.0,0,normal
2027-06-02 21:12:11.151853,18.18,75.1,25.2,6.43,0.81,874.67,100.0,0,normal
2027-03-13 16:12:11.030773,21.63,65.0,23.37,6.65,0.71,536.59,40.0,0,normal
2026-06-02 16:12:11.204799,23.5,75.0,25.0,6.15,6.0,600.0,36.94,1,high_salinity
2027-05-08 07:12:11.112888,25.45,80.66,23.22,6.4,0.67,690.38,100.0,0,normal
2027-03-24 13:12:11.047010,21.73,76.56,23.39,6.08,0.82,496.65,40.0,0,normal
2027-01-24 17:12:10.959489,22.02,76.95,25.42,6.57,0.34,977.99,100.0,0,normal
2026-07-20 08:12:10.687107,23.15,85.0,26.02,5.96,0.7,560.24,40.0,0,normal
2026-06-18 12:12:11.204578,23.5,75.0,25.0,6.15,5.95,600.0,37.71,1,high_salinity
2026-06-11 00:12:10.632550,21.32,75.67,24.62,6.06,0.73,604.05,100.0,0,normal
2026-06-18 15:12:10.643959,26.07,75.72,25.28,5.89,0.87,435.12,40.0,0,normal
2026-11-24 12:12:10.870825,22.29,75.17,24.8,6.22,1.12,346.89,40.0,0,normal
2027-05-31 04:12:11.148144,25.88,72.58,25.14,6.45,1.06,644.04,100.0,0,normal
2027-04-23 11:12:11.091631,26.23,75.95,25.26,5.98,1.21,606.96,100.0,0,normal
2026-09-23 13:12:10.777968,27.31,81.21,25.3,5.69,0.81,479.27,40.0,0,normal
2026-07-07 16:12:10.669722,20.05,76.08,26.06,5.9,0.64,665.37,100.0,0,normal
2026-09-14 17:12:10.765456,22.19,70.0,26.0,5.99,0.64,546.36,40.0,0,normal
2027-03-19 01:12:11.038510,26.29,81.55,25.67,5.62,1.22,545.35,40.0,0,normal
2027-03-10 18:12:11.026367,23.35,69.76,26.76,6.61,0.74,562.71,40.0,0,normal
2027-02-23 00:12:11.001785,26.32,71.12,25.38,5.86,0.8,362.55,40.0,0,normal
2026-12-20 19:12:10.909805,17.0,74.26,25.4,6.21,0.01,655.73,100.0,0,normal
2026-11-22 12:12:10.868002,26.52,76.0,23.66,6.65,1.26,649.97,100.0,0,normal
2027-03-27 13:12:11.051341,26.55,75.91,23.75,6.47,0.58,564.76,40.0,0,normal
2026-11-03 22:12:10.838140,24.34,75.0,24.96,6.18,0.87,671.61,100.0,0,normal
2027-02-10 14:12:10.983775,17.75,80.02,26.98,5.89,0.51,668.79,100.0,0,normal
2026-09-19 14:12:10.772118,17.71,83.16,24.25,6.24,0.92,716.55,100.0,0,normal
2026-09-10 06:12:10.758337,23.66,73.36,26.46,6.15,1.27,565.79,40.0,0,normal
2026-11-03 18:12:10.837925,25.47,75.05,24.1,5.98,1.21,794.44,100.0,0,normal
2026-12-27 02:12:10.919085,24.59,82.9,23.72,5.76,0.76,409.11,40.0,0,normal
2026-06-02 16:12:10.619978,24.81,75.08,24.14,6.31,0.3,346.51,40.0,0,normal
2027-02-26 08:12:11.006893,24.58,77.91,25.43,5.8,0.89,17.3,0.0,0,normal
2027-03-19 15:12:11.039451,22.06,80.39,25.26,6.0,1.37,525.28,40.0,0,normal
2027-03-10 10:12:11.025810,25.13,68.89,23.73,6.0,0.83,847.96,100.0,0,normal
2026-07-31 15:12:10.702759,23.86,75.07,25.17,5.94,1.1,766.46,100.0,0,normal
2027-05-28 06:12:11.143480,23.42,72.57,24.1,6.19,0.56,458.64,40.0,0,normal
2026-10-14 00:12:10.808180,21.67,68.4,23.88,5.82,0.83,453.01,40.0,0,normal
2026-11-22 01:12:10.867196,21.1,68.88,24.77,6.18,1.34,210.19,40.0,0,normal
2027-04-03 06:12:11.062132,22.35,70.49,26.62,6.17,0.58,206.91,40.0,0,normal
2027-02-04 05:12:10.974010,23.57,74.21,24.73,5.96,0.91,830.66,100.0,0,normal
2027-03-21 01:12:11.041398,20.76,73.54,25.8,5.98,1.24,474.21,40.0,0,normal
2027-05-16 01:12:11.123781,23.48,77.05,23.1,6.56,0.56,670.26,100.0,0,normal
2026-06-09 06:12:11.204513,23.5,75.0,25.0,6.15,6.88,600.0,24.71,1,high_salinity
2026-11-17 01:12:10.859464,25.56,67.12,23.8,6.4,1.0,521.42,40.0,0,normal
2026-12-06 04:12:10.888104,26.85,76.31,24.18,6.12,0.56,708.5,100.0,0,normal
2026-12-09 19:12:10.893596,21.47,76.07,26.14,6.38,1.03,892.71,100.0,0,normal
2026-08-22 02:12:10.732166,24.82,75.42,23.19,6.44,0.9,758.78,100.0,0,normal
2027-04-10 05:12:11.072315,17.0,71.13,24.71,6.17,1.5,202.0,40.0,0,normal
2027-03-01 00:12:11.010960,26.91,76.97,23.76,6.32,0.36,915.95,100.0,0,normal
2026-05-29 17:12:10.614143,20.12,67.78,25.65,6.61,0.89,421.0,40.0,0,normal
2027-04-17 08:12:11.082777,19.89,69.04,24.49,6.45,1.36,615.4,100.0,0,normal
2026-12-09 20:12:10.893653,27.1,78.37,24.92,6.68,0.66,835.79,100.0,0,normal
2026-08-27 23:12:10.740787,24.07,74.71,25.53,6.15,0.17,917.98,100.0,0,normal
2026-06-14 02:12:10.637198,19.58,78.65,25.27,6.02,0.69,635.32,100.0,0,normal
2026-07-19 06:12:10.685385,28.76,65.75,24.65,6.01,0.43,358.25,40.0,0,normal
2026-07-18 17:12:10.684647,27.59,70.76,23.06,6.03,1.37,574.02,40.0,0,normal
2026-12-05 15:12:10.887382,21.69,71.53,25.86,5.89,0.63,529.62,40.0,0,normal
2027-01-09 10:12:10.938951,24.93,81.28,25.57,6.17,0.79,478.82,40.0,0,normal
2026-06-03 10:12:10.621021,22.17,77.7,23.91,5.51,1.22,828.45,100.0,0,normal
2026-06-09 12:12:10.630219,21.1,70.88,26.03,6.25,0.76,271.85,40.0,0,normal
2027-03-23 16:12:11.045846,22.41,79.41,23.78,6.64,1.16,645.89,100.0,0,normal
2026-08-16 14:12:10.724635,24.25,70.64,25.59,6.1,0.42,284.04,40.0,0,normal
2027-04-12 13:12:11.075882,19.79,75.05,24.32,6.27,1.11,914.21,100.0,0,normal
2026-08-22 22:12:10.733294,18.88,76.78,25.64,5.91,0.76,303.38,40.0,0,normal
2026-09-17 11:12:10.769133,25.13,77.54,23.94,6.27,0.77,638.55,100.0,0,normal
2026-09-04 18:12:10.751068,25.72,71.94,24.06,5.84,0.47,510.49,40.0,0,normal
2027-02-06 16:12:10.977584,20.19,70.02,25.79,6.18,0.69,789.56,100.0,0,normal
2027-05-03 00:12:11.104983,19.18,73.53,24.36,6.1,0.51,344.74,40.0,0,normal
2027-05-01 15:12:11.103069,25.89,77.58,26.75,6.4,0.57,686.4,100.0,0,normal
2026-10-09 08:12:10.801402,23.96,78.3,23.0,6.02,0.4,399.8,40.0,0,normal
2026-12-05 07:12:10.886936,25.29,79.0,24.98,5.9,0.94,437.25,40.0,0,normal
2026-09-06 11:12:10.753336,20.96,74.75,26.04,5.56,0.92,709.13,100.0,0,normal
2026-07-08 04:12:10.670368,24.05,76.09,25.99,6.34,0.0,567.71,40.0,0,normal
2026-12-08 17:12:10.892027,22.41,77.33,25.31,6.23,0.73,113.02,40.0,0,normal
2026-06-04 09:12:10.622329,21.67,74.98,25.96,6.08,0.74,422.34,40.0,0,normal
2026-07-18 04:12:10.683870,25.12,65.0,24.94,6.06,0.79,491.74,40.0,0,normal
2026-11-06 11:12:10.841702,25.28,72.17,26.23,6.05,0.69,689.71,100.0,0,normal
2026-11-29 18:12:10.878439,24.48,72.06,25.78,6.09,0.4,558.37,40.0,0,normal
2026-12-22 08:12:10.911899,19.49,81.02,25.03,6.05,1.41,672.82,100.0,0,normal
2026-06-28 20:12:10.657833,22.94,77.19,24.76,6.51,0.97,885.68,100.0,0,normal
2027-01-25 09:12:10.960352,24.58,75.53,23.6,6.46,0.61,719.61,100.0,0,normal
2026-11-02 15:12:10.836187,26.74,73.95,25.44,6.13,0.69,541.78,40.0,0,normal
2026-12-04 09:12:10.885589,22.04,75.34,24.79,5.96,0.86,853.86,100.0,0,normal
2027-05-27 04:12:11.141664,21.62,72.07,23.0,6.57,1.01,606.37,100.0,0,normal
2027-02-24 21:12:11.004769,19.64,77.95,25.13,6.36,0.69,458.3,40.0,0,normal
2026-12-15 08:12:10.901759,21.29,74.04,24.37,5.5,1.15,484.12,40.0,0,normal
2027-05-11 10:12:11.117365,23.51,73.15,25.82,6.1,0.88,996.41,100.0,0,normal
2027-05-07 06:12:11.111346,25.14,67.16,24.36,6.02,1.03,449.62,40.0,0,normal
2026-06-29 15:12:10.658888,22.69,71.04,25.31,6.45,0.56,222.25,40.0,0,normal
2027-02-01 22:12:10.970578,22.34,72.45,25.38,6.02,0.74,447.89,40.0,0,normal
2026-05-22 16:12:10.601532,21.76,75.03,25.08,5.85,0.43,561.45,40.0,0,normal
2026-05-28 00:12:10.611168,22.69,72.84,23.84,6.36,0.79,739.87,100.0,0,normal
2026-08-28 12:12:10.741509,20.67,76.12,23.86,6.31,0.99,387.41,40.0,0,normal
2026-05-27 10:12:10.610231,26.38,75.04,25.59,6.18,0.49,361.08,40.0,0,normal
2026-07-09 10:12:10.672164,26.08,83.41,23.8,6.0,0.3,769.77,100.0,0,normal
2027-01-21 14:12:10.955324,19.44,72.34,24.7,5.86,0.85,546.13,40.0,0,normal
2027-02-01 08:12:10.969643,21.12,68.43,24.76,6.43,0.89,562.47,40.0,0,normal
2027-05-01 00:12:11.102053,30.0,71.27,24.52,5.69,0.58,419.3,40.0,0,normal
2027-01-12 23:12:10.943637,22.97,70.98,25.82,5.78,0.84,808.82,100.0,0,normal
2027-01-11 05:12:10.941327,24.09,73.64,23.95,6.5,0.68,547.7,40.0,0,normal
2026-08-08 05:12:10.712990,30.0,82.59,25.61,6.16,0.95,744.66,100.0,0,normal
2026-09-02 17:12:10.748374,22.87,71.79,25.41,6.45,0.98,633.28,100.0,0,normal
2026-12-06 00:12:10.887886,21.13,72.96,25.93,6.01,0.88,680.42,100.0,0,normal
2027-03-27 00:12:11.050361,22.93,77.47,25.21,5.81,0.63,828.96,100.0,0,normal
2026-07-10 07:12:10.673323,22.94,73.37,24.82,6.5,1.5,374.29,40.0,0,normal
2027-02-26 23:12:11.007743,26.41,74.74,24.62,6.03,0.66,889.97,100.0,0,normal
2027-01-06 13:12:10.934808,25.91,82.36,24.23,6.56,0.6,756.84,100.0,0,normal
2026-07-09 19:12:10.672648,19.74,70.03,24.44,5.76,0.59,272.71,40.0,0,normal
2026-08-20 23:12:10.730574,27.12,75.37,24.99,6.2,0.03,282.07,40.0,0,normal
2026-10-09 12:12:10.801616,20.69,76.09,26.52,6.33,0.58,150.58,40.0,0,normal
2027-04-21 22:12:11.089420,26.02,73.0,24.2,6.05,0.91,451.47,40.0,0,normal
2026-08-07 12:12:10.711964,27.32,79.6,24.27,6.26,0.74,485.32,40.0,0,normal
2027-01-22 19:12:10.956934,19.62,73.88,25.08,6.27,1.04,408.02,40.0,0,normal
2026-12-07 00:12:10.889366,20.74,74.59,26.26,6.53,1.22,943.43,100.0,0,normal
2027-03-22 21:12:11.044312,17.0,78.23,25.25,6.09,0.8,820.13,100.0,0,normal
2027-03-18 23:12:11.038403,23.71,82.45,24.74,5.59,0.61,653.58,100.0,0,normal
2026-12-10 15:12:10.894923,22.27,66.47,25.32,6.34,0.66,768.62,100.0,0,normal
2027-03-25 15:12:11.048437,25.51,75.63,24.05,5.74,0.86,780.4,100.0,0,normal
2027-02-25 18:12:11.005955,26.54,73.94,25.54,5.71,0.76,412.66,40.0,0,normal
2026-09-29 02:12:10.786226,28.39,80.51,26.26,5.73,0.66,522.41,40.0,0,normal
2026-06-07 04:12:10.627000,25.68,77.99,25.87,6.35,0.0,654.4,100.0,0,normal
2027-04-11 07:12:11.073945,24.92,72.09,26.47,5.76,1.19,853.8,100.0,0,normal
2026-07-04 01:12:10.664742,19.07,81.84,26.25,6.42,0.41,211.58,40.0,0,normal
2026-06-22 17:12:11.206438,33.58,75.0,12.85,6.15,2.75,600.0,0.0,1,combined_stress
2027-03-22 10:12:11.043491,27.61,79.01,25.04,5.75,0.33,770.56,100.0,0,normal
2026-06-29 20:12:10.659156,24.46,74.58,26.52,6.52,1.03,543.2,40.0,0,normal
2026-11-05 12:12:10.840316,30.0,85.0,24.98,5.53,0.28,619.67,100.0,0,normal
2026-06-19 20:12:10.645580,23.03,73.33,26.43,6.52,0.63,671.17,100.0,0,normal
2026-12-28 17:12:10.921963,23.57,69.8,25.11,5.82,0.96,258.04,40.0,0,normal
2027-05-07 11:12:11.111635,21.82,74.24,24.73,6.21,0.39,482.19,40.0,0,normal
2026-06-25 14:12:10.653488,23.41,82.32,23.63,6.03,0.66,516.29,40.0,0,normal
2026-10-14 19:12:10.809533,20.36,77.12,26.93,5.96,0.54,712.95,100.0,0,normal
2026-08-16 18:12:10.724851,18.86,78.86,26.13,6.42,0.57,403.73,40.0,0,normal
2027-06-19 06:12:11.178067,25.03,78.45,24.12,5.99,0.5,734.41,100.0,0,normal
2026-05-23 21:12:10.603310,25.29,71.33,26.13,5.71,0.75,615.71,100.0,0,normal
2026-11-02 04:12:10.835562,23.1,74.87,25.09,5.85,0.79,146.78,40.0,0,normal
2027-01-01 09:12:10.927517,23.47,71.21,25.96,6.12,0.82,671.04,100.0,0,normal
2026-11-29 14:12:10.878219,25.13,76.42,26.2,5.77,0.48,943.27,100.0,0,normal
2026-11-18 00:12:10.860809,29.86,75.38,25.83,5.93,0.42,516.01,40.0,0,normal
2026-09-22 14:12:10.776690,22.8,81.35,24.9,6.21,0.81,497.21,40.0,0,normal
2026-11-03 10:12:10.837455,22.79,79.0,25.28,6.34,1.02,176.0,40.0,0,normal
2026-07-10 12:12:10.673591,22.16,71.2,24.25,6.33,0.68,562.32,40.0,0,normal
2026-06-02 21:12:10.620266,19.28,65.15,24.07,6.18,0.58,620.95,100.0,0,normal
2027-05-26 15:12:11.140927,21.41,83.11,25.49,6.18,0.59,767.82,100.0,0,normal
2026-11-11 08:12:10.849996,25.89,73.04,25.28,6.5,0.54,634.57,100.0,0,normal
2026-09-27 21:12:10.784592,22.43,77.83,24.04,6.51,0.96,972.69,100.0,0,normal
2026-11-28 23:12:10.877352,28.74,85.0,25.82,6.48,0.5,820.43,100.0,0,normal
2026-11-18 04:12:10.861033,18.4,74.37,24.22,5.81,0.63,473.68,40.0,0,normal
2027-01-06 07:12:10.934449,23.96,75.31,26.34,6.4,0.26,826.74,100.0,0,normal
2027-06-16 16:12:11.173436,17.12,68.23,24.84,5.74,1.0,596.87,40.0,0,normal
2026-10-09 05:12:10.801239,19.79,76.06,25.1,6.32,1.12,511.57,40.0,0,normal
2027-04-05 00:12:11.064894,27.09,70.81,25.11,6.66,0.86,591.61,40.0,0,normal
2026-10-02 04:12:10.790636,20.77,83.68,25.5,6.26,0.74,718.27,100.0,0,normal
2026-06-07 09:12:11.205432,23.5,75.0,25.0,5.04,0.75,600.0,60.0,1,ph_acidic
2026-07-01 10:12:10.661246,18.79,77.66,24.42,5.95,0.77,516.29,40.0,0,normal
2026-10-24 15:12:10.823447,23.97,65.0,24.16,6.47,0.99,600.54,100.0,0,normal
2026-06-29 14:12:10.658833,22.7,76.76,24.23,6.51,0.81,752.06,100.0,0,normal
2027-06-21 14:12:11.181477,23.23,80.96,23.0,5.94,1.3,610.68,100.0,0,normal
2027-02-14 18:12:10.989782,21.46,73.9,23.47,6.02,0.68,950.44,100.0,0,normal
2027-03-23 01:12:11.045006,27.86,75.87,26.62,6.62,1.1,729.59,100.0,0,normal
2026-09-17 20:12:10.769635,21.69,72.33,23.8,6.34,1.09,621.56,100.0,0,normal
2027-04-09 21:12:11.071882,19.81,75.74,24.98,6.16,0.71,759.12,100.0,0,normal
2027-02-01 18:12:10.970178,20.63,85.0,25.07,6.1,0.6,479.87,40.0,0,normal
2027-05-26 07:12:11.140209,29.26,77.54,24.61,5.5,0.77,676.48,100.0,0,normal
2027-04-12 08:12:11.075583,23.99,74.48,25.56,5.93,1.21,466.02,40.0,0,normal
2026-11-24 08:12:10.870597,23.15,78.43,25.11,6.73,0.74,659.91,100.0,0,normal
2026-12-22 11:12:10.912069,25.86,77.99,24.38,6.34,0.65,437.17,40.0,0,normal
2026-11-19 05:12:10.863061,22.03,77.65,25.0,6.21,0.63,629.47,100.0,0,normal
2027-04-16 05:12:11.081096,26.07,78.96,26.34,6.02,1.09,685.97,100.0,0,normal
2026-10-20 03:12:10.817275,21.74,69.91,25.84,6.03,0.75,399.62,40.0,0,normal
2026-08-04 14:12:10.708069,22.68,75.67,25.24,6.29,0.55,698.58,100.0,0,normal
2027-05-02 11:12:11.104275,22.77,77.07,23.86,6.11,0.79,844.36,100.0,0,normal
2026-08-15 20:12:10.723552,22.11,72.27,24.26,6.01,1.33,563.07,40.0,0,normal
2026-11-05 06:12:10.839933,25.63,85.0,24.47,6.1,0.49,531.86,40.0,0,normal
2026-08-09 07:12:10.714450,17.86,73.44,26.04,5.61,0.67,570.56,40.0,0,normal
2027-02-13 19:12:10.988341,19.94,65.0,25.28,6.15,0.56,649.12,100.0,0,normal
2027-03-06 08:12:11.019351,22.41,75.41,24.35,5.98,0.73,77.17,40.0,0,normal
2026-05-25 04:12:10.605221,21.46,78.95,24.68,6.41,1.03,747.58,100.0,0,normal
2026-08-27 18:12:10.740520,20.58,85.0,25.02,6.8,1.2,352.62,40.0,0,normal
2027-03-07 04:12:11.021033,21.53,76.52,24.3,6.61,0.36,529.38,40.0,0,normal
2026-06-08 23:12:10.629513,22.42,82.24,24.48,6.35,0.61,212.14,40.0,0,normal
2026-11-29 03:12:10.877576,25.4,72.96,26.31,6.66,1.36,757.67,100.0,0,normal
2027-05-14 17:12:11.121934,20.05,74.54,23.8,6.45,0.67,465.67,40.0,0,normal
2027-06-20 15:12:11.180188,23.06,76.47,24.97,5.99,0.55,678.09,100.0,0,normal
2027-04-26 18:12:11.096243,25.31,73.89,23.12,5.99,0.68,663.86,100.0,0,normal
2027-04-24 10:12:11.092911,23.64,73.14,25.42,6.05,0.0,618.81,100.0,0,normal
2026-07-25 18:12:10.694814,20.87,68.58,25.09,5.52,0.75,630.38,100.0,0,normal
2026-06-01 01:12:10.617635,23.41,72.74,25.24,6.19,1.5,675.0,100.0,0,normal
2026-06-23 16:12:10.650757,24.22,81.12,24.33,6.55,0.5,244.58,40.0,0,normal
2026-09-26 19:12:10.783058,27.41,72.11,26.42,6.43,0.59,406.15,40.0,0,normal
2026-07-01 18:12:10.661698,28.0,73.28,25.05,6.22,0.49,286.2,40.0,0,normal
2026-09-21 14:12:10.775050,29.65,80.21,25.56,6.64,0.34,289.27,40.0,0,normal
2027-01-01 00:12:10.926817,28.28,76.15,23.81,5.95,0.52,437.0,40.0,0,normal
2027-02-14 02:12:10.988874,25.34,80.39,25.44,6.0,0.39,696.72,100.0,0,normal
2026-07-28 13:12:10.698672,17.77,74.7,24.05,6.06,0.68,772.44,100.0,0,normal
2026-08-19 11:12:10.728464,27.12,76.63,24.88,5.58,0.63,627.78,100.0,0,normal
2026-08-05 02:12:10.708717,22.65,76.66,25.28,6.37,1.29,592.98,40.0,0,normal
2026-08-17 08:12:10.725629,26.68,74.13,23.5,6.12,0.62,901.65,100.0,0,normal
2027-01-30 01:12:10.966605,23.41,75.01,23.66,6.34,0.92,552.28,40.0,0,normal
2027-02-06 08:12:10.977122,24.6,72.24,26.45,5.52,1.04,343.05,40.0,0,normal
2026-07-17 14:12:10.683076,25.59,78.15,25.23,6.51,0.76,816.47,100.0,0,normal
2027-04-22 21:12:11.090709,27.54,77.73,25.82,6.33,0.04,381.35,40.0,0,normal
2027-03-05 15:12:11.017792,27.04,70.45,24.25,6.09,0.47,603.92,100.0,0,normal
2027-05-05 14:12:11.108811,23.76,76.61,24.19,6.17,0.84,595.06,40.0,0,normal
2026-06-30 22:12:11.203750,23.5,75.0,31.5,6.15,0.75,600.0,50.0,1,overwater
2026-06-22 03:12:11.205958,23.5,75.0,25.0,8.17,0.75,600.0,60.0,1,ph_alkaline
2027-06-01 06:12:11.149633,21.57,70.71,25.41,6.12,0.78,485.34,40.0,0,normal
2027-01-03 18:12:10.930858,22.09,68.73,24.79,6.14,0.6,1067.07,100.0,0,normal
2026-07-28 02:12:10.698077,21.84,73.61,24.77,5.5,1.04,735.04,100.0,0,normal
2026-09-28 01:12:10.784847,17.0,78.58,26.16,5.87,0.84,621.01,100.0,0,normal
2027-01-07 13:12:10.936337,18.51,85.0,27.0,5.88,0.64,607.73,100.0,0,normal
2026-08-30 16:12:10.744354,21.95,75.58,23.42,5.8,0.63,490.08,40.0,0,normal
2026-08-14 02:12:10.721225,24.09,76.09,26.04,6.28,0.29,890.3,100.0,0,normal
2027-05-30 03:12:11.146538,22.92,65.0,23.91,5.5,0.82,710.99,100.0,0,normal
2026-11-09 22:12:10.847533,23.92,73.23,25.49,5.81,0.84,498.48,40.0,0,normal
2026-06-29 00:12:11.204524,23.5,75.0,25.0,6.15,1.73,600.0,96.79,1,high_salinity
2026-10-04 07:12:10.793829,30.0,65.0,24.97,6.76,0.93,319.56,40.0,0,normal
2026-05-27 05:12:10.609251,19.74,71.39,23.0,5.93,0.76,734.16,100.0,0,normal
2027-02-13 16:12:10.988179,20.47,67.84,23.82,6.11,0.59,351.43,40.0,0,normal
2026-12-29 03:12:10.922574,22.62,68.89,24.47,6.23,0.57,625.76,100.0,0,normal
2027-03-28 21:12:11.053187,29.26,69.2,25.7,6.34,0.66,913.62,100.0,0,normal
2027-06-07 11:12:11.158445,17.75,85.0,23.97,5.66,1.5,617.08,100.0,0,normal
2026-10-08 06:12:10.799464,25.29,83.23,25.72,6.8,0.73,774.69,100.0,0,normal
2026-06-15 23:12:10.640295,22.33,74.3,25.14,6.02,1.1,442.96,40.0,0,normal
2026-08-18 12:12:10.727174,22.66,78.15,25.22,6.0,1.08,943.18,100.0,0,normal
2027-03-13 15:12:11.030719,26.59,76.89,26.01,5.88,1.5,600.61,100.0,0,normal
2027-02-07 07:12:10.978574,28.06,77.49,25.46,6.42,0.67,562.15,40.0,0,normal
2027-03-11 15:12:11.027842,21.03,73.2,24.34,5.87,0.52,504.32,40.0,0,normal
2026-07-02 14:12:11.202730,23.5,75.0,14.19,6.15,1.86,600.0,47.47,1,drought
2026-08-21 14:12:10.731411,21.72,84.95,26.96,6.14,0.4,648.12,100.0,0,normal
2026-11-06 20:12:10.842194,26.83,76.88,24.18,6.39,0.77,608.95,100.0,0,normal
2026-06-22 17:12:11.202679,23.5,75.0,15.29,6.15,1.77,600.0,48.14,1,drought
2026-10-09 03:12:10.800840,27.54,75.1,25.0,6.47,0.31,797.57,100.0,0,normal
2027-03-03 09:12:11.014632,23.77,75.92,24.79,6.31,0.86,332.45,40.0,0,normal
2026-06-21 06:12:10.647455,24.7,73.07,25.45,6.11,1.13,598.45,40.0,0,normal
2026-12-13 13:12:10.899041,26.62,77.52,26.3,5.94,0.22,523.43,40.0,0,normal
2026-07-01 19:12:10.661752,21.69,79.96,24.15,5.85,0.82,628.21,100.0,0,normal
2026-06-24 17:12:10.652234,17.49,76.11,25.68,6.5,0.0,687.91,100.0,0,normal
2026-12-19 01:12:10.907346,23.06,69.85,24.0,6.07,1.15,916.18,100.0,0,normal
2026-07-22 12:12:10.690197,22.08,77.97,24.76,6.17,0.32,916.58,100.0,0,normal
2027-01-24 06:12:10.958872,28.78,79.46,25.1,6.33,1.13,787.22,100.0,0,normal
2027-06-02 10:12:11.151232,23.92,77.5,25.42,6.03,0.86,548.03,40.0,0,normal
2027-03-23 13:12:11.045682,21.7,72.86,23.44,6.09,1.46,613.21,100.0,0,normal
2026-11-03 03:12:10.836925,25.6,70.24,23.91,6.26,0.91,425.22,40.0,0,normal
2027-05-04 12:12:11.107349,24.95,84.03,25.21,6.21,0.59,743.64,100.0,0,normal
2026-12-12 08:12:10.897309,24.49,74.07,26.75,5.9,0.68,681.18,100.0,0,normal
2026-07-12 12:12:10.676243,22.6,72.48,25.61,5.87,0.59,810.71,100.0,0,normal
2026-07-12 02:12:10.675684,20.16,70.9,24.97,6.28,0.64,646.25,100.0,0,normal
2027-04-18 21:12:11.084975,25.55,78.21,26.12,6.49,0.58,432.27,40.0,0,normal
2027-04-10 15:12:11.072891,26.33,72.71,26.1,6.16,1.19,742.31,100.0,0,normal
2027-06-20 01:12:11.179379,26.72,74.76,25.86,6.21,0.26,821.12,100.0,0,normal
2027-04-12 23:12:11.076419,23.08,72.8,26.5,6.0,1.44,441.92,40.0,0,normal
2026-12-03 16:12:10.884376,24.15,80.96,26.22,6.22,1.2,671.27,100.0,0,normal
2026-10-03 02:12:10.791848,21.07,71.69,23.85,6.08,0.48,481.78,40.0,0,normal
2026-06-03 00:12:10.620433,26.23,69.89,26.45,6.24,1.07,329.92,40.0,0,normal
2027-01-25 04:12:10.960083,24.92,81.3,24.19,6.49,1.12,290.11,40.0,0,normal
2026-09-22 15:12:10.776744,17.58,69.75,24.41,6.26,1.05,614.61,100.0,0,normal
2026-09-30 21:12:10.788796,20.13,73.21,24.17,6.8,0.91,421.37,40.0,0,normal
2027-01-27 02:12:10.962620,23.56,78.08,25.17,6.03,0.68,382.65,40.0,0,normal
2027-05-27 05:12:11.141744,23.88,80.01,27.0,6.19,0.87,68.37,40.0,0,normal
2026-07-30 02:12:10.700715,26.5,74.05,24.23,6.12,0.6,538.68,40.0,0,normal
2026-08-12 08:12:10.718759,26.48,75.53,23.35,6.44,0.97,654.14,100.0,0,normal
2026-08-29 22:12:10.743374,24.27,74.73,23.48,5.77,0.79,443.18,40.0,0,normal
2026-06-09 21:12:10.630735,19.26,74.19,26.01,5.95,0.46,340.49,40.0,0,normal
2027-04-21 12:12:11.088786,18.99,78.74,23.46,6.11,1.06,473.94,40.0,0,normal
2026-12-03 15:12:10.884321,26.42,70.58,24.42,6.03,0.58,671.68,100.0,0,normal
2026-10-22 10:12:10.820450,22.06,74.19,24.97,6.12,0.23,286.24,40.0,0,normal
2026-06-08 15:12:10.629050,27.94,69.14,26.58,6.47,0.54,348.19,40.0,0,normal
2027-05-12 01:12:11.118215,23.21,74.1,24.05,5.5,1.32,582.89,40.0,0,normal
2026-06-18 10:12:10.643687,24.47,79.7,24.76,6.78,0.67,821.32,100.0,0,normal
2026-10-06 14:12:10.797249,23.96,80.66,25.64,5.92,0.71,496.96,40.0,0,normal
2027-01-20 09:12:10.953737,27.72,80.16,24.71,6.48,0.85,689.96,100.0,0,normal
2026-09-17 14:12:10.769311,22.24,78.46,23.68,6.19,0.74,921.78,100.0,0,normal
2027-01-27 11:12:10.963112,17.0,73.55,23.34,6.08,0.85,242.94,40.0,0,normal
2027-06-19 13:12:11.178722,22.14,82.71,23.4,5.99,0.74,396.32,40.0,0,normal
2026-07-02 18:12:10.663026,22.92,82.3,24.24,5.83,1.09,331.67,40.0,0,normal
2026-11-12 23:12:10.852836,20.7,75.34,23.05,6.0,0.77,687.55,100.0,0,normal
2026-08-30 19:12:10.744515,20.04,78.34,25.41,5.62,0.0,283.48,40.0,0,normal
2026-06-02 10:12:11.206250,23.5,75.0,25.0,6.15,0.75,6.22,0.0,1,low_light
2027-01-12 03:12:10.942544,22.69,77.72,25.79,6.36,1.21,634.68,100.0,0,normal
2026-10-29 08:12:10.830113,19.6,81.85,25.94,6.01,0.79,914.96,100.0,0,normal
2026-07-01 02:12:10.660807,22.97,82.79,25.25,6.17,0.28,709.99,100.0,0,normal
2026-07-26 21:12:10.696434,21.11,84.15,26.16,6.31,0.4,882.11,100.0,0,normal
2027-05-28 22:12:11.144385,20.85,76.08,25.37,5.91,0.33,676.49,100.0,0,normal
2026-08-21 23:12:10.732003,23.63,77.9,24.53,6.78,0.52,500.9,40.0,0,normal
2027-02-08 23:12:10.981417,18.03,80.09,27.0,6.25,1.27,1012.06,100.0,0,normal
2027-01-21 21:12:10.955721,19.88,65.0,24.88,6.52,0.66,17.3,0.0,0,normal
2026-11-14 08:12:10.854815,20.27,76.0,25.56,5.73,0.5,780.4,100.0,0,normal
2026-06-22 14:12:10.649197,25.27,73.38,25.68,6.0,0.71,668.21,100.0,0,normal
2026-08-25 05:12:10.736344,21.53,76.66,24.84,6.08,0.67,360.26,40.0,0,normal
2027-02-23 13:12:11.002483,26.47,72.67,26.85,5.8,0.21,519.15,40.0,0,normal
2026-12-29 22:12:10.923702,21.83,74.98,25.52,6.13,0.56,762.35,100.0,0,normal
2026-12-18 10:12:10.906417,19.23,76.92,26.32,6.56,1.15,521.34,40.0,0,normal
2026-06-24 16:12:10.652181,20.18,67.58,25.3,6.42,0.87,449.59,40.0,0,normal
2027-01-24 00:12:10.958547,27.58,77.57,25.17,5.85,1.35,612.8,100.0,0,normal
2027-04-08 13:12:11.070108,24.47,66.58,25.79,6.28,1.26,333.86,40.0,0,normal
2026-08-11 13:12:10.717439,21.32,74.33,25.65,5.91,0.58,552.67,40.0,0,normal
2026-08-31 22:12:10.745992,26.46,65.0,23.84,6.08,1.09,1175.28,100.0,0,normal
2027-01-21 18:12:10.955560,27.33,80.31,26.25,6.26,1.18,476.94,40.0,0,normal
2027-04-27 01:12:11.096623,24.39,77.83,24.38,6.13,1.22,797.96,100.0,0,normal
2027-06-14 08:12:11.168977,22.72,78.28,25.14,6.27,1.14,600.85,100.0,0,normal
2026-08-30 03:12:10.743640,18.26,72.32,26.97,6.18,1.15,431.77,40.0,0,normal
2026-07-05 18:12:10.667005,19.37,76.49,25.29,5.94,0.71,587.0,40.0,0,normal
2027-02-19 04:12:10.996269,24.52,65.0,25.49,6.8,0.98,886.49,100.0,0,normal
2026-11-14 17:12:10.855307,24.31,80.31,25.24,6.53,0.75,539.89,40.0,0,normal
2027-05-11 11:12:11.117418,27.3,71.59,25.93,6.27,0.66,592.65,40.0,0,normal
2026-08-17 04:12:10.725415,27.29,74.93,25.36,5.73,0.8,590.97,40.0,0,normal
2026-11-26 16:12:10.873848,23.19,80.4,26.11,6.8,0.52,375.94,40.0,0,normal
2027-03-18 00:12:11.037122,19.75,81.7,24.8,6.61,0.66,914.8,100.0,0,normal
2027-03-01 01:12:11.011016,24.94,73.26,24.03,6.53,0.68,128.39,40.0,0,normal
2027-03-19 11:12:11.039231,17.0,73.21,25.05,5.82,0.74,536.28,40.0,0,normal
2027-06-19 08:12:11.178173,24.35,69.81,25.34,6.4,0.36,658.52,100.0,0,normal
2026-12-04 19:12:10.886256,24.95,73.32,24.79,6.3,0.85,769.13,100.0,0,normal
2026-06-17 03:12:11.201435,34.42,47.44,25.0,6.15,0.75,600.0,42.0,1,high_temp
2026-07-02 20:12:10.663136,28.63,80.11,26.21,5.98,0.74,773.66,100.0,0,normal
2027-06-05 01:12:11.154934,21.63,74.79,25.21,6.1,0.96,748.13,100.0,0,normal
2027-02-19 09:12:10.996637,23.75,71.94,24.81,6.49,0.66,381.13,40.0,0,normal
2027-06-20 18:12:11.180349,22.75,75.89,23.45,5.97,0.76,502.37,40.0,0,normal
2026-12-01 20:12:10.881593,20.71,72.43,25.4,6.8,1.17,744.26,100.0,0,normal
2026-06-04 00:12:11.206577,32.91,75.0,14.62,6.15,2.92,600.0,24.04,1,combined_stress
2026-07-22 22:12:10.690753,21.69,80.7,25.89,6.62,0.8,484.87,40.0,0,normal
2027-04-05 13:12:11.065676,23.15,83.82,24.74,5.69,0.76,382.89,40.0,0,normal
2026-07-19 20:12:10.686370,24.25,71.53,24.09,6.58,0.43,691.31,100.0,0,normal
2027-05-06 04:12:11.109885,24.48,65.0,23.51,6.6,0.71,746.16,100.0,0,normal
2026-06-20 14:12:10.646568,28.6,73.5,27.0,6.58,0.48,759.3,100.0,0,normal
2026-12-13 05:12:10.898585,29.19,77.46,25.09,6.37,0.88,567.45,40.0,0,normal
2027-04-22 00:12:11.089552,22.11,68.89,23.67,5.74,0.93,716.97,100.0,0,normal
2026-06-10 19:12:11.205821,23.5,75.0,25.0,8.31,0.75,600.0,0.0,1,ph_alkaline
2026-09-27 05:12:10.783618,21.46,78.33,26.19,6.43,0.24,620.34,100.0,0,normal
2027-01-23 02:12:10.957316,27.24,77.79,26.37,6.05,0.15,550.29,40.0,0,normal
2026-11-08 22:12:10.845738,24.47,74.89,23.95,6.24,1.09,895.22,100.0,0,normal
2026-12-21 01:12:10.910163,25.05,79.08,23.0,6.24,1.03,546.67,40.0,0,normal
2026-09-12 11:12:10.761884,17.98,68.85,25.7,6.08,1.13,960.92,100.0,0,normal
2027-06-15 21:12:11.171746,27.1,66.97,24.67,6.13,0.5,416.19,40.0,0,normal
2026-07-13 21:12:10.678070,22.29,73.59,24.88,6.14,0.31,1045.36,100.0,0,normal
2026-09-01 15:12:10.746936,22.05,84.73,25.75,6.22,0.65,482.08,40.0,0,normal
2026-06-29 04:12:11.203761,23.5,75.0,30.1,6.15,0.75,600.0,50.0,1,overwater
2026-06-02 05:12:10.619330,19.87,79.03,23.7,6.39,0.58,323.76,40.0,0,normal
2026-10-18 05:12:10.814561,20.96,80.84,25.1,6.76,0.45,786.95,100.0,0,normal
2027-02-22 00:12:11.000306,19.66,78.08,25.41,6.49,0.14,519.76,40.0,0,normal
2027-04-10 16:12:11.072945,27.23,77.14,23.42,6.01,0.6,763.52,100.0,0,normal
2026-12-22 20:12:10.912559,23.83,74.01,24.77,6.59,0.09,491.64,40.0,0,normal
2027-02-21 00:12:10.998967,25.62,71.06,23.48,6.1,1.09,802.9,100.0,0,normal
2026-09-16 14:12:10.767991,26.0,80.01,27.0,6.09,0.76,60.25,40.0,0,normal
2027-04-25 06:12:11.094091,19.91,81.0,25.64,6.28,0.75,579.74,40.0,0,normal
2026-06-15 14:12:10.639728,25.83,67.36,26.88,5.68,1.01,753.27,100.0,0,normal
2027-01-25 02:12:10.959975,24.21,77.83,24.96,6.33,0.78,853.99,100.0,0,normal
2027-05-02 23:12:11.104930,26.56,75.95,26.6,6.16,0.69,312.46,40.0,0,normal
2027-03-16 06:12:11.034674,19.25,71.6,26.98,5.97,0.84,559.78,40.0,0,normal
2027-04-05 22:12:11.066194,26.79,68.16,27.0,5.74,0.45,649.87,100.0,0,normal
2027-04-13 06:12:11.076798,27.86,75.42,24.03,6.25,0.86,525.0,40.0,0,normal
2027-04-22 20:12:11.090655,26.32,80.02,24.68,6.32,0.86,376.16,40.0,0,normal
2027-02-08 13:12:10.980357,23.6,76.39,23.0,6.23,0.7,411.25,40.0,0,normal
2026-08-14 13:12:10.721828,21.53,71.31,27.0,6.38,1.31,487.64,40.0,0,normal
2027-03-02 00:12:11.012357,25.1,75.68,26.25,6.54,1.5,717.2,100.0,0,normal
2026-06-19 06:12:10.644791,22.67,76.97,23.49,6.59,0.9,431.95,40.0,0,normal
2027-01-17 02:12:10.949378,23.66,72.61,26.83,6.05,0.37,483.68,40.0,0,normal
2026-07-12 09:12:10.676077,26.12,71.18,23.84,6.11,0.96,918.71,100.0,0,normal
2026-12-28 15:12:10.921845,24.96,70.22,24.14,5.78,0.27,754.93,100.0,0,normal
2027-03-13 21:12:11.031207,26.51,75.97,23.99,5.9,0.68,594.66,40.0,0,normal
2026-12-17 17:12:10.905309,26.15,82.04,24.03,6.55,0.65,577.57,40.0,0,normal
2027-05-03 22:12:11.106437,26.27,81.25,24.71,5.94,0.75,549.33,40.0,0,normal
2026-08-31 09:12:10.745295,21.65,77.23,25.71,5.91,1.01,906.43,100.0,0,normal
2027-03-10 12:12:11.025919,28.9,77.3,25.27,6.34,0.44,490.77,40.0,0,normal
2027-01-31 22:12:10.969091,22.26,78.13,23.0,6.25,0.4,371.23,40.0,0,normal
2027-01-28 10:12:10.964371,21.43,83.74,25.33,6.27,0.52,786.03,100.0,0,normal
2027-06-07 07:12:11.158168,20.41,75.29,24.53,6.38,0.33,659.68,100.0,0,normal
2026-06-28 09:12:10.657218,27.03,80.3,23.98,5.82,0.59,515.73,40.0,0,normal
2026-07-28 04:12:10.698185,25.78,72.58,23.0,5.81,1.06,703.26,100.0,0,normal
2027-02-15 17:12:10.991186,24.81,75.51,25.29,6.75,0.67,816.55,100.0,0,normal
2027-04-13 15:12:11.077467,24.48,83.65,24.77,6.37,0.88,632.53,100.0,0,normal
2027-03-28 18:12:11.052997,23.5,85.0,25.17,6.28,0.83,879.16,100.0,0,normal
2026-10-27 15:12:10.827626,18.99,73.76,24.64,5.86,0.1,450.44,40.0,0,normal
2027-01-27 19:12:10.963562,26.25,78.54,25.41,5.53,0.63,122.99,40.0,0,normal
2027-05-02 02:12:11.103769,18.27,78.65,23.53,5.6,1.29,958.21,100.0,0,normal
2026-12-03 22:12:10.884709,25.35,73.25,24.49,5.59,1.12,1083.3,100.0,0,normal
2026-11-03 02:12:10.836808,24.8,71.18,24.95,5.99,0.79,784.52,100.0,0,normal
2027-05-25 17:12:11.139175,24.46,76.95,23.93,6.36,0.89,714.79,100.0,0,normal
2026-06-28 03:12:10.656893,21.49,73.43,24.41,6.77,0.53,450.38,40.0,0,normal
2027-01-21 01:12:10.954618,21.55,67.46,25.42,6.23,1.11,628.28,100.0,0,normal
2027-03-30 16:12:11.055655,20.98,73.48,24.41,6.39,0.68,734.12,100.0,0,normal
2027-03-04 03:12:11.015777,26.44,74.54,23.48,6.18,0.12,429.34,40.0,0,normal
2027-03-07 21:12:11.022009,19.0,76.49,25.18,5.5,1.3,728.94,100.0,0,normal
2027-03-06 18:12:11.020166,22.49,73.64,26.29,6.21,0.75,363.75,40.0,0,normal
2027-03-07 23:12:11.022117,22.8,81.56,24.94,6.19,0.49,873.41,100.0,0,normal
2026-09-15 16:12:10.766786,25.13,78.33,26.53,6.16,1.07,520.74,40.0,0,normal
2026-06-15 09:12:10.639230,28.22,73.01,24.79,5.67,1.06,879.8,100.0,0,normal
2026-10-05 05:12:10.795210,29.61,72.82,24.66,5.5,0.66,364.7,40.0,0,normal
2026-11-01 21:12:10.835176,20.09,75.2,24.77,6.07,1.34,562.54,40.0,0,normal
2026-07-13 13:12:10.677627,25.42,72.55,24.83,6.06,0.57,517.82,40.0,0,normal
2027-01-24 10:12:10.959085,20.11,72.06,26.54,6.21,0.97,311.83,40.0,0,normal
2026-06-03 23:12:10.621760,23.29,74.17,23.86,6.36,0.7,200.77,40.0,0,normal
2027-04-11 11:12:11.074165,20.96,73.4,24.52,6.13,0.68,706.24,100.0,0,normal
2027-05-18 22:12:11.128861,22.77,74.8,25.02,5.86,0.49,583.96,40.0,0,normal
2027-02-04 13:12:10.974457,26.89,73.77,27.0,6.05,0.5,702.95,100.0,0,normal
2027-02-23 19:12:11.003199,26.48,84.62,25.74,6.27,0.71,401.66,40.0,0,normal
2026-12-02 13:12:10.882768,19.81,81.9,23.81,6.19,0.55,522.43,40.0,0,normal
2026-11-17 03:12:10.859577,22.29,72.66,25.72,6.1,0.94,759.2,100.0,0,normal
2026-10-26 16:12:10.826330,23.06,76.1,23.4,5.87,0.72,765.16,100.0,0,normal
2026-07-03 01:12:10.663407,22.0,77.14,24.01,6.55,0.99,813.74,100.0,0,normal
2027-05-05 00:12:11.108037,20.77,71.63,26.19,5.77,0.67,833.87,100.0,0,normal
2026-08-21 02:12:10.730735,22.72,73.14,24.54,6.31,0.41,682.59,100.0,0,normal
2026-10-20 00:12:10.817114,27.67,71.28,23.76,6.25,1.3,794.75,100.0,0,normal
2027-03-11 05:12:11.027265,24.6,76.48,25.4,6.12,0.48,612.06,100.0,0,normal
2027-04-20 18:12:11.087802,17.0,72.17,26.3,6.11,0.55,615.77,100.0,0,normal
2026-05-27 22:12:11.206143,23.5,75.0,25.0,6.15,0.75,7.45,0.0,1,low_light
2026-06-24 17:12:11.204138,23.5,75.0,25.0,6.15,5.24,600.0,47.63,1,high_salinity
2027-03-08 02:12:11.022278,22.9,72.18,26.58,6.13,0.38,176.6,40.0,0,normal
2026-12-06 05:12:10.888158,28.08,71.98,25.8,5.84,0.89,698.18,100.0,0,normal
2026-12-19 09:12:10.907792,20.52,71.35,25.23,6.26,1.02,512.61,40.0,0,normal
2026-05-25 19:12:10.606662,27.73,81.89,25.97,5.99,0.93,632.63,100.0,0,normal
2027-01-25 21:12:10.961012,21.95,75.33,23.0,5.84,1.06,662.08,100.0,0,normal
2027-02-24 00:12:11.003472,20.79,78.99,25.11,5.61,0.86,712.57,100.0,0,normal
2027-04-01 23:12:11.059495,30.0,80.01,23.93,6.02,0.16,739.66,100.0,0,normal
2027-04-16 08:12:11.081258,20.72,75.88,26.16,6.15,0.77,276.64,40.0,0,normal
2026-08-18 06:12:10.726828,17.37,72.49,26.76,6.28,1.07,706.02,100.0,0,normal
2026-09-21 10:12:10.774834,27.6,71.04,23.6,6.09,0.83,585.93,40.0,0,normal
2027-02-14 06:12:10.989101,28.11,80.58,25.27,5.74,0.0,672.08,100.0,0,normal
2026-07-02 00:12:10.662025,25.06,83.22,23.0,6.35,0.7,493.7,40.0,0,normal
2027-03-07 19:12:11.021880,21.52,74.03,24.84,6.22,0.18,624.54,100.0,0,normal
2026-12-29 06:12:10.922747,22.03,83.76,25.19,5.74,1.08,545.22,40.0,0,normal
2026-09-20 22:12:10.774112,22.55,72.56,25.38,6.55,1.43,843.16,100.0,0,normal
2027-05-11 02:12:11.116933,23.84,65.96,24.44,6.48,0.06,581.93,40.0,0,normal
2026-10-02 23:12:10.791688,21.36,65.99,26.05,6.28,0.86,451.74,40.0,0,normal
2027-04-06 11:12:11.066923,22.93,69.69,25.0,6.14,0.43,194.32,40.0,0,normal
2027-05-01 09:12:11.102566,27.19,66.72,25.1,6.47,1.38,750.38,100.0,0,normal
2027-04-11 05:12:11.073801,30.0,67.54,25.53,5.93,0.67,690.38,100.0,0,normal
2026-06-21 10:12:11.204223,23.5,75.0,25.0,6.15,2.21,600.0,90.12,1,high_salinity
2026-06-17 04:12:10.641967,21.56,77.83,23.0,6.46,1.24,774.84,100.0,0,normal
2027-04-20 14:12:11.087564,23.62,71.76,25.46,5.88,0.67,330.01,40.0,0,normal
2026-12-21 12:12:10.910779,27.21,75.88,24.56,6.34,0.63,411.5,40.0,0,normal
2026-12-06 14:12:10.888671,25.2,74.35,24.7,6.3,0.66,845.97,100.0,0,normal
2027-04-26 05:12:11.095506,19.73,69.64,24.05,5.87,1.19,760.87,100.0,0,normal
2026-06-20 14:12:11.201918,12.81,75.0,25.0,6.15,0.75,600.0,60.0,1,low_temp
2026-07-13 22:12:10.678126,22.8,82.29,24.49,6.3,1.31,533.21,40.0,0,normal
2026-05-27 09:12:10.609477,28.68,76.54,27.0,6.42,0.93,345.86,40.0,0,normal
2026-05-30 00:12:11.201641,8.59,75.0,25.0,6.15,0.75,600.0,60.0,1,low_temp
2026-08-01 08:12:10.703704,22.53,70.56,23.94,6.1,0.99,815.87,100.0,0,normal
2027-04-14 12:12:11.078624,26.4,80.48,26.14,6.44,0.62,926.34,100.0,0,normal
2026-11-14 12:12:10.855035,24.28,80.48,25.53,5.5,0.68,298.8,40.0,0,normal
2026-12-24 07:12:10.914488,24.56,78.91,24.74,6.25,0.33,474.02,40.0,0,normal
2026-08-29 23:12:10.743427,19.47,71.36,24.72,5.71,1.13,494.58,40.0,0,normal
2027-03-27 15:12:11.051449,25.44,82.31,23.99,5.99,0.48,552.53,40.0,0,normal
2027-01-29 08:12:10.965598,17.0,83.12,25.76,5.81,0.83,669.28,100.0,0,normal
2027-05-08 01:12:11.112528,18.31,78.91,24.81,5.5,0.0,447.06,40.0,0,normal
2026-07-10 11:12:10.673537,23.26,71.65,24.18,6.67,0.29,813.66,100.0,0,normal
2027-04-06 21:12:11.067701,23.08,77.96,24.57,6.16,1.08,609.84,100.0,0,normal
2026-05-24 04:12:11.204427,23.5,75.0,25.0,6.15,4.26,600.0,61.42,1,high_salinity
2027-04-18 05:12:11.084083,18.0,72.97,26.11,6.1,0.51,498.74,40.0,0,normal
2026-08-12 10:12:10.718873,23.34,81.57,23.86,6.27,0.59,585.64,40.0,0,normal
2026-06-28 12:12:11.205512,23.5,75.0,25.0,8.26,0.75,600.0,60.0,1,ph_alkaline
2026-11-15 00:12:10.855724,23.2,74.64,25.48,6.27,0.66,682.8,100.0,0,normal
2027-04-06 14:12:11.067085,27.12,76.14,24.55,6.48,0.47,562.37,40.0,0,normal
2026-06-29 04:12:10.658263,28.89,73.72,24.17,6.8,0.78,811.95,100.0,0,normal
2026-07-15 10:12:10.680120,22.33,70.73,24.32,6.11,0.79,355.3,40.0,0,normal
2027-01-04 06:12:10.931542,24.89,72.98,25.24,5.97,0.78,415.13,40.0,0,normal
2026-09-26 02:12:10.782014,26.32,76.68,25.78,5.91,0.71,736.1,100.0,0,normal
2026-06-25 08:12:11.200997,36.48,40.83,25.0,6.15,0.75,600.0,0.0,1,high_temp
2026-07-14 02:12:10.678352,28.01,67.1,23.92,6.51,0.65,583.52,40.0,0,normal
2027-04-22 13:12:11.090254,27.16,73.37,25.43,6.02,1.28,387.24,40.0,0,normal
2026-09-15 13:12:10.766625,23.25,76.52,25.51,5.64,0.59,713.75,100.0,0,normal
2026-07-19 07:12:10.685439,25.62,82.1,26.16,6.29,0.69,581.44,40.0,0,normal
2026-10-08 23:12:10.800402,24.75,76.5,23.0,6.35,0.94,678.52,100.0,0,normal
2026-05-29 16:12:10.614088,24.64,73.33,26.67,6.2,0.67,528.67,40.0,0,normal
2026-05-24 19:12:11.201397,36.04,50.4,25.0,6.15,0.75,600.0,0.0,1,high_temp
2027-04-26 08:12:11.095678,25.46,80.31,23.9,6.19,0.39,794.87,100.0,0,normal
2027-02-01 01:12:10.969251,21.79,68.24,25.88,6.51,0.41,816.74,100.0,0,normal
2026-12-29 10:12:10.922999,25.5,76.48,26.85,6.06,0.84,694.13,100.0,0,normal
2027-06-09 06:12:11.161675,25.65,72.44,25.98,6.76,0.03,428.85,40.0,0,normal
2027-03-09 01:12:11.023791,23.34,77.42,26.24,5.94,0.29,535.51,40.0,0,normal
2026-11-28 08:12:10.876476,20.5,75.92,25.38,6.34,0.76,552.3,40.0,0,normal
2027-04-21 20:12:11.089213,26.77,77.52,24.98,6.36,0.96,217.48,40.0,0,normal
2026-09-09 17:12:10.757611,17.61,72.69,25.64,6.04,0.49,731.54,100.0,0,normal
2026-06-06 09:12:11.201179,36.9,59.99,25.0,6.15,0.75,600.0,0.0,1,high_temp
2027-03-03 15:12:11.014986,24.34,76.05,26.55,6.28,0.33,774.9,100.0,0,normal
2026-08-11 18:12:10.717715,20.76,81.02,25.46,6.38,1.49,607.2,100.0,0,normal
2026-06-06 12:12:11.206299,23.5,75.0,25.0,6.15,0.75,9.23,0.0,1,low_light
2027-04-21 05:12:11.088396,25.84,85.0,26.07,6.22,0.51,476.03,40.0,0,normal
2026-05-28 02:12:11.206401,34.78,75.0,10.01,6.15,3.88,600.0,0.0,1,combined_stress
2026-07-13 04:12:10.677139,28.62,78.16,25.6,6.29,0.73,862.41,100.0,0,normal
2026-10-01 09:12:10.789476,24.31,72.33,26.06,6.27,0.69,851.78,100.0,0,normal
2027-04-10 06:12:11.072369,20.85,73.6,25.23,5.61,0.61,800.91,100.0,0,normal
2026-12-16 20:12:10.904061,21.68,73.52,23.39,6.5,0.79,677.9,100.0,0,normal
2027-03-23 17:12:11.045900,22.81,72.67,26.77,6.53,1.14,609.98,100.0,0,normal
2027-02-18 10:12:10.995235,19.48,78.29,24.09,6.52,1.34,696.42,100.0,0,normal
2026-10-06 02:12:10.796493,25.93,71.92,26.53,5.84,0.79,681.89,100.0,0,normal
2027-05-14 12:12:11.121516,22.05,76.95,25.15,6.2,0.7,695.82,100.0,0,normal
2027-05-20 12:12:11.131401,21.6,72.22,24.95,6.21,0.22,622.01,100.0,0,normal
2027-04-04 01:12:11.063431,23.82,81.09,25.35,5.74,0.9,470.74,40.0,0,normal
2027-06-17 19:12:11.175579,17.0,78.65,26.5,6.35,1.01,297.53,40.0,0,normal
2027-03-04 21:12:11.016784,21.44,70.08,25.79,6.22,0.74,492.17,40.0,0,normal
2026-07-04 20:12:10.665792,25.85,85.0,25.64,6.12,0.72,759.61,100.0,0,normal
2026-11-07 14:12:10.843749,23.48,75.41,25.84,6.17,0.68,475.29,40.0,0,normal
2027-01-29 07:12:10.965544,22.79,80.68,24.27,5.94,0.4,704.99,100.0,0,normal
2027-01-08 07:12:10.937396,28.22,68.27,26.43,6.34,1.48,688.08,100.0,0,normal
2026-06-02 09:12:10.619552,22.49,65.71,25.25,5.6,0.99,259.57,40.0,0,normal
2026-08-15 03:12:10.722608,28.9,74.27,27.0,6.38,1.04,870.04,100.0,0,normal
2026-12-06 12:12:10.888546,18.87,75.87,25.17,6.21,0.92,392.75,40.0,0,normal
2027-04-06 17:12:11.067480,20.59,67.3,26.38,5.82,0.51,297.07,40.0,0,normal
2026-12-24 19:12:10.915156,23.42,75.47,23.7,6.0,0.59,194.35,40.0,0,normal
2026-12-28 02:12:10.921085,17.78,77.24,24.29,6.39,0.48,597.26,40.0,0,normal
2026-07-06 07:12:10.667745,25.5,77.87,25.43,5.92,1.1,802.68,100.0,0,normal
2027-01-18 16:12:10.951483,25.76,66.97,25.66,6.33,0.77,556.72,40.0,0,normal
2027-02-26 00:12:11.006300,24.88,80.2,24.68,6.44,0.52,567.84,40.0,0,normal
2027-01-04 19:12:10.932285,29.09,74.75,26.79,6.36,0.13,530.92,40.0,0,normal
2027-05-09 11:12:11.114515,24.94,73.57,24.09,6.02,0.85,713.53,100.0,0,normal
2026-11-18 03:12:10.860977,26.23,74.13,24.56,6.12,1.1,534.37,40.0,0,normal
2027-06-05 06:12:11.155205,24.76,79.94,25.67,6.63,0.29,708.55,100.0,0,normal
2027-04-09 17:12:11.071647,23.86,79.39,24.79,6.23,1.13,650.31,100.0,0,normal
2026-06-07 02:12:11.202755,23.5,75.0,14.78,6.15,2.67,600.0,41.8,1,drought
2027-01-06 21:12:10.935281,27.16,69.59,24.47,6.75,1.1,789.61,100.0,0,normal
2027-06-13 07:12:11.167568,23.37,75.12,26.48,5.84,1.27,954.46,100.0,0,normal
2027-02-03 10:12:10.972946,25.81,72.85,25.04,6.01,0.75,747.45,100.0,0,normal
2026-12-04 06:12:10.885176,21.57,85.0,23.88,5.79,0.89,639.51,100.0,0,normal
2027-04-25 07:12:11.094144,26.44,80.12,24.48,5.86,0.64,317.18,40.0,0,normal
2027-01-11 13:12:10.941758,21.27,75.39,25.53,6.22,0.11,446.12,40.0,0,normal
2027-02-28 14:12:11.010205,23.66,77.95,24.18,6.42,0.42,618.75,100.0,0,normal
2026-10-13 23:12:10.808127,22.75,74.15,24.25,6.15,0.58,802.9,100.0,0,normal
2027-04-25 23:12:11.095024,25.44,74.4,25.01,6.19,0.38,658.6,100.0,0,normal
2026-11-01 13:12:10.834696,24.85,74.87,24.65,5.84,0.77,729.76,100.0,0,normal
2026-08-02 21:12:10.705773,24.68,65.0,26.39,6.12,0.69,530.36,40.0,0,normal
2026-06-21 13:12:10.647834,27.08,74.56,26.59,6.25,0.82,499.47,40.0,0,normal
2026-09-05 10:12:10.751941,23.89,81.01,25.1,6.3,1.01,566.24,40.0,0,normal
2027-01-04 09:12:10.931708,23.34,80.49,24.87,5.94,0.72,794.97,100.0,0,normal
2027-05-31 07:12:11.148311,26.12,76.03,23.89,6.02,0.94,692.0,100.0,0,normal
2026-09-09 23:12:10.757934,23.14,76.03,25.33,6.21,0.62,436.3,40.0,0,normal
2027-01-04 20:12:10.932338,23.86,77.06,25.0,6.25,0.75,595.43,40.0,0,normal
2027-01-20 02:12:10.953345,17.76,67.05,24.23,5.97,0.47,563.14,40.0,0,normal
2026-09-28 18:12:10.785793,25.21,71.7,24.33,5.81,1.25,637.29,100.0,0,normal
2026-10-06 16:12:10.797359,25.52,80.39,23.31,6.52,0.43,599.02,40.0,0,normal
2026-07-17 01:12:10.682284,22.96,77.38,26.71,5.73,1.26,811.38,100.0,0,normal
2026-07-31 11:12:10.702544,24.49,65.24,24.81,5.8,1.01,310.31,40.0,0,normal
2026-12-17 07:12:10.904691,22.43,77.25,23.0,6.2,0.76,707.2,100.0,0,normal
2027-02-16 18:12:10.992573,28.65,78.68,23.34,5.67,0.21,747.37,100.0,0,normal
2026-10-06 21:12:10.797627,28.59,69.99,24.91,6.35,0.05,772.53,100.0,0,normal
2026-07-23 17:12:10.692070,21.48,72.13,25.01,6.25,0.84,325.79,40.0,0,normal
2026-08-05 07:12:10.709010,26.32,75.93,24.67,6.17,0.79,760.87,100.0,0,normal
2027-02-05 19:12:10.976111,26.86,78.56,24.55,6.08,0.79,741.61,100.0,0,normal
2027-02-16 13:12:10.992304,19.08,75.05,24.17,6.26,1.02,785.36,100.0,0,normal
2026-10-27 00:12:10.826793,21.16,73.71,25.13,6.42,1.26,643.71,100.0,0,normal
2026-06-23 15:12:11.200985,37.21,50.7,25.0,6.15,0.75,600.0,0.0,1,high_temp
2027-06-05 18:12:11.155879,24.1,76.17,24.69,6.08,0.95,373.12,40.0,0,normal
2027-03-10 00:12:11.025264,19.3,81.46,25.61,5.88,0.6,500.11,40.0,0,normal
2027-06-08 12:12:11.160394,23.91,65.0,25.96,6.22,0.54,564.77,40.0,0,normal
2027-03-20 13:12:11.040657,21.43,74.06,23.94,6.02,0.91,712.69,100.0,0,normal
2026-08-07 01:12:10.711332,17.56,85.0,23.77,6.09,1.32,693.98,100.0,0,normal
2026-11-26 01:12:10.872962,26.22,77.29,24.93,6.23,0.68,916.03,100.0,0,normal
2026-08-31 08:12:10.745223,23.49,72.9,26.04,6.31,0.82,773.28,100.0,0,normal
2026-12-02 05:12:10.882218,20.99,77.83,23.85,6.51,0.3,462.67,40.0,0,normal
2026-06-08 13:12:11.200898,34.74,52.22,25.0,6.15,0.75,600.0,42.0,1,high_temp
2027-04-20 20:12:11.087910,20.98,77.94,24.8,6.35,1.08,811.1,100.0,0,normal
2026-05-27 23:12:10.611114,27.59,66.32,25.8,6.39,0.52,485.78,40.0,0,normal
2027-05-21 22:12:11.133340,22.31,72.1,23.31,6.1,0.73,612.95,100.0,0,normal
2027-02-11 19:12:10.985475,23.12,73.0,25.36,6.31,0.69,939.2,100.0,0,normal
2026-12-27 07:12:10.919370,27.95,75.5,24.37,5.74,0.68,735.14,100.0,0,normal
2026-10-11 02:12:10.804006,22.27,66.04,25.0,5.59,0.71,788.17,100.0,0,normal
2026-07-07 14:12:10.669580,19.89,84.38,23.91,5.84,0.9,657.51,100.0,0,normal
2026-08-03 05:12:10.706231,26.51,74.97,25.75,5.91,1.12,657.01,100.0,0,normal
2026-06-11 18:12:10.633800,21.96,73.23,23.0,6.09,0.66,132.34,40.0,0,normal
2026-06-26 17:12:11.202078,12.0,75.0,25.0,6.15,0.75,600.0,60.0,1,low_temp
2026-06-27 07:12:10.655760,27.56,77.27,24.67,6.65,1.0,806.31,100.0,0,normal
2026-10-08 22:12:10.800348,21.41,69.53,23.48,5.78,0.75,462.35,40.0,0,normal
2026-06-29 01:12:10.658102,26.59,65.0,27.0,6.06,0.94,776.46,100.0,0,normal
2026-06-21 02:12:10.647212,27.36,74.35,23.58,5.59,1.04,586.58,40.0,0,normal
2026-09-15 22:12:10.767105,18.13,76.33,25.8,6.02,0.7,261.28,40.0,0,normal
2026-06-16 20:12:11.206076,23.5,75.0,25.0,6.15,0.75,12.52,0.0,1,low_light
2026-06-27 23:12:10.656668,23.05,78.97,26.62,6.61,1.06,446.93,40.0,0,normal
2026-07-01 01:12:11.201898,8.23,75.0,25.0,6.15,0.75,600.0,60.0,1,low_temp
2026-06-28 06:12:11.204936,23.5,75.0,25.0,6.15,4.93,600.0,51.99,1,high_salinity
2027-03-16 20:12:11.035457,24.0,75.95,26.44,6.0,0.67,643.79,100.0,0,normal
2026-07-24 09:12:10.692943,20.2,69.9,24.5,6.08,0.84,197.85,40.0,0,normal
2027-05-18 23:12:11.128917,27.3,72.02,24.48,6.01,1.08,522.11,40.0,0,normal
2026-09-13 11:12:10.763673,22.84,76.82,26.47,5.99,0.85,673.77,100.0,0,normal
2027-04-20 00:12:11.086792,17.0,76.64,23.93,6.5,1.08,422.5,40.0,0,normal
2027-03-12 17:12:11.029461,22.13,80.49,25.2,5.98,1.5,233.04,40.0,0,normal
2026-06-04 03:12:10.621997,25.42,68.31,24.31,6.25,1.08,497.49,40.0,0,normal
2026-08-05 00:12:10.708609,20.17,80.73,24.41,5.81,0.8,667.78,100.0,0,normal
2026-06-04 16:12:10.622707,25.63,70.81,24.72,6.21,0.99,1059.47,100.0,0,normal
2027-01-12 01:12:10.942438,19.86,78.48,25.08,6.29,1.05,633.45,100.0,0,normal
2026-11-13 05:12:10.853189,25.17,75.75,24.47,6.22,0.47,886.95,100.0,0,normal
2026-09-29 10:12:10.786751,25.58,71.99,25.96,5.83,0.55,462.79,40.0,0,normal
2027-03-03 18:12:11.015147,23.12,79.76,25.02,5.94,1.19,655.0,100.0,0,normal
2027-02-26 14:12:11.007255,27.05,78.5,25.35,6.37,1.03,546.35,40.0,0,normal
2026-11-03 09:12:10.837400,25.61,69.93,24.3,6.59,1.34,548.6,40.0,0,normal
2027-01-16 06:12:10.948284,26.78,75.96,24.87,5.82,0.73,572.69,40.0,0,normal
2027-02-27 17:12:11.009047,26.84,65.0,24.11,5.86,1.02,705.61,100.0,0,normal
2026-08-12 06:12:10.718610,25.03,75.0,24.27,5.92,0.43,719.61,100.0,0,normal
2026-06-05 01:12:10.623247,27.56,72.0,27.0,6.45,1.22,308.7,40.0,0,normal
2026-09-14 05:12:10.764786,25.76,65.0,24.71,5.98,0.24,492.55,40.0,0,normal
2027-06-19 15:12:11.178835,24.78,76.59,25.54,6.8,0.89,466.53,40.0,0,normal
2026-06-02 12:12:10.619718,24.13,68.83,25.14,6.29,1.1,668.97,100.0,0,normal
2026-09-23 10:12:10.777805,24.41,76.12,24.08,6.24,0.58,990.15,100.0,0,normal
2026-06-14 13:12:11.200849,37.31,58.67,25.0,6.15,0.75,600.0,0.0,1,high_temp
2027-01-31 17:12:10.968823,23.64,71.45,24.61,6.17,0.3,1061.0,100.0,0,normal
2026-10-13 22:12:10.808073,26.99,84.45,25.91,6.05,0.68,757.66,100.0,0,normal
2026-12-26 04:12:10.917064,25.9,70.63,24.67,5.96,1.03,778.37,100.0,0,normal
2026-10-17 07:12:10.813207,26.16,72.76,24.95,6.54,0.66,495.43,40.0,0,normal
2026-09-16 02:12:10.767338,26.08,72.7,24.84,6.17,0.67,428.68,40.0,0,normal
2027-06-05 15:12:11.155700,27.69,77.86,25.97,5.71,0.57,809.51,100.0,0,normal
2026-12-10 14:12:10.894867,20.58,74.73,26.74,6.31,0.7,199.85,40.0,0,normal
2027-02-20 09:12:10.997969,24.71,77.59,26.35,5.74,0.53,762.6,100.0,0,normal
2026-10-11 09:12:10.804471,19.09,80.19,25.92,6.09,0.38,931.82,100.0,0,normal
2026-06-03 20:12:10.621596,20.42,75.35,25.67,5.8,0.33,673.21,100.0,0,normal
2026-10-31 21:12:10.833801,22.97,72.64,25.11,6.28,0.31,499.49,40.0,0,normal
2026-06-05 13:12:10.623928,23.25,70.45,25.3,6.56,1.03,329.78,40.0,0,normal
2026-06-25 11:12:10.653301,23.2,72.83,26.16,6.3,1.07,592.03,40.0,0,normal
2027-06-21 19:12:11.181750,19.91,75.09,25.15,5.91,0.81,182.08,40.0,0,normal
2026-11-24 19:12:10.871235,27.63,82.59,25.41,5.5,1.45,778.54,100.0,0,normal
2027-02-25 19:12:11.006009,23.86,78.14,24.49,6.13,0.28,671.14,100.0,0,normal
2026-10-22 11:12:10.820503,21.85,65.64,25.06,6.52,0.99,774.6,100.0,0,normal
2027-01-21 19:12:10.955614,18.79,71.07,25.65,6.56,0.99,322.81,40.0,0,normal
2027-05-06 09:12:11.110162,19.78,71.3,24.42,6.45,0.76,487.55,40.0,0,normal
2026-08-15 14:12:10.723231,27.29,82.01,24.02,6.02,0.51,601.82,100.0,0,normal
2026-05-25 00:12:10.604993,20.87,74.73,25.34,6.18,0.76,527.49,40.0,0,normal
2027-01-06 10:12:10.934637,21.17,72.46,25.71,6.15,0.45,484.03,40.0,0,normal
2027-03-10 04:12:11.025480,20.08,80.25,24.25,6.54,0.96,447.39,40.0,0,normal
2027-04-07 03:12:11.068022,25.27,75.27,24.85,5.78,0.28,832.31,100.0,0,normal
2027-04-26 13:12:11.095949,21.94,83.41,25.63,5.67,0.23,787.19,100.0,0,normal
2026-07-30 11:12:10.701230,21.49,75.73,24.97,6.17,1.18,770.92,100.0,0,normal
2027-03-04 04:12:11.015838,23.49,69.04,26.57,6.18,0.82,738.87,100.0,0,normal
2027-05-20 14:12:11.131511,21.18,71.71,24.54,6.3,0.25,779.69,100.0,0,normal
2026-12-31 14:12:10.926246,30.0,71.13,26.34,6.64,0.99,646.04,100.0,0,normal
2026-07-21 06:12:10.688538,21.76,66.59,24.29,6.6,1.02,722.29,100.0,0,normal
2026-12-25 18:12:10.916476,22.83,67.98,24.63,6.41,0.94,963.93,100.0,0,normal
2027-01-11 02:12:10.941166,22.4,76.72,24.72,6.16,0.43,673.69,100.0,0,normal
2026-07-31 16:12:10.702822,23.94,68.14,25.63,5.99,0.42,641.65,100.0,0,normal
2026-09-19 13:12:10.772064,22.16,79.95,23.57,6.15,1.24,556.12,40.0,0,normal
2026-07-26 15:12:10.696110,19.87,72.61,25.74,6.38,0.92,767.09,100.0,0,normal
2026-10-02 12:12:10.791099,19.16,77.79,24.69,6.06,0.69,450.98,40.0,0,normal
2026-11-21 14:12:10.866568,21.8,75.05,23.21,6.43,1.27,467.49,40.0,0,normal
2026-07-28 23:12:10.699241,23.25,77.09,25.02,5.7,0.09,821.91,100.0,0,normal
2027-03-29 07:12:11.053726,25.15,67.31,25.91,6.15,0.58,730.99,100.0,0,normal
2026-08-08 10:12:10.713296,25.14,69.02,25.74,6.19,1.05,554.83,40.0,0,normal
2027-05-24 11:12:11.137276,22.06,76.5,24.42,5.61,0.6,777.74,100.0,0,normal
2027-01-09 16:12:10.939285,18.03,77.34,25.93,6.24,0.75,683.04,100.0,0,normal
2026-06-26 09:12:10.654543,24.67,71.46,24.88,5.59,0.08,924.67,100.0,0,normal
2027-04-07 02:12:11.067969,28.51,75.12,25.41,6.53,0.93,512.04,40.0,0,normal
2026-06-29 00:12:11.205383,23.5,75.0,25.0,4.69,0.75,600.0,60.0,1,ph_acidic
2027-02-22 04:12:11.000521,24.54,68.84,23.0,6.16,0.55,705.66,100.0,0,normal
2026-09-18 22:12:10.771202,25.65,68.55,25.81,5.97,0.98,540.92,40.0,0,normal
2026-05-29 19:12:10.614253,29.12,84.71,24.96,6.22,0.76,187.48,40.0,0,normal
2026-10-26 12:12:10.826117,23.02,76.77,25.98,6.27,0.7,778.78,100.0,0,normal
2026-08-06 07:12:10.710334,20.15,72.21,23.03,6.03,0.85,892.76,100.0,0,normal
2027-04-28 03:12:11.098129,21.99,80.08,25.42,6.46,0.41,575.44,40.0,0,normal
2027-06-10 23:12:11.163956,26.29,72.03,26.75,6.2,0.37,242.92,40.0,0,normal
2027-06-11 04:12:11.164265,20.89,71.39,25.33,6.13,0.75,737.36,100.0,0,normal
2026-07-12 11:12:10.676188,22.87,75.26,25.33,5.82,0.49,372.84,40.0,0,normal
2027-01-25 18:12:10.960850,19.0,74.45,25.09,6.17,0.62,923.14,100.0,0,normal
2026-11-01 04:12:10.834210,17.0,72.99,26.22,6.67,0.62,809.1,100.0,0,normal
2026-06-09 15:12:10.630401,27.28,79.17,24.61,6.43,1.19,874.9,100.0,0,normal
2026-06-26 05:12:10.654309,26.29,73.53,26.38,6.27,0.58,568.38,40.0,0,normal
2027-01-17 11:12:10.949889,17.15,76.65,23.89,5.82,0.89,373.54,40.0,0,normal
2027-01-02 01:12:10.928445,22.1,69.18,24.42,6.8,0.66,249.57,40.0,0,normal
2026-08-31 17:12:10.745724,25.1,72.85,23.71,5.7,0.4,875.66,100.0,0,normal
2026-09-28 08:12:10.785229,23.98,81.04,23.84,6.07,1.08,627.78,100.0,0,normal
2027-05-14 15:12:11.121795,26.87,65.0,25.01,6.57,0.56,557.8,40.0,0,normal
2027-03-19 08:12:11.039035,22.42,78.67,24.4,6.09,0.71,589.54,40.0,0,normal
2027-01-12 09:12:10.942882,23.6,81.81,26.22,5.68,0.5,661.35,100.0,0,normal
2026-07-14 23:12:10.679508,22.48,80.19,23.11,6.5,0.4,371.25,40.0,0,normal
2027-03-18 14:12:11.037916,25.79,75.08,25.73,6.29,1.43,511.99,40.0,0,normal
2027-06-01 14:12:11.150096,23.05,80.5,24.54,5.87,0.63,737.55,100.0,0,normal
2026-12-19 04:12:10.907512,22.69,76.38,24.66,6.14,0.65,330.17,40.0,0,normal
2026-10-12 11:12:10.805950,26.67,77.26,24.86,6.26,1.07,513.25,40.0,0,normal
2027-05-09 01:12:11.113948,27.07,71.1,25.91,5.92,0.55,504.1,40.0,0,normal
2026-06-18 04:12:11.206929,32.98,75.0,16.35,6.15,3.26,600.0,22.61,1,combined_stress
2027-01-31 08:12:10.968314,23.84,76.6,25.71,5.77,0.6,620.97,100.0,0,normal
2026-06-23 09:12:10.650355,25.19,79.17,23.69,6.45,0.91,374.78,40.0,0,normal
2026-06-04 14:12:11.203594,23.5,75.0,28.01,6.15,0.75,600.0,50.0,1,overwater
2026-08-19 18:12:10.728842,25.13,71.28,24.67,6.32,0.19,603.4,100.0,0,normal
2026-12-13 01:12:10.898336,22.81,73.57,25.7,5.63,0.86,495.16,40.0,0,normal
2026-12-31 07:12:10.925849,20.12,85.0,24.42,6.31,0.77,537.56,40.0,0,normal
2027-06-21 10:12:11.181245,27.42,78.3,24.07,5.81,0.93,972.41,100.0,0,normal
2027-01-14 07:12:10.945391,20.23,72.4,26.12,6.03,0.19,182.72,40.0,0,normal
2027-06-16 07:12:11.172372,29.81,79.46,24.98,6.18,1.21,515.14,40.0,0,normal
2027-05-08 06:12:11.112834,26.88,73.9,24.26,5.73,0.82,981.89,100.0,0,normal
2026-10-01 16:12:10.789852,26.26,84.01,25.19,5.88,0.79,479.9,40.0,0,normal
2027-02-28 22:12:11.010846,26.63,65.0,24.06,6.61,0.8,881.64,100.0,0,normal
2026-10-02 08:12:10.790855,26.08,76.23,25.25,5.96,1.19,830.23,100.0,0,normal
2027-03-10 16:12:11.026257,19.5,78.49,24.04,5.98,0.81,518.48,40.0,0,normal
2026-07-14 18:12:10.679236,23.1,67.36,24.96,6.23,1.0,269.6,40.0,0,normal
2026-11-28 22:12:10.877296,21.26,72.63,24.15,6.35,0.72,764.74,100.0,0,normal
2027-06-11 03:12:11.164173,25.12,71.59,25.44,6.19,0.43,731.75,100.0,0,normal
2026-05-28 17:12:11.202058,10.12,75.0,25.0,6.15,0.75,600.0,60.0,1,low_temp
2027-03-15 19:12:11.033917,19.93,76.29,24.92,6.39,0.87,689.67,100.0,0,normal
2027-02-28 06:12:11.009780,26.11,68.32,25.53,5.82,0.57,341.71,40.0,0,normal
2026-11-09 03:12:10.846088,20.29,67.65,23.58,6.52,0.87,482.33,40.0,0,normal
2026-11-09 23:12:10.847589,20.64,72.13,26.61,6.23,0.47,621.73,100.0,0,normal
2027-04-29 02:12:11.099399,20.48,83.22,26.31,6.19,0.24,604.95,100.0,0,normal
2026-11-03 07:12:10.837287,30.0,71.39,25.33,6.25,0.76,451.47,40.0,0,normal
2026-08-08 08:12:10.713188,24.46,70.38,23.0,6.12,0.77,478.16,40.0,0,normal
2027-05-10 22:12:11.116686,21.03,80.33,25.31,6.23,1.15,285.98,40.0,0,normal
2027-06-13 09:12:11.167678,23.2,77.57,24.97,5.88,0.8,720.03,100.0,0,normal
2026-12-22 10:12:10.912015,25.97,76.76,25.83,6.03,0.71,549.1,40.0,0,normal
2026-10-18 12:12:10.814966,25.59,70.6,26.8,6.62,0.6,333.2,40.0,0,normal
2027-03-25 02:12:11.047728,23.63,72.85,25.37,5.66,1.04,540.0,40.0,0,normal
2026-10-30 02:12:10.831251,24.31,71.5,26.1,6.34,0.84,707.51,100.0,0,normal
2027-04-14 17:12:11.078908,27.71,73.35,23.74,6.59,0.62,825.35,100.0,0,normal
2026-11-10 04:12:10.847880,26.54,83.7,24.98,6.59,0.89,618.12,100.0,0,normal
2026-07-04 05:12:10.664967,21.61,70.25,26.75,6.32,0.81,554.59,40.0,0,normal
2026-06-17 13:12:10.642473,17.75,70.66,26.63,6.2,0.51,584.62,40.0,0,normal
2027-01-06 12:12:10.934752,24.19,70.71,24.88,6.23,1.06,295.18,40.0,0,normal
2026-11-10 07:12:10.848049,20.86,65.0,25.02,5.92,1.44,591.22,40.0,0,normal
2026-12-30 09:12:10.924348,19.65,84.48,23.04,6.46,0.99,734.17,100.0,0,normal
2026-07-06 04:12:10.667582,17.9,76.27,26.06,6.59,1.13,554.74,40.0,0,normal
2026-06-26 22:12:10.655252,21.45,67.81,23.97,6.17,0.55,512.59,40.0,0,normal
2026-06-28 16:12:10.657616,22.22,78.91,23.5,6.29,0.42,404.56,40.0,0,normal
2026-05-30 00:12:10.614532,28.21,79.44,23.3,6.44,0.71,870.11,100.0,0,normal
2026-05-26 14:12:10.608015,20.58,75.8,24.04,5.78,1.1,550.58,40.0,0,normal
2026-11-23 16:12:10.869652,19.18,75.34,25.55,6.01,0.79,422.41,40.0,0,normal
2026-08-10 23:12:10.716657,27.88,76.17,25.67,6.59,1.0,636.97,100.0,0,normal
2027-05-25 19:12:11.139284,20.04,75.52,26.02,5.83,0.98,307.31,40.0,0,normal
2026-11-18 12:12:10.861910,25.9,71.54,23.73,6.22,0.99,859.94,100.0,0,normal
2027-05-12 19:12:11.119228,26.9,76.43,25.11,6.57,0.95,140.82,40.0,0,normal
2026-08-15 01:12:10.722501,23.91,75.74,25.62,6.22,0.79,728.79,100.0,0,normal
2027-03-23 09:12:11.045439,18.34,73.24,24.97,6.46,1.3,336.59,40.0,0,normal
2027-03-03 10:12:11.014714,22.29,72.12,25.21,6.35,1.08,1003.29,100.0,0,normal
2027-05-29 09:12:11.145133,24.69,72.26,23.7,6.68,0.82,461.73,40.0,0,normal
2026-12-02 04:12:10.882151,22.97,71.61,25.34,5.99,0.5,693.51,100.0,0,normal
2027-02-13 02:12:10.987380,17.95,76.03,24.45,6.47,0.41,153.94,40.0,0,normal
2026-09-14 16:12:10.765403,25.26,82.61,25.44,6.34,0.82,643.09,100.0,0,normal
2026-11-10 18:12:10.848683,24.96,77.39,23.44,6.21,1.1,610.39,100.0,0,normal
2026-08-26 20:12:10.739314,19.67,68.84,26.43,5.98,0.63,560.23,40.0,0,normal
2026-06-22 19:12:10.649558,24.67,68.56,26.34,6.32,1.0,899.82,100.0,0,normal
2026-09-08 02:12:10.755474,23.84,74.75,27.0,6.78,0.39,648.87,100.0,0,normal
2026-08-30 12:12:10.744124,19.52,76.12,25.63,5.86,0.31,707.75,100.0,0,normal
2026-07-06 15:12:10.668178,24.36,69.14,26.1,6.68,0.14,608.39,100.0,0,normal
2027-03-26 07:12:11.049422,21.59,79.35,23.0,6.15,0.68,765.26,100.0,0,normal
2027-04-22 22:12:11.090764,24.39,76.05,25.06,6.1,0.66,670.4,100.0,0,normal
2027-02-15 06:12:10.990558,26.31,67.54,24.11,5.82,0.77,503.53,40.0,0,normal
2026-09-29 16:12:10.787076,22.97,75.54,24.9,6.26,0.43,858.75,100.0,0,normal
2027-01-13 21:12:10.944853,19.85,70.04,25.05,5.82,0.8,390.46,40.0,0,normal
2026-12-18 01:12:10.905782,21.36,80.42,23.77,6.02,1.09,372.44,40.0,0,normal
2026-10-27 14:12:10.827570,22.19,71.72,25.21,5.88,0.51,725.5,100.0,0,normal
2026-06-27 21:12:10.656558,18.35,74.21,24.19,6.49,0.46,427.13,40.0,0,normal
2026-09-09 15:12:10.757505,26.3,77.54,24.36,5.94,0.63,437.34,40.0,0,normal
2026-12-29 05:12:10.922689,26.25,76.08,24.41,5.77,0.86,479.6,40.0,0,normal
2027-05-24 13:12:11.137413,23.23,78.56,24.22,5.97,0.92,234.52,40.0,0,normal
2027-04-17 13:12:11.083044,23.37,74.04,23.92,6.07,0.84,626.37,100.0,0,normal
2027-02-26 20:12:11.007579,26.4,68.01,25.61,6.29,0.9,770.79,100.0,0,normal
2027-04-04 16:12:11.064288,26.55,76.08,25.36,6.37,0.58,380.07,40.0,0,normal
2026-06-07 06:12:11.201082,33.64,49.89,25.0,6.15,0.75,600.0,42.0,1,high_temp
2026-05-22 16:12:11.201868,9.8,75.0,25.0,6.15,0.75,600.0,60.0,1,low_temp
2026-06-07 07:12:11.203238,23.5,75.0,15.2,6.15,3.11,600.0,38.76,1,drought
2026-08-21 19:12:10.731785,21.6,78.76,25.24,6.13,0.73,328.76,40.0,0,normal
2027-01-31 10:12:10.968435,21.88,80.45,25.57,6.15,0.0,411.81,40.0,0,normal
2026-05-31 19:12:11.205471,23.5,75.0,25.0,5.09,0.75,600.0,60.0,1,ph_acidic
2026-07-13 15:12:10.677734,23.15,70.53,23.39,5.93,0.96,821.47,100.0,0,normal
2026-12-30 13:12:10.924806,19.57,77.69,25.16,6.09,1.3,1061.59,100.0,0,normal
2026-07-01 16:12:10.661590,24.34,72.94,23.5,6.12,0.64,656.33,100.0,0,normal
2027-01-19 22:12:10.953117,24.48,80.05,26.52,5.98,0.83,400.42,40.0,0,normal
2026-12-13 06:12:10.898641,20.46,68.01,24.72,6.27,1.05,807.26,100.0,0,normal
2026-06-30 06:12:10.659713,23.7,78.9,25.1,6.02,0.87,496.76,40.0,0,normal
2026-12-04 20:12:10.886314,28.58,74.53,24.63,5.86,0.96,832.6,100.0,0,normal
2026-08-29 12:12:10.742813,23.48,83.97,25.75,6.47,0.41,255.97,40.0,0,normal
2026-06-20 20:12:11.203719,23.5,75.0,33.16,6.15,0.75,600.0,0.0,1,overwater
2026-12-17 06:12:10.904635,23.42,74.19,25.35,5.99,1.35,605.88,100.0,0,normal
2026-11-21 00:12:10.865649,24.72,78.59,24.83,6.05,1.25,275.78,40.0,0,normal
2026-12-22 13:12:10.912177,24.58,76.6,27.0,6.31,0.35,857.97,100.0,0,normal
2026-10-03 06:12:10.792080,19.5,65.81,25.57,5.95,0.86,460.77,40.0,0,normal
2026-10-30 19:12:10.832207,25.66,83.05,24.28,5.5,0.44,515.04,40.0,0,normal
2026-06-14 04:12:11.201787,11.09,75.0,25.0,6.15,0.75,600.0,60.0,1,low_temp
2027-02-21 23:12:11.000253,27.84,72.05,23.93,6.18,1.5,535.48,40.0,0,normal
2027-01-23 13:12:10.957931,24.54,75.89,25.37,6.1,0.81,350.73,40.0,0,normal
2026-09-15 06:12:10.766226,21.45,75.55,24.28,5.82,0.92,787.23,100.0,0,normal
2026-06-30 09:12:10.659874,22.98,65.0,26.83,6.03,0.88,645.38,100.0,0,normal
2026-06-26 19:12:11.201556,37.94,46.79,25.0,6.15,0.75,600.0,0.0,1,high_temp
2026-08-07 10:12:10.711833,21.88,75.23,24.01,5.93,0.8,503.26,40.0,0,normal
2027-06-01 00:12:11.149285,24.13,85.0,25.64,6.28,1.09,627.21,100.0,0,normal
2026-11-09 05:12:10.846204,27.83,78.22,26.96,6.11,0.72,599.13,40.0,0,normal
2027-05-11 15:12:11.117645,22.55,80.61,27.0,6.48,0.87,850.06,100.0,0,normal
2026-10-04 16:12:10.794347,19.71,81.88,26.06,6.42,0.4,374.86,40.0,0,normal
2026-09-11 03:12:10.760063,23.59,78.62,24.73,6.14,0.99,302.0,40.0,0,normal
2027-03-24 11:12:11.046901,19.89,71.13,25.28,5.86,0.73,253.87,40.0,0,normal
2027-04-18 07:12:11.084194,24.59,74.71,25.1,6.17,0.71,436.33,40.0,0,normal
2026-07-16 00:12:10.680889,22.78,69.25,24.59,6.2,0.49,887.25,100.0,0,normal
2027-03-08 19:12:11.023443,23.98,81.24,25.8,6.02,0.56,534.64,40.0,0,normal
2026-06-13 12:12:11.205441,23.5,75.0,25.0,4.03,0.75,600.0,0.0,1,ph_acidic
2026-12-23 03:12:10.912963,24.72,75.42,24.15,5.68,0.48,630.54,100.0,0,normal
2027-05-29 11:12:11.145244,22.54,76.15,25.86,6.17,1.15,365.23,40.0,0,normal
2027-02-28 23:12:11.010901,26.09,83.77,24.89,5.96,0.55,387.38,40.0,0,normal
2027-01-25 05:12:10.960137,26.21,72.7,25.46,6.17,0.52,471.58,40.0,0,normal
2027-05-09 19:12:11.114947,21.01,72.27,26.33,6.06,0.41,179.61,40.0,0,normal
2026-10-13 20:12:10.807965,19.01,82.18,26.29,5.66,0.54,905.33,100.0,0,normal
2026-10-15 02:12:10.809908,24.56,81.59,23.94,6.21,0.74,109.28,40.0,0,normal
2026-12-05 22:12:10.887779,23.76,77.54,25.59,6.18,0.57,515.13,40.0,0,normal
2026-09-02 06:12:10.747762,26.13,72.97,26.54,6.13,0.7,653.44,100.0,0,normal
2027-01-05 13:12:10.933421,24.09,77.02,26.25,5.83,0.63,768.85,100.0,0,normal
2027-02-21 14:12:10.999732,19.69,85.0,25.09,6.25,1.15,686.57,100.0,0,normal
2027-03-23 23:12:11.046225,17.87,70.62,25.31,6.3,0.65,639.07,100.0,0,normal
2027-04-03 00:12:11.061806,23.53,72.22,23.6,6.14,1.19,636.75,100.0,0,normal
2027-05-06 01:12:11.109425,22.91,85.0,23.48,6.03,0.35,394.76,40.0,0,normal
2026-06-09 07:12:11.205276,23.5,75.0,25.0,4.7,0.75,600.0,60.0,1,ph_acidic
2027-02-27 11:12:11.008585,21.99,85.0,27.0,5.99,0.75,458.21,40.0,0,normal
2026-08-08 03:12:10.712844,26.45,70.32,24.76,6.51,0.45,575.59,40.0,0,normal
2027-05-11 18:12:11.117811,20.9,69.62,25.25,5.51,0.34,437.32,40.0,0,normal
2026-12-27 13:12:10.919781,22.71,73.57,23.79,6.23,0.7,565.29,40.0,0,normal
2026-12-20 09:12:10.909191,22.55,83.76,24.61,6.33,0.12,573.49,40.0,0,normal
2026-09-20 01:12:10.772847,28.69,65.0,26.72,5.94,0.84,440.07,40.0,0,normal
2026-06-14 19:12:10.638341,23.49,76.51,26.33,6.3,0.53,643.2,100.0,0,normal
2026-07-21 09:12:10.688705,25.57,82.75,23.9,6.5,0.78,146.65,40.0,0,normal
2027-04-25 21:12:11.094917,25.41,74.64,26.62,6.06,0.33,1038.66,100.0,0,normal
2027-02-06 01:12:10.976735,23.25,72.05,23.53,6.31,0.48,418.13,40.0,0,normal
2027-05-24 22:12:11.137919,17.0,65.0,25.08,6.36,0.0,569.08,40.0,0,normal
2027-03-02 05:12:11.012686,25.01,76.23,25.66,6.29,0.83,414.22,40.0,0,normal
2027-03-24 09:12:11.046793,25.21,81.12,24.13,5.9,0.59,697.06,100.0,0,normal
2026-10-03 11:12:10.792353,25.25,76.73,24.02,6.3,0.88,795.06,100.0,0,normal
2026-06-22 00:12:11.203886,23.5,75.0,28.2,6.15,0.75,600.0,50.0,1,overwater
2026-11-03 19:12:10.837979,24.32,79.03,24.36,6.13,0.58,376.82,40.0,0,normal
2026-11-20 16:12:10.865147,20.53,82.28,25.32,5.76,0.48,720.11,100.0,0,normal
2027-04-05 16:12:11.065869,25.01,77.32,25.0,6.01,0.95,353.83,40.0,0,normal
2026-10-16 12:12:10.811987,21.57,82.96,24.87,6.01,0.91,676.88,100.0,0,normal
2027-01-13 17:12:10.944626,19.4,74.11,24.93,6.46,0.65,520.88,40.0,0,normal
2026-09-16 20:12:10.768330,24.53,78.12,24.63,5.56,0.73,669.58,100.0,0,normal
2027-06-08 22:12:11.161234,17.86,74.21,23.68,6.08,1.01,928.15,100.0,0,normal
2026-12-16 05:12:10.903080,22.29,78.62,25.75,6.46,1.1,510.84,40.0,0,normal
2026-07-16 19:12:10.681937,23.44,77.3,25.53,5.83,0.93,678.37,100.0,0,normal
2026-10-04 23:12:10.794845,24.93,71.02,24.03,5.92,0.35,576.62,40.0,0,normal
2027-02-12 01:12:10.985805,24.29,65.0,24.7,6.08,0.48,491.19,40.0,0,normal
2027-01-27 06:12:10.962835,20.26,71.11,25.02,5.87,0.82,1043.3,100.0,0,normal
2026-06-18 03:12:10.643277,19.27,70.83,25.14,6.28,0.5,432.33,40.0,0,normal
2026-09-19 23:12:10.772740,23.51,74.29,24.79,5.77,0.68,520.74,40.0,0,normal
2026-08-24 03:12:10.734888,19.4,66.91,24.89,5.78,0.81,785.22,100.0,0,normal
2027-03-26 08:12:11.049475,26.04,80.23,25.46,5.89,0.95,722.18,100.0,0,normal
2026-10-15 18:12:10.810960,19.92,77.74,25.16,6.24,1.42,848.52,100.0,0,normal
2026-09-12 19:12:10.762346,25.39,75.79,23.81,6.13,0.96,535.45,40.0,0,normal
2027-03-13 13:12:11.030612,26.93,67.31,23.97,6.27,0.7,737.22,100.0,0,normal
2026-11-24 15:12:10.871001,30.0,74.87,24.71,6.6,0.6,494.64,40.0,0,normal
2026-07-27 13:12:10.697338,17.0,82.54,26.97,6.32,0.19,275.52,40.0,0,normal
2027-03-12 08:12:11.028897,28.28,69.12,26.78,5.79,0.79,841.49,100.0,0,normal
2026-09-06 17:12:10.753660,26.34,71.08,24.34,5.72,0.47,580.88,40.0,0,normal
2027-04-13 03:12:11.076637,25.96,76.2,24.01,5.58,1.35,447.12,40.0,0,normal
2026-10-02 05:12:10.790692,26.25,77.63,26.14,6.44,0.35,458.57,40.0,0,normal
2027-01-28 22:12:10.965042,21.86,77.62,23.79,6.8,1.14,778.89,100.0,0,normal
2027-05-25 16:12:11.139103,26.19,68.18,24.03,5.66,0.75,467.0,40.0,0,normal
2027-03-12 00:12:11.028326,25.94,66.11,24.53,6.37,1.13,740.89,100.0,0,normal
2026-07-13 11:12:10.677519,22.36,65.68,23.0,6.46,0.69,598.07,40.0,0,normal
2027-06-20 09:12:11.179860,22.65,70.86,25.63,5.89,0.78,644.17,100.0,0,normal
2026-07-02 08:12:10.662477,23.33,78.88,25.49,6.19,0.96,894.49,100.0,0,normal
2026-10-15 01:12:10.809854,21.71,76.98,24.63,6.28,0.59,516.45,40.0,0,normal
2026-05-26 18:12:10.608229,19.53,70.96,23.18,6.28,0.16,431.59,40.0,0,normal
2026-06-29 08:12:10.658499,22.41,74.99,25.43,6.62,0.7,793.28,100.0,0,normal
2026-09-03 14:12:10.749532,22.02,80.9,25.79,6.05,1.26,621.45,100.0,0,normal
2027-06-17 18:12:11.175525,28.2,75.84,25.48,5.98,1.1,312.41,40.0,0,normal
2026-05-28 22:12:10.612380,20.78,77.84,26.36,6.44,0.57,498.23,40.0,0,normal
2026-12-27 06:12:10.919312,19.28,78.29,25.92,6.13,0.78,420.25,40.0,0,normal
2026-11-29 20:12:10.878549,22.94,81.49,25.42,6.41,1.21,798.9,100.0,0,normal
2026-06-30 14:12:10.660143,22.71,68.8,24.87,6.37,0.15,615.85,100.0,0,normal
2026-11-29 11:12:10.878050,18.92,85.0,26.79,6.07,0.82,625.59,100.0,0,normal
2027-02-01 10:12:10.969751,25.79,74.6,24.45,5.93,0.83,491.21,40.0,0,normal
2026-10-26 03:12:10.825632,19.14,78.4,26.2,5.93,0.46,625.27,100.0,0,normal
2026-09-03 11:12:10.749372,21.74,71.89,23.04,6.05,0.69,921.97,100.0,0,normal
2026-12-20 20:12:10.909869,26.09,76.4,24.74,6.15,0.46,423.47,40.0,0,normal
2026-09-17 19:12:10.769582,26.46,76.03,25.13,5.95,0.8,567.37,40.0,0,normal
2027-02-16 04:12:10.991783,21.33,72.52,25.15,6.15,1.07,804.56,100.0,0,normal
2026-12-31 09:12:10.925959,24.93,78.74,24.92,6.5,0.57,535.46,40.0,0,normal
2027-03-28 00:12:11.051970,26.04,74.62,23.13,6.33,0.55,901.22,100.0,0,normal
2026-11-23 07:12:10.869123,29.71,75.22,24.02,6.2,0.62,373.73,40.0,0,normal
2026-11-23 21:12:10.869941,23.37,76.65,23.73,5.86,0.89,552.95,40.0,0,normal
2027-03-01 12:12:11.011658,22.97,77.99,25.25,5.5,0.23,568.44,40.0,0,normal
2026-09-03 10:12:10.749319,24.99,72.02,25.03,6.13,0.71,961.94,100.0,0,normal
2026-07-07 11:12:10.669399,25.73,66.74,25.03,6.43,0.21,697.19,100.0,0,normal
2027-05-06 19:12:11.110734,23.07,72.58,24.7,6.07,0.73,765.07,100.0,0,normal
2026-06-03 11:12:10.621079,22.83,82.14,25.73,6.56,0.45,359.79,40.0,0,normal
2026-07-30 20:12:10.701715,19.67,80.72,25.42,6.65,0.3,376.99,40.0,0,normal
2026-10-08 12:12:10.799786,20.02,67.06,24.96,5.92,0.43,621.58,100.0,0,normal
2026-09-13 00:12:10.762617,29.33,65.92,25.14,6.3,1.01,848.35,100.0,0,normal
2027-04-12 17:12:11.076097,18.74,75.11,24.57,6.43,1.1,775.67,100.0,0,normal
2026-12-15 21:12:10.902598,22.79,80.9,24.25,6.29,0.71,546.03,40.0,0,normal
2027-05-31 18:12:11.148945,24.05,65.0,23.48,6.14,0.58,689.46,100.0,0,normal
2027-01-19 08:12:10.952348,21.42,79.03,24.43,5.87,0.92,556.16,40.0,0,normal
2026-11-18 06:12:10.861327,20.5,79.78,24.5,6.37,1.39,344.46,40.0,0,normal
2026-06-07 17:12:11.201949,10.49,75.0,25.0,6.15,0.75,600.0,60.0,1,low_temp
2027-01-23 08:12:10.957661,21.62,78.86,23.05,6.6,0.69,510.12,40.0,0,normal
2026-11-27 15:12:10.875293,21.03,68.74,24.97,5.87,1.13,572.89,40.0,0,normal
2027-01-05 00:12:10.932553,21.02,79.4,23.46,6.0,0.72,874.58,100.0,0,normal
2027-04-13 21:12:11.077793,30.0,76.47,25.64,5.5,0.89,398.76,40.0,0,normal
2026-08-17 16:12:10.726076,30.0,78.28,24.75,6.28,0.77,513.78,40.0,0,normal
2027-06-10 19:12:11.163721,20.86,78.51,23.93,6.28,0.74,555.67,40.0,0,normal
2027-02-27 15:12:11.008938,23.14,81.52,26.25,6.6,0.86,404.79,40.0,0,normal
2027-03-28 11:12:11.052558,21.03,69.9,25.34,5.68,0.8,376.9,40.0,0,normal
2026-08-06 14:12:10.710710,28.26,73.74,26.44,6.2,0.22,510.0,40.0,0,normal
2027-04-16 04:12:11.081042,19.19,79.48,24.76,6.03,1.34,615.16,100.0,0,normal
2027-05-03 12:12:11.105895,26.12,73.34,25.39,6.25,0.66,747.18,100.0,0,normal
2027-04-27 11:12:11.097198,19.74,71.56,24.98,6.31,0.93,351.42,40.0,0,normal
2026-06-16 08:12:10.640825,20.14,77.08,24.57,6.18,0.77,270.58,40.0,0,normal
2027-01-28 09:12:10.964316,25.45,82.65,24.78,6.08,0.31,654.85,100.0,0,normal
2026-07-06 14:12:10.668124,18.58,77.96,25.04,6.5,0.41,629.63,100.0,0,normal
2027-01-02 22:12:10.929678,20.74,81.78,26.2,5.5,0.68,768.25,100.0,0,normal
2027-02-09 14:12:10.982262,24.08,76.06,25.5,5.9,0.44,685.42,100.0,0,normal
2027-05-30 10:12:11.146967,18.74,73.03,24.55,5.93,1.13,724.4,100.0,0,normal
2026-11-25 00:12:10.871538,20.28,71.37,25.55,5.66,0.58,797.69,100.0,0,normal
2026-05-28 17:12:10.612112,20.48,76.87,25.25,6.69,0.48,524.33,40.0,0,normal
2026-05-30 12:12:10.615372,30.0,76.61,27.0,6.14,0.92,430.34,40.0,0,normal
2027-03-11 06:12:11.027324,27.24,75.18,26.39,6.2,0.61,380.37,40.0,0,normal
2027-04-04 07:12:11.063804,20.13,73.82,24.36,6.03,0.67,680.16,100.0,0,normal
2026-12-13 14:12:10.899097,25.3,80.92,25.2,6.28,0.59,510.89,40.0,0,normal
2026-09-21 07:12:10.774673,20.24,77.3,25.71,6.39,1.37,465.68,40.0,0,normal
2027-03-23 00:12:11.044949,25.04,70.17,24.79,6.51,0.87,722.21,100.0,0,normal
2026-08-31 12:12:10.745458,25.7,73.34,25.89,6.29,0.4,759.53,100.0,0,normal
2026-07-12 07:12:10.675953,20.04,72.14,24.26,6.38,0.91,782.12,100.0,0,normal
2027-05-18 09:12:11.127583,19.38,81.65,24.67,5.85,0.69,928.45,100.0,0,normal
2026-09-25 23:12:10.781851,25.5,70.35,25.82,6.14,1.1,716.67,100.0,0,normal
2026-07-02 11:12:11.202617,23.5,75.0,16.1,6.15,3.34,600.0,37.13,1,drought
2027-01-31 09:12:10.968367,26.24,69.64,24.82,6.04,0.7,968.91,100.0,0,normal
2027-04-06 08:12:11.066761,23.27,66.06,25.86,6.51,1.36,607.18,100.0,0,normal
2027-02-12 22:12:10.987162,19.65,79.07,24.05,6.44,0.18,695.86,100.0,0,normal
2026-11-15 04:12:10.856086,28.62,75.7,23.82,5.99,1.21,747.36,100.0,0,normal
2027-02-06 22:12:10.977913,23.74,68.8,25.61,6.18,0.93,722.88,100.0,0,normal
2026-10-06 06:12:10.796782,26.8,75.22,26.51,6.29,0.64,474.92,40.0,0,normal
2026-11-06 03:12:10.841230,26.59,70.3,25.19,5.95,0.14,276.09,40.0,0,normal
2027-04-24 22:12:11.093657,25.3,66.91,24.32,5.88,0.44,765.93,100.0,0,normal
2026-11-16 19:12:10.859099,21.72,75.01,23.0,6.37,0.78,436.84,40.0,0,normal
2026-11-18 15:12:10.862106,27.53,67.04,26.38,6.68,0.69,540.8,40.0,0,normal
2027-05-13 20:12:11.120629,19.37,67.04,26.69,6.45,1.23,515.76,40.0,0,normal
2026-10-30 14:12:10.831925,19.22,72.66,25.65,5.99,0.65,388.29,40.0,0,normal
2027-01-03 03:12:10.929967,21.76,67.1,25.32,6.0,0.59,698.98,100.0,0,normal
2026-12-06 02:12:10.887996,24.05,71.73,27.0,6.36,1.14,408.27,40.0,0,normal
2026-12-11 15:12:10.896323,27.14,85.0,25.64,6.27,0.98,499.08,40.0,0,normal
2026-06-26 18:12:10.655035,24.41,83.87,24.79,5.77,0.73,458.07,40.0,0,normal
2026-06-30 23:12:11.202493,23.5,75.0,17.26,6.15,2.7,600.0,41.59,1,drought
2027-05-05 21:12:11.109206,18.73,78.93,25.87,6.43,0.84,736.05,100.0,0,normal
2026-09-05 18:12:10.752404,22.83,78.87,24.08,5.6,0.08,958.07,100.0,0,normal
2026-10-27 10:12:10.827338,23.25,74.11,25.17,6.04,0.97,1095.93,100.0,0,normal
2026-09-09 01:12:10.756736,21.65,75.38,23.8,6.24,1.46,512.73,40.0,0,normal
2027-01-10 03:12:10.939892,24.33,79.68,25.22,6.4,0.07,729.37,100.0,0,normal
2026-11-25 03:12:10.871709,29.9,79.72,25.54,5.57,0.63,751.66,100.0,0,normal
2026-08-27 20:12:10.740627,18.01,79.24,24.37,5.88,0.74,749.94,100.0,0,normal
2026-06-18 02:12:10.643180,22.59,76.93,23.53,5.91,0.75,614.02,100.0,0,normal
2026-09-14 22:12:10.765724,27.76,66.05,24.4,5.5,0.66,767.78,100.0,0,normal
2027-01-12 11:12:10.942990,19.25,80.62,26.57,6.09,0.9,548.77,40.0,0,normal
2027-05-12 21:12:11.119341,20.54,73.5,26.41,6.35,0.68,804.37,100.0,0,normal
2027-05-18 11:12:11.127747,22.26,71.45,23.84,6.47,0.76,754.73,100.0,0,normal
2027-01-16 01:12:10.948013,27.65,73.06,24.83,5.91,1.04,703.63,100.0,0,normal
2026-06-16 16:12:10.641269,26.1,80.54,23.36,5.87,1.2,500.08,40.0,0,normal
2026-06-25 06:12:11.203938,23.5,75.0,29.94,6.15,0.75,600.0,50.0,1,overwater
2026-09-06 08:12:10.753159,20.4,70.35,23.92,6.8,0.64,585.76,40.0,0,normal
2026-05-24 06:12:10.603891,21.1,78.09,23.7,6.52,0.24,602.15,100.0,0,normal
2026-10-08 05:12:10.799410,20.42,74.7,24.17,6.49,0.89,683.69,100.0,0,normal
2027-03-11 03:12:11.027133,26.11,75.76,23.66,5.86,0.91,875.89,100.0,0,normal
2026-08-01 02:12:10.703384,24.25,66.77,24.33,6.07,1.08,923.91,100.0,0,normal
2027-06-03 10:12:11.152674,18.62,80.98,23.56,5.98,1.05,598.91,40.0,0,normal
2027-01-04 14:12:10.931988,19.83,77.19,24.26,6.36,0.96,429.71,40.0,0,normal
2026-07-23 06:12:10.691336,22.69,70.02,26.57,6.57,0.65,339.83,40.0,0,normal
2026-06-09 07:12:11.206270,23.5,75.0,25.0,6.15,0.75,14.89,0.0,1,low_light
2027-01-25 16:12:10.960743,24.41,80.75,24.43,6.14,1.12,782.29,100.0,0,normal
2026-06-24 12:12:10.651949,25.89,81.84,25.89,6.37,0.51,605.64,100.0,0,normal
2026-12-14 10:12:10.900366,24.91,75.8,25.96,6.38,0.95,592.73,40.0,0,normal
2027-03-06 19:12:11.020227,21.8,70.54,26.44,6.22,0.95,563.7,40.0,0,normal
2027-05-25 03:12:11.138223,24.68,79.96,25.21,6.05,1.07,800.2,100.0,0,normal
2026-07-02 07:12:10.662405,29.57,72.29,24.51,6.36,1.07,619.65,100.0,0,normal
2026-09-14 15:12:10.765347,20.43,74.2,26.29,6.24,0.95,857.92,100.0,0,normal
2027-03-29 04:12:11.053565,25.17,67.91,25.1,6.66,1.29,417.39,40.0,0,normal
2027-02-13 10:12:10.987824,20.3,73.86,25.07,5.92,0.5,647.84,100.0,0,normal
2026-10-15 10:12:10.810355,26.24,74.37,23.31,6.35,1.14,477.56,40.0,0,normal
2027-03-02 14:12:11.013270,24.64,79.25,24.65,6.31,1.03,768.46,100.0,0,normal
2027-05-06 22:12:11.110902,24.26,78.78,24.63,6.52,0.43,844.8,100.0,0,normal
2026-05-31 04:12:10.616299,24.44,80.91,24.9,6.1,0.64,748.52,100.0,0,normal
2027-06-19 17:12:11.178944,26.32,77.72,25.13,5.58,0.51,567.43,40.0,0,normal
2026-07-14 17:12:10.679182,21.33,72.22,25.12,6.16,1.04,527.86,40.0,0,normal
2026-09-30 20:12:10.788738,26.46,75.67,25.99,6.13,0.42,609.05,100.0,0,normal
2026-12-02 23:12:10.883382,23.96,69.22,24.56,6.26,0.07,627.66,100.0,0,normal
2026-09-08 03:12:10.755529,27.77,70.44,24.05,6.36,0.83,732.42,100.0,0,normal
2026-10-19 13:12:10.816436,23.61,67.9,26.2,5.98,0.99,550.35,40.0,0,normal
2026-05-23 20:12:10.603249,26.38,78.34,25.12,6.61,1.06,440.07,40.0,0,normal
2027-04-13 16:12:11.077521,25.75,72.39,23.51,6.18,0.74,906.33,100.0,0,normal
2027-06-13 13:12:11.167893,24.47,84.45,23.1,5.87,0.52,320.67,40.0,0,normal
2026-10-27 01:12:10.826847,23.17,78.48,24.6,5.85,0.7,706.2,100.0,0,normal
2026-10-17 20:12:10.813939,23.57,75.18,24.5,6.08,1.0,679.49,100.0,0,normal
2026-06-20 10:12:11.206507,33.04,75.0,16.4,6.15,2.45,600.0,25.99,1,combined_stress
2026-07-23 16:12:10.691987,20.53,76.2,25.49,5.89,0.87,665.1,100.0,0,normal
2027-01-08 11:12:10.937624,22.93,74.65,25.67,6.36,0.9,981.65,100.0,0,normal
2026-06-22 15:12:11.204946,23.5,75.0,25.0,6.15,4.65,600.0,55.95,1,high_salinity
2026-10-12 08:12:10.805780,24.75,71.19,23.57,5.82,0.8,337.54,40.0,0,normal
2026-08-08 21:12:10.713907,24.85,72.83,25.28,5.96,0.84,690.12,100.0,0,normal
2027-06-14 09:12:11.169030,20.81,74.69,25.64,6.5,0.5,587.44,40.0,0,normal
2026-12-27 00:12:10.918965,24.61,70.53,24.65,6.8,1.31,694.14,100.0,0,normal
2026-08-11 12:12:10.717385,23.97,77.66,26.48,6.1,0.66,622.04,100.0,0,normal
2026-12-23 08:12:10.913230,22.8,72.61,23.75,5.82,0.64,480.46,40.0,0,normal
2026-12-08 15:12:10.891913,19.97,73.86,23.52,6.28,0.51,609.72,100.0,0,normal
2027-06-18 16:12:11.177274,29.17,71.91,26.1,5.53,0.93,462.23,40.0,0,normal
2026-07-23 18:12:10.692125,22.9,67.99,23.61,5.83,0.74,94.31,40.0,0,normal
2026-06-18 23:12:10.644391,25.24,79.24,24.37,6.33,0.42,483.83,40.0,0,normal
2027-05-28 01:12:11.143199,23.87,73.15,24.96,6.49,0.51,1040.38,100.0,0,normal
2027-05-01 20:12:11.103367,23.27,85.0,25.75,6.64,0.18,512.83,40.0,0,normal
2026-06-28 10:12:10.657272,26.33,82.24,25.44,6.59,0.75,438.64,40.0,0,normal
2027-02-03 09:12:10.972892,22.25,78.38,25.02,6.44,1.25,525.38,40.0,0,normal
2026-09-10 03:12:10.758159,20.58,65.16,25.44,5.59,0.41,683.82,100.0,0,normal
2026-10-02 02:12:10.790423,24.68,71.11,24.69,6.31,0.85,530.43,40.0,0,normal
2026-09-19 11:12:10.771956,27.05,70.14,25.76,5.94,0.94,593.72,40.0,0,normal
2026-06-11 15:12:11.202320,23.5,75.0,16.18,6.15,3.29,600.0,37.44,1,drought
2026-09-08 06:12:10.755690,27.04,76.87,24.49,6.29,0.69,1006.2,100.0,0,normal
2027-01-27 07:12:10.962889,26.81,71.51,26.38,6.35,0.93,730.67,100.0,0,normal
2027-05-29 16:12:11.145519,21.79,84.44,26.9,5.99,0.93,778.22,100.0,0,normal
2026-05-22 03:12:10.600472,24.89,73.94,25.15,6.15,1.13,387.99,40.0,0,normal
2026-08-28 19:12:10.741882,23.04,78.43,25.51,6.49,0.43,465.01,40.0,0,normal
2027-04-16 16:12:11.081881,25.19,73.37,25.23,6.42,0.49,1007.68,100.0,0,normal
2026-08-03 18:12:10.706967,24.62,71.65,26.41,6.11,0.86,681.29,100.0,0,normal
2027-05-11 08:12:11.117257,19.82,81.2,25.49,5.75,0.04,571.91,40.0,0,normal
2027-04-09 10:12:11.071272,23.35,68.84,25.47,5.93,0.43,809.59,100.0,0,normal
2026-06-13 04:12:10.635775,26.34,65.0,24.71,6.26,0.55,561.99,40.0,0,normal
2027-05-16 05:12:11.124026,19.13,79.11,23.0,6.43,0.91,740.25,100.0,0,normal
2027-05-26 09:12:11.140400,22.74,77.16,23.65,6.37,0.47,673.88,100.0,0,normal
2027-02-21 09:12:10.999459,21.52,80.89,24.66,5.84,1.18,580.9,40.0,0,normal
2027-01-30 02:12:10.966659,23.74,85.0,26.74,6.49,1.22,967.99,100.0,0,normal
2026-09-29 01:12:10.786170,21.46,74.5,24.61,6.41,0.0,571.54,40.0,0,normal
2027-06-01 20:12:11.150431,23.91,75.07,25.28,6.77,0.0,558.57,40.0,0,normal
2026-06-21 12:12:10.647781,18.94,72.19,25.5,5.66,0.48,764.8,100.0,0,normal
2026-10-10 23:12:10.803845,25.72,84.24,23.63,6.4,0.49,651.21,100.0,0,normal
2026-08-27 12:12:10.740178,27.13,65.0,23.24,6.25,0.35,852.01,100.0,0,normal
2027-01-25 14:12:10.960635,22.01,69.45,25.38,6.3,0.65,692.12,100.0,0,normal
2027-01-20 12:12:10.953899,22.35,72.03,24.45,6.5,0.59,617.32,100.0,0,normal
2026-09-05 22:12:10.752620,24.86,78.04,25.65,6.48,0.75,675.43,100.0,0,normal
2026-06-23 16:12:11.201300,35.64,44.93,25.0,6.15,0.75,600.0,0.0,1,high_temp
2027-04-12 18:12:11.076151,20.6,74.35,25.27,6.41,1.19,723.05,100.0,0,normal
2027-03-22 06:12:11.043274,18.14,72.97,24.4,5.59,0.38,872.22,100.0,0,normal
2027-03-09 09:12:11.024233,24.66,78.62,24.31,6.22,0.76,340.45,40.0,0,normal
2027-03-09 04:12:11.023965,21.28,72.02,24.42,5.99,0.77,488.31,40.0,0,normal
2027-03-27 02:12:11.050470,23.72,69.57,25.07,5.88,0.86,847.66,100.0,0,normal
2027-05-30 21:12:11.147565,23.72,81.37,26.62,6.05,1.28,397.24,40.0,0,normal
2026-07-13 08:12:10.677355,23.38,73.26,24.55,5.82,0.44,621.54,100.0,0,normal
2026-08-17 17:12:10.726131,23.97,78.41,25.14,6.2,1.13,626.84,100.0,0,normal
2027-05-12 05:12:11.118435,24.68,67.19,24.07,6.2,1.5,470.57,40.0,0,normal
2027-02-24 20:12:11.004622,24.72,75.87,27.0,6.26,0.68,564.98,40.0,0,normal
2026-06-27 19:12:11.202812,23.5,75.0,14.5,6.15,2.68,600.0,41.74,1,drought
2027-06-07 04:12:11.157958,25.34,79.47,24.83,6.43,0.25,616.45,100.0,0,normal
2026-12-16 03:12:10.902945,23.25,72.87,23.98,6.72,0.9,697.66,100.0,0,normal
2027-05-30 15:12:11.147239,27.92,85.0,23.49,5.92,1.27,601.76,100.0,0,normal
2027-03-02 21:12:11.013757,20.29,70.51,25.1,5.85,0.94,814.03,100.0,0,normal
2026-12-18 18:12:10.906947,19.99,78.83,24.08,6.33,0.68,900.93,100.0,0,normal
2027-04-10 08:12:11.072489,22.04,73.58,25.73,6.12,0.82,581.39,40.0,0,normal
2026-11-22 19:12:10.868430,27.17,76.26,25.6,6.23,0.41,758.84,100.0,0,normal
2026-10-14 05:12:10.808619,24.39,73.91,23.98,6.43,0.92,721.9,100.0,0,normal
2027-06-21 11:12:11.181299,23.46,76.29,25.14,6.38,0.57,596.12,40.0,0,normal
2026-12-29 15:12:10.923297,25.53,75.01,25.79,5.99,1.22,377.44,40.0,0,normal
2026-10-28 01:12:10.828172,27.45,76.47,23.28,6.2,0.86,698.77,100.0,0,normal
2027-01-15 16:12:10.947398,24.0,76.62,23.38,5.89,0.84,676.8,100.0,0,normal
2027-05-27 21:12:11.142942,22.02,75.76,25.72,6.1,1.0,737.73,100.0,0,normal
2027-04-13 14:12:11.077408,25.67,72.83,23.35,6.6,0.58,822.58,100.0,0,normal
2027-02-28 04:12:11.009674,26.08,71.04,24.62,6.7,0.7,432.53,40.0,0,normal
2026-07-28 14:12:10.698726,19.65,72.87,24.89,6.51,0.68,694.08,100.0,0,normal
2027-06-18 13:12:11.177110,22.85,74.25,26.35,6.29,0.45,942.37,100.0,0,normal
2027-05-29 22:12:11.145851,23.36,76.41,26.59,6.16,1.5,651.9,100.0,0,normal
2027-02-06 00:12:10.976681,24.15,72.76,24.95,6.56,1.11,435.02,40.0,0,normal
2027-05-27 20:12:11.142884,22.07,72.61,25.23,5.86,0.32,800.02,100.0,0,normal
2026-07-06 17:12:10.668285,23.71,73.95,23.95,6.3,0.85,468.05,40.0,0,normal
2027-02-11 01:12:10.984468,24.38,79.67,24.33,5.95,1.27,429.02,40.0,0,normal
2027-06-20 23:12:11.180643,23.16,76.75,25.6,6.48,0.65,565.16,40.0,0,normal
2026-09-01 16:12:10.746990,23.12,73.39,23.92,6.01,0.82,690.47,100.0,0,normal
2027-03-15 21:12:11.034023,24.71,71.04,25.33,6.3,0.95,292.6,40.0,0,normal
2026-08-04 13:12:10.708011,26.23,70.82,24.44,5.85,0.95,982.81,100.0,0,normal
2026-06-01 11:12:10.618182,21.11,74.4,25.73,6.23,0.81,617.27,100.0,0,normal
2027-03-26 00:12:11.048948,23.72,74.41,26.15,6.8,0.7,645.53,100.0,0,normal
2027-02-03 22:12:10.973621,25.38,76.93,27.0,5.85,1.11,553.07,40.0,0,normal
2027-02-04 14:12:10.974512,21.18,74.84,23.65,5.88,0.46,582.4,40.0,0,normal
2026-05-30 01:12:10.614587,20.89,77.68,23.15,6.13,0.94,773.61,100.0,0,normal
2026-06-25 05:12:10.652949,23.56,71.27,25.44,5.9,1.0,654.97,100.0,0,normal
2026-06-14 16:12:11.202284,23.5,75.0,14.98,6.15,2.84,600.0,40.61,1,drought
2027-01-15 01:12:10.946526,27.84,76.78,25.66,5.91,1.2,683.06,100.0,0,normal
2027-06-21 03:12:11.180868,26.33,76.19,26.6,6.08,0.71,793.2,100.0,0,normal
2027-06-16 08:12:11.172435,24.81,68.07,27.0,5.53,0.45,362.37,40.0,0,normal
2026-11-21 09:12:10.866241,22.34,74.93,24.11,6.1,0.63,507.15,40.0,0,normal
2027-03-11 09:12:11.027487,24.33,65.7,24.98,6.39,0.78,808.31,100.0,0,normal
2027-01-01 13:12:10.927742,21.23,74.77,25.62,6.32,0.49,557.94,40.0,0,normal
2026-11-11 15:12:10.850387,27.87,80.04,26.18,6.29,0.91,585.44,40.0,0,normal
2026-12-14 08:12:10.900222,24.22,78.89,25.9,6.04,0.72,712.14,100.0,0,normal
2026-09-11 00:12:10.759902,19.08,65.41,25.62,6.28,0.85,150.14,40.0,0,normal
2026-11-20 23:12:10.865592,20.66,68.64,25.27,5.5,1.02,523.26,40.0,0,normal
2027-01-21 03:12:10.954725,22.11,75.79,24.92,6.24,0.72,240.78,40.0,0,normal
2027-01-26 04:12:10.961411,24.82,70.69,25.79,6.39,0.7,508.3,40.0,0,normal
2026-12-13 08:12:10.898761,27.86,80.65,24.63,6.23,0.65,482.75,40.0,0,normal
2027-05-11 20:12:11.117941,24.63,73.98,25.46,6.07,0.66,675.04,100.0,0,normal
2026-09-07 16:12:10.754921,24.25,70.36,23.07,5.5,0.76,270.63,40.0,0,normal
2027-03-29 00:12:11.053350,21.3,68.8,24.05,5.83,0.61,426.07,40.0,0,normal
2026-05-31 23:12:10.617519,23.4,75.34,23.5,6.23,0.95,415.04,40.0,0,normal
2026-11-05 08:12:10.840088,23.17,65.0,24.82,6.16,0.73,787.34,100.0,0,normal
2027-06-11 20:12:11.165472,24.61,82.97,24.01,6.46,0.92,661.42,100.0,0,normal
2026-09-23 02:12:10.777342,26.66,79.26,26.32,6.61,0.55,552.68,40.0,0,normal
2027-01-14 23:12:10.946417,24.84,72.23,25.16,6.29,0.06,701.66,100.0,0,normal
2027-06-14 00:12:11.168529,22.56,65.05,26.07,6.06,0.86,640.21,100.0,0,normal
2027-01-05 02:12:10.932660,24.6,74.86,25.55,6.61,0.61,589.15,40.0,0,normal
2026-06-30 10:12:10.659928,24.59,77.3,25.72,6.02,0.87,488.51,40.0,0,normal
2027-02-13 07:12:10.987649,26.08,81.46,26.46,5.8,1.42,489.04,40.0,0,normal
2027-04-06 23:12:11.067808,24.15,77.74,26.86,6.29,1.09,826.37,100.0,0,normal
2026-12-20 10:12:10.909247,22.04,71.64,24.19,5.98,0.79,552.62,40.0,0,normal
2027-03-01 11:12:11.011603,27.02,73.03,24.94,5.61,0.79,391.1,40.0,0,normal
2027-02-08 05:12:10.979923,22.9,76.52,24.39,6.39,1.07,425.26,40.0,0,normal
2026-10-17 01:12:10.812795,24.71,78.67,25.68,6.46,0.9,493.84,40.0,0,normal
2026-06-10 14:12:11.206344,34.33,75.0,17.86,6.15,2.01,600.0,27.84,1,combined_stress
2026-10-09 01:12:10.800513,22.53,74.56,25.42,6.35,0.44,794.56,100.0,0,normal
2027-01-08 08:12:10.937455,22.52,72.15,24.61,5.56,0.39,986.5,100.0,0,normal
2026-08-30 11:12:10.744071,23.97,76.86,25.04,5.93,0.92,709.84,100.0,0,normal
2026-11-25 20:12:10.872677,24.55,69.56,24.68,5.96,0.0,350.94,40.0,0,normal
2027-05-09 12:12:11.114570,23.36,74.93,24.91,5.86,1.11,514.77,40.0,0,normal
2026-11-03 23:12:10.838193,27.13,70.12,24.85,6.37,0.79,772.93,100.0,0,normal
2026-05-28 03:12:10.611337,26.51,72.65,24.3,6.09,1.47,975.9,100.0,0,normal
2027-02-22 23:12:11.001709,23.37,75.8,25.81,6.41,0.73,853.52,100.0,0,normal
2026-08-25 15:12:10.737689,26.93,75.18,24.84,6.33,0.93,561.5,40.0,0,normal
2026-08-23 22:12:10.734616,18.9,76.75,24.47,5.55,0.64,422.84,40.0,0,normal
2026-10-19 12:12:10.816380,22.24,80.3,26.11,6.29,0.99,291.3,40.0,0,normal
2026-12-31 02:12:10.925549,22.74,83.15,24.25,5.82,0.35,692.29,100.0,0,normal
2026-08-02 09:12:10.705112,24.98,69.49,24.14,6.05,0.9,669.53,100.0,0,normal
2027-01-21 07:12:10.954940,20.05,73.33,24.53,5.76,0.46,681.14,100.0,0,normal
2027-04-06 01:12:11.066356,24.24,74.28,25.63,6.56,0.61,548.69,40.0,0,normal
2026-05-26 19:12:10.608282,17.56,78.96,25.25,6.08,0.96,337.59,40.0,0,normal
2027-05-26 02:12:11.139658,21.78,76.26,25.55,6.01,1.1,646.22,100.0,0,normal
2027-02-07 10:12:10.978736,25.05,76.55,25.39,6.3,1.07,499.64,40.0,0,normal
2027-06-20 16:12:11.180241,17.7,79.51,25.12,5.99,1.06,397.43,40.0,0,normal
2026-06-11 19:12:10.633859,19.66,77.07,23.0,6.27,0.43,259.76,40.0,0,normal
2027-03-30 14:12:11.055547,18.77,79.47,24.78,6.38,0.37,874.33,100.0,0,normal
2026-06-21 01:12:10.647159,29.02,76.68,24.58,6.37,0.59,950.73,100.0,0,normal
2027-03-17 05:12:11.035963,30.0,74.04,26.84,6.36,0.56,586.73,40.0,0,normal
2027-05-25 09:12:11.138659,20.04,84.07,26.0,6.04,0.89,736.29,100.0,0,normal
2027-01-15 17:12:10.947452,22.53,80.89,25.32,6.02,0.56,539.98,40.0,0,normal
2026-09-27 18:12:10.784317,17.0,71.41,25.9,5.97,0.6,557.46,40.0,0,normal
2027-03-19 00:12:11.038457,25.34,69.82,24.03,6.33,0.48,573.29,40.0,0,normal
2027-03-22 08:12:11.043383,26.34,73.1,25.11,6.14,0.59,159.96,40.0,0,normal
2027-05-16 20:12:11.124896,17.84,75.11,24.62,6.1,0.2,657.04,100.0,0,normal
2026-06-15 21:12:10.640185,26.34,79.58,23.54,6.32,0.78,711.41,100.0,0,normal
2027-06-04 18:12:11.154534,24.48,74.02,26.24,6.12,1.07,279.87,40.0,0,normal
2027-02-11 18:12:10.985422,25.0,73.51,26.64,6.37,0.85,611.49,100.0,0,normal
2027-01-29 04:12:10.965364,20.08,73.11,25.37,5.98,0.4,359.33,40.0,0,normal
2026-12-23 05:12:10.913070,26.17,77.83,23.0,6.67,1.06,711.4,100.0,0,normal
2026-07-29 16:12:10.700178,27.53,75.78,26.24,6.07,0.89,674.68,100.0,0,normal
2027-02-01 11:12:10.969804,23.25,76.53,25.65,5.76,0.72,647.4,100.0,0,normal
2027-05-11 05:12:11.117096,23.76,79.07,23.99,5.96,1.09,546.97,40.0,0,normal
2026-09-11 13:12:10.760680,23.86,69.52,25.21,5.97,0.55,419.57,40.0,0,normal
2027-03-27 08:12:11.051033,19.75,69.1,24.85,6.05,0.98,821.38,100.0,0,normal
2026-07-31 21:12:10.703113,21.84,79.26,23.22,6.09,0.5,699.4,100.0,0,normal
2027-05-29 13:12:11.145355,26.68,81.9,24.13,6.38,0.27,969.5,100.0,0,normal
2027-01-02 05:12:10.928666,21.41,74.08,24.94,6.18,0.57,441.78,40.0,0,normal
2027-03-18 17:12:11.038077,25.71,68.4,26.11,6.35,0.91,952.08,100.0,0,normal
2027-02-21 05:12:10.999241,23.69,80.28,24.85,6.13,0.83,590.03,40.0,0,normal
2026-09-21 15:12:10.775104,23.3,66.46,27.0,6.43,0.62,437.77,40.0,0,normal
2027-03-18 06:12:11.037460,23.47,75.07,26.32,6.03,1.02,594.56,40.0,0,normal
2026-05-25 15:12:10.606434,21.59,79.95,23.0,6.53,0.88,552.92,40.0,0,normal
2026-08-26 05:12:10.738481,23.21,75.52,23.2,5.9,0.79,519.2,40.0,0,normal
2026-09-10 14:12:10.758790,22.5,66.05,25.25,6.19,0.64,719.94,100.0,0,normal
2027-05-15 19:12:11.123424,23.96,65.0,23.48,6.19,0.63,369.97,40.0,0,normal
2027-04-08 23:12:11.070659,22.23,79.98,24.72,5.79,0.89,448.49,40.0,0,normal
2026-09-07 03:12:10.754209,25.03,74.92,23.64,6.21,0.8,846.99,100.0,0,normal
2027-01-22 03:12:10.956047,22.23,79.61,25.29,6.01,0.88,479.25,40.0,0,normal
2026-07-03 22:12:10.664580,27.83,70.31,27.0,5.85,1.38,640.95,100.0,0,normal
2026-05-27 17:12:10.610793,28.1,79.02,25.38,5.5,1.05,574.05,40.0,0,normal
2027-03-02 13:12:11.013215,24.05,74.08,24.33,5.92,0.79,381.64,40.0,0,normal
2027-04-18 20:12:11.084921,22.62,70.02,24.48,6.12,0.32,402.73,40.0,0,normal
2026-09-17 23:12:10.769808,23.13,74.91,25.5,5.67,1.27,666.86,100.0,0,normal
2026-11-21 18:12:10.866808,22.68,72.63,25.41,5.5,0.82,511.41,40.0,0,normal
2026-07-11 01:12:10.674311,21.8,77.94,24.94,5.86,0.79,792.2,100.0,0,normal
2026-12-04 14:12:10.885988,25.0,77.1,23.67,6.39,0.73,560.89,40.0,0,normal
2026-06-26 08:12:11.200947,34.76,55.41,25.0,6.15,0.75,600.0,42.0,1,high_temp
2027-04-14 19:12:11.079016,22.85,67.34,26.1,6.01,0.8,503.54,40.0,0,normal
2026-06-14 15:12:10.638066,27.1,78.24,23.75,6.24,0.11,582.84,40.0,0,normal
2027-03-20 14:12:11.040710,23.49,69.4,26.66,6.19,0.83,810.1,100.0,0,normal
2027-01-03 07:12:10.930223,28.11,73.3,24.25,6.05,1.5,829.78,100.0,0,normal
2026-11-01 16:12:10.834875,21.44,82.11,25.11,6.32,0.53,397.21,40.0,0,normal
2027-01-29 06:12:10.965491,18.86,80.75,26.16,6.09,1.21,955.93,100.0,0,normal
2027-04-03 03:12:11.061969,17.96,71.75,25.68,5.99,1.12,652.4,100.0,0,normal
2027-03-03 12:12:11.014825,24.63,75.92,24.03,5.53,0.99,541.86,40.0,0,normal
2027-05-02 19:12:11.104715,20.64,74.5,25.12,6.8,0.69,484.92,40.0,0,normal
2027-02-18 06:12:10.995010,25.44,74.37,25.69,6.14,0.78,693.64,100.0,0,normal
2027-05-28 07:12:11.143535,23.59,76.12,24.03,5.71,0.83,764.54,100.0,0,normal
2027-05-01 17:12:11.103200,22.91,74.55,25.38,6.31,0.81,286.92,40.0,0,normal
2026-08-27 03:12:10.739689,22.17,79.67,24.87,5.94,0.75,915.9,100.0,0,normal
2026-10-15 12:12:10.810586,27.74,79.71,25.61,6.32,1.11,324.86,40.0,0,normal
2026-08-21 04:12:10.730874,20.44,75.04,26.77,6.49,0.69,526.83,40.0,0,normal
2026-05-30 04:12:10.614773,23.22,71.7,26.92,6.38,0.45,863.44,100.0,0,normal
2027-03-20 07:12:11.040331,18.07,81.53,25.15,6.1,0.62,477.41,40.0,0,normal
2027-01-13 01:12:10.943745,25.64,75.2,23.71,5.78,0.86,166.21,40.0,0,normal
2026-12-18 20:12:10.907069,23.8,72.42,23.95,6.46,0.8,434.12,40.0,0,normal
2026-06-24 11:12:10.651891,23.22,70.55,26.61,6.33,0.83,656.08,100.0,0,normal
2027-02-10 20:12:10.984097,24.44,73.85,25.76,6.28,1.12,525.27,40.0,0,normal
2027-04-15 18:12:11.080484,24.54,71.07,24.26,6.13,0.64,851.92,100.0,0,normal
2026-08-16 05:12:10.724151,23.33,75.16,25.09,6.07,1.33,955.84,100.0,0,normal
2027-01-18 03:12:10.950770,24.7,78.06,26.77,6.8,1.1,352.35,40.0,0,normal
2027-05-21 06:12:11.132421,18.72,71.09,25.74,6.42,0.68,609.75,100.0,0,normal
2026-06-17 21:12:10.642910,25.54,81.65,25.48,6.24,1.04,342.77,40.0,0,normal
2027-06-16 12:12:11.172777,20.03,67.2,26.54,6.32,0.51,662.66,100.0,0,normal
2026-12-20 16:12:10.909625,26.7,84.19,25.53,6.22,0.15,398.78,40.0,0,normal
2027-01-04 13:12:10.931932,25.09,84.36,25.46,5.93,1.1,746.31,100.0,0,normal
2026-07-29 06:12:10.699615,27.38,74.74,25.53,6.1,0.69,729.13,100.0,0,normal
2026-05-27 01:12:10.609032,17.0,69.81,25.09,6.36,0.84,469.53,40.0,0,normal
2026-09-23 06:12:10.777580,21.69,77.6,25.46,6.03,0.6,445.64,40.0,0,normal
2026-12-19 06:12:10.907622,23.04,83.03,26.31,6.13,0.4,804.8,100.0,0,normal
2026-09-27 03:12:10.783510,25.51,70.88,26.05,5.91,0.96,625.17,100.0,0,normal
2026-06-13 01:12:11.205968,23.5,75.0,25.0,7.53,0.75,600.0,60.0,1,ph_alkaline
2026-10-05 15:12:10.795759,24.0,80.29,25.24,6.04,0.7,476.92,40.0,0,normal
2026-08-19 00:12:10.727822,21.95,74.89,24.99,5.93,0.32,791.52,100.0,0,normal
2027-05-15 15:12:11.123201,22.19,77.0,24.04,6.31,0.8,569.92,40.0,0,normal
2026-12-15 03:12:10.901427,22.82,73.96,25.85,6.58,0.89,657.6,100.0,0,normal
2027-02-04 02:12:10.973847,26.41,76.37,25.5,6.03,0.78,817.28,100.0,0,normal
2026-05-27 15:12:10.610686,28.13,74.6,25.23,6.52,0.9,646.57,100.0,0,normal
2027-04-09 01:12:11.070787,21.16,75.29,25.64,5.75,0.43,689.08,100.0,0,normal
2026-12-29 21:12:10.923642,25.94,77.08,24.54,5.59,1.09,762.54,100.0,0,normal
2026-05-29 01:12:11.203959,23.5,75.0,32.07,6.15,0.75,600.0,0.0,1,overwater
2027-02-04 04:12:10.973956,21.15,69.2,24.35,6.01,0.84,893.01,100.0,0,normal
2026-09-05 16:12:10.752289,18.68,83.66,24.95,6.38,0.51,690.04,100.0,0,normal
2026-05-24 15:12:10.604430,27.85,74.61,25.7,6.54,1.27,499.12,40.0,0,normal
2026-07-17 15:12:10.683132,23.99,72.44,26.45,5.99,0.0,529.1,40.0,0,normal
2027-01-19 18:12:10.952903,24.56,68.5,25.24,5.54,1.29,536.13,40.0,0,normal
2026-09-01 20:12:10.747206,20.28,72.77,24.41,6.37,0.77,391.08,40.0,0,normal
2026-06-19 08:12:10.644899,25.01,78.93,25.05,5.82,0.97,741.22,100.0,0,normal
2027-03-01 03:12:11.011160,25.38,75.42,25.82,6.2,0.76,518.95,40.0,0,normal
2026-06-21 22:12:10.648316,23.9,72.36,25.25,6.76,0.8,686.04,100.0,0,normal
2026-12-29 04:12:10.922631,26.22,71.1,26.37,6.16,0.21,549.31,40.0,0,normal
2027-04-06 00:12:11.066301,24.96,76.41,24.84,6.41,0.77,456.44,40.0,0,normal
2026-10-20 18:12:10.818106,28.08,75.16,23.38,5.82,0.74,304.09,40.0,0,normal
2026-06-09 13:12:10.630273,26.92,70.52,24.66,6.38,0.56,626.99,100.0,0,normal
2027-04-26 02:12:11.095342,21.79,66.11,25.48,5.9,0.25,543.88,40.0,0,normal
2026-10-04 19:12:10.794509,23.67,78.96,26.14,6.09,0.66,780.59,100.0,0,normal
2026-12-02 08:12:10.882414,24.45,75.14,24.77,6.25,0.23,439.26,40.0,0,normal
2026-08-08 02:12:10.712778,27.21,74.52,23.86,5.98,0.66,912.26,100.0,0,normal
2027-02-11 05:12:10.984689,26.5,73.6,23.64,5.82,0.6,848.83,100.0,0,normal
2026-09-07 05:12:10.754333,26.41,75.09,24.63,5.91,0.73,703.91,100.0,0,normal
2026-08-01 14:12:10.704046,25.85,80.57,26.77,6.28,0.5,592.07,40.0,0,normal
2026-09-20 09:12:10.773275,23.84,71.85,25.59,6.35,0.78,590.43,40.0,0,normal
2026-09-17 12:12:10.769187,21.0,67.03,26.22,6.29,0.9,444.18,40.0,0,normal
2026-11-05 20:12:10.840846,27.73,70.2,26.79,6.04,1.01,514.85,40.0,0,normal
2027-01-05 17:12:10.933643,20.69,73.42,25.54,6.4,0.9,523.8,40.0,0,normal
2027-05-16 16:12:11.124660,22.97,71.64,25.17,5.84,0.37,707.14,100.0,0,normal
2027-04-21 19:12:11.089160,19.84,79.42,26.34,6.02,0.6,550.85,40.0,0,normal
2027-04-26 12:12:11.095894,22.95,76.45,26.3,5.88,0.7,469.79,40.0,0,normal
2026-06-11 10:12:10.633130,21.69,70.39,24.87,6.05,0.36,642.48,100.0,0,normal
2026-06-11 14:12:10.633467,24.56,73.06,24.86,6.27,1.19,641.56,100.0,0,normal
2026-06-19 19:12:10.645525,24.73,77.39,24.97,5.9,0.69,455.76,40.0,0,normal
2026-10-28 06:12:10.828442,27.32,69.06,26.05,6.29,1.48,942.67,100.0,0,normal
2026-06-16 03:12:10.640546,25.96,71.04,24.14,6.12,1.44,900.15,100.0,0,normal
2026-08-09 16:12:10.714956,22.32,73.0,26.2,6.42,1.24,934.18,100.0,0,normal
2026-07-03 07:12:10.663753,30.0,73.08,23.15,6.38,0.02,744.7,100.0,0,normal
2027-05-12 13:12:11.118874,23.81,72.73,24.62,5.57,0.61,672.96,100.0,0,normal
2026-08-13 02:12:10.719872,20.71,78.44,25.91,6.8,0.79,49.93,40.0,0,normal
2027-01-17 08:12:10.949729,17.0,71.87,25.05,5.98,0.4,745.13,100.0,0,normal
2026-10-25 14:12:10.824708,22.1,79.22,25.65,5.96,0.65,582.15,40.0,0,normal
2026-08-28 15:12:10.741670,29.99,80.61,24.43,6.19,0.79,438.06,40.0,0,normal
2026-12-28 04:12:10.921196,20.18,67.52,24.64,6.37,1.1,673.03,100.0,0,normal
2026-11-20 03:12:10.864372,25.07,69.54,23.97,6.22,0.74,1025.67,100.0,0,normal
2027-03-04 17:12:11.016569,21.87,73.62,25.77,5.68,0.63,599.87,40.0,0,normal
2027-03-10 01:12:11.025318,23.72,75.98,24.24,6.08,1.11,501.81,40.0,0,normal
2026-07-17 18:12:10.683294,22.26,79.5,26.08,6.01,1.19,628.01,100.0,0,normal
2027-01-26 08:12:10.961630,23.38,80.34,24.96,5.83,0.76,783.88,100.0,0,normal
2026-07-24 15:12:10.693300,22.2,73.27,24.79,6.08,0.39,457.29,40.0,0,normal
2026-07-16 08:12:10.681338,28.19,85.0,24.92,5.79,1.02,466.5,40.0,0,normal
2027-01-30 09:12:10.967047,22.48,71.48,24.06,6.17,0.8,398.89,40.0,0,normal
2027-03-23 15:12:11.045793,29.04,65.0,25.45,6.2,1.02,394.31,40.0,0,normal
2026-07-25 16:12:10.694704,25.3,76.49,26.78,5.95,1.09,201.09,40.0,0,normal
2027-04-09 23:12:11.071992,25.71,75.72,23.51,6.8,0.39,904.25,100.0,0,normal
2026-06-01 13:12:11.203250,23.5,75.0,11.95,6.15,2.54,600.0,0.0,1,drought
2026-07-16 18:12:10.681883,27.51,75.94,24.46,6.44,0.65,886.11,100.0,0,normal
2026-10-31 14:12:10.833422,27.43,65.0,27.0,6.54,0.77,383.31,40.0,0,normal
2026-09-24 11:12:10.779300,22.64,78.84,26.29,6.09,0.75,503.25,40.0,0,normal
2026-12-18 02:12:10.905864,18.63,76.02,26.05,6.14,1.04,392.64,40.0,0,normal
2027-05-24 15:12:11.137531,27.34,75.17,24.52,6.35,0.53,650.24,100.0,0,normal
2026-08-23 19:12:10.734454,27.87,74.19,25.26,6.19,1.29,381.58,40.0,0,normal
2027-02-18 04:12:10.994901,24.31,76.31,24.41,5.79,1.32,718.29,100.0,0,normal
2026-12-18 00:12:10.905725,27.28,72.33,25.67,6.35,0.57,772.1,100.0,0,normal
2026-08-27 19:12:10.740574,29.4,81.79,23.0,5.69,0.81,334.93,40.0,0,normal
2027-06-12 16:12:11.166626,18.01,79.44,24.64,6.26,1.22,864.6,100.0,0,normal
2027-01-05 14:12:10.933477,24.58,85.0,25.16,5.78,0.41,641.57,100.0,0,normal
2026-09-15 01:12:10.765884,24.47,70.0,26.02,6.04,0.3,703.86,100.0,0,normal
2026-12-21 08:12:10.910551,19.23,81.29,24.67,6.03,1.06,259.1,40.0,0,normal
2027-04-01 12:12:11.058813,25.09,68.66,25.99,5.86,0.74,538.39,40.0,0,normal
2027-01-08 12:12:10.937686,24.82,79.2,24.96,5.96,1.13,374.93,40.0,0,normal
2027-01-10 08:12:10.940163,23.51,78.08,23.82,6.56,0.76,317.54,40.0,0,normal
2027-05-16 12:12:11.124432,21.14,69.47,24.68,6.58,1.11,550.33,40.0,0,normal
2026-05-28 07:12:10.611573,22.48,72.32,26.23,5.98,0.66,577.05,40.0,0,normal
2026-09-15 21:12:10.767052,28.52,78.01,24.76,6.65,0.16,564.05,40.0,0,normal
2027-01-21 17:12:10.955506,27.15,71.69,25.16,6.51,0.97,568.92,40.0,0,normal
2026-08-16 23:12:10.725147,19.54,70.98,25.27,5.84,0.94,397.12,40.0,0,normal
2026-10-25 08:12:10.824385,25.26,72.34,25.37,6.1,0.7,388.08,40.0,0,normal
2027-01-10 21:12:10.940894,29.75,82.37,25.41,5.66,0.68,422.8,40.0,0,normal
2026-08-24 04:12:10.734941,24.83,80.73,24.41,6.17,0.83,847.33,100.0,0,normal
2026-11-05 10:12:10.840198,24.24,80.78,25.81,6.37,0.85,106.6,40.0,0,normal
2027-01-31 16:12:10.968770,18.34,66.29,24.33,5.71,0.44,383.76,40.0,0,normal
2027-03-03 00:12:11.014026,20.11,77.37,23.89,6.06,0.75,665.67,100.0,0,normal
2026-08-31 01:12:10.744836,21.92,73.65,24.76,6.79,0.64,660.72,100.0,0,normal
2027-04-21 16:12:11.088999,21.12,71.17,24.1,6.61,1.01,736.12,100.0,0,normal
2026-10-29 17:12:10.830600,26.9,72.29,25.39,6.31,1.19,763.15,100.0,0,normal
2026-06-26 20:12:10.655142,20.14,69.88,24.82,5.87,0.58,1071.84,100.0,0,normal
2027-04-27 08:12:11.097015,25.21,78.87,24.77,5.97,0.6,335.11,40.0,0,normal
2027-04-03 05:12:11.062076,26.93,78.58,23.71,6.09,0.45,595.91,40.0,0,normal
2027-04-24 07:12:11.092749,26.36,67.66,24.91,6.09,1.36,408.97,40.0,0,normal
2027-03-22 22:12:11.044682,18.41,70.9,25.84,6.21,1.12,956.16,100.0,0,normal
2027-05-13 17:12:11.120468,24.89,75.79,23.37,6.75,0.72,664.01,100.0,0,normal
2026-12-05 12:12:10.887216,20.35,70.7,24.3,6.1,0.38,640.08,100.0,0,normal
2027-05-15 00:12:11.122337,21.79,85.0,25.47,5.59,0.71,877.5,100.0,0,normal
2026-11-23 23:12:10.870066,29.88,70.92,25.67,6.04,0.41,749.16,100.0,0,normal
2027-01-07 09:12:10.935982,17.12,66.68,24.82,5.51,1.26,405.35,40.0,0,normal
2026-07-17 21:12:10.683486,29.41,70.89,24.84,5.95,0.86,628.13,100.0,0,normal
2026-08-04 04:12:10.707509,25.83,76.02,23.58,6.37,0.89,427.23,40.0,0,normal
2027-01-21 13:12:10.955262,25.07,77.11,23.9,6.28,0.84,352.18,40.0,0,normal
2026-12-07 10:12:10.890026,26.81,78.23,27.0,5.91,0.76,927.52,100.0,0,normal
2027-02-09 21:12:10.982815,22.17,71.82,24.57,6.13,0.42,572.22,40.0,0,normal
2026-08-05 19:12:10.709656,20.72,71.59,24.56,6.38,0.82,703.38,100.0,0,normal
2027-04-11 21:12:11.074710,22.61,70.83,25.1,6.35,0.86,701.21,100.0,0,normal
2026-12-13 18:12:10.899313,23.82,84.31,24.34,6.75,0.67,691.76,100.0,0,normal
2026-09-11 17:12:10.760894,26.95,81.88,27.0,5.57,0.9,745.35,100.0,0,normal
2026-12-28 06:12:10.921306,20.32,69.68,26.12,6.02,0.32,590.34,40.0,0,normal
2026-05-29 08:12:10.613577,20.21,75.45,24.86,6.46,0.86,1064.52,100.0,0,normal
2027-03-29 15:12:11.054176,26.32,69.77,25.12,6.65,0.87,869.17,100.0,0,normal
2026-08-17 06:12:10.725522,22.98,81.4,23.73,6.08,0.97,689.52,100.0,0,normal
2027-05-11 04:12:11.117042,23.47,79.83,24.66,6.04,0.68,512.27,40.0,0,normal
2026-10-14 12:12:10.809158,25.49,85.0,25.05,6.16,0.7,775.21,100.0,0,normal
2026-08-10 01:12:10.715443,25.97,72.59,25.09,6.43,0.27,629.02,100.0,0,normal
2026-05-25 11:12:10.606188,23.46,73.82,26.33,6.1,1.14,426.58,40.0,0,normal
2026-06-25 01:12:10.652698,26.93,70.35,25.51,5.86,0.98,848.41,100.0,0,normal
2027-05-15 07:12:11.122727,24.65,73.22,26.07,6.78,0.83,844.63,100.0,0,normal
2027-05-06 00:12:11.109371,21.21,72.39,23.82,5.9,0.99,422.64,40.0,0,normal
2026-11-21 05:12:10.865993,20.51,75.33,24.88,6.04,0.51,653.83,100.0,0,normal
2027-05-27 10:12:11.142023,23.99,68.02,23.78,6.79,1.46,413.52,40.0,0,normal
2027-01-09 01:12:10.938433,24.55,72.1,24.61,6.19,0.55,954.56,100.0,0,normal
2026-06-02 20:12:10.620211,30.0,75.9,23.45,6.43,0.66,734.61,100.0,0,normal
2026-11-09 17:12:10.847207,21.98,72.07,25.49,5.88,0.32,857.54,100.0,0,normal
2027-03-29 14:12:11.054122,24.96,81.83,25.36,5.81,0.79,871.13,100.0,0,normal
2026-06-16 10:12:10.640936,26.11,80.87,24.93,5.71,0.92,697.57,100.0,0,normal
2026-09-20 12:12:10.773460,21.44,72.39,24.35,5.81,1.06,612.02,100.0,0,normal
2026-08-05 14:12:10.709386,29.58,77.13,24.1,5.81,1.04,935.13,100.0,0,normal
2026-07-14 00:12:10.678241,29.14,67.99,24.39,6.05,0.98,728.5,100.0,0,normal
2027-01-23 19:12:10.958253,24.06,74.83,25.19,5.68,1.09,422.58,40.0,0,normal
2026-06-22 08:12:11.201928,12.22,75.0,25.0,6.15,0.75,600.0,60.0,1,low_temp
2026-09-23 19:12:10.778294,21.97,77.18,24.6,6.8,0.84,437.2,40.0,0,normal
2027-03-14 03:12:11.031539,21.68,69.74,25.41,6.44,0.83,524.49,40.0,0,normal
2027-04-10 14:12:11.072835,24.41,65.0,23.93,6.58,0.45,526.55,40.0,0,normal
2027-04-07 05:12:11.068160,19.11,74.34,25.48,6.36,0.38,566.58,40.0,0,normal
2026-09-09 03:12:10.756842,26.84,72.15,26.57,6.13,0.69,321.73,40.0,0,normal
2027-02-19 00:12:10.996051,25.54,71.91,24.92,6.52,0.36,507.0,40.0,0,normal
2026-11-25 21:12:10.872734,20.89,78.82,25.42,6.61,1.12,611.85,100.0,0,normal
2026-08-26 02:12:10.738317,18.85,74.58,23.44,6.03,1.34,760.34,100.0,0,normal
2027-02-16 21:12:10.992735,28.85,75.93,24.15,6.28,0.61,99.32,40.0,0,normal
2027-02-06 19:12:10.977749,21.91,74.32,25.85,6.2,0.83,456.82,40.0,0,normal
2026-11-12 20:12:10.852659,22.28,78.59,24.75,6.38,1.21,774.26,100.0,0,normal
2027-01-08 19:12:10.938103,26.69,74.63,24.23,6.51,0.54,220.2,40.0,0,normal
2026-12-09 17:12:10.893478,24.12,73.98,25.45,6.12,0.63,909.7,100.0,0,normal
2026-12-02 00:12:10.881850,19.1,79.02,24.68,6.41,0.33,411.36,40.0,0,normal
2027-04-26 09:12:11.095732,24.35,73.91,23.0,5.96,0.66,569.92,40.0,0,normal
2026-11-11 17:12:10.850500,22.5,84.47,25.91,6.5,0.81,330.5,40.0,0,normal
2026-10-29 10:12:10.830224,22.74,68.75,24.44,6.12,0.41,756.08,100.0,0,normal
2026-06-29 18:12:11.205117,23.5,75.0,25.0,4.29,0.75,600.0,0.0,1,ph_acidic
2027-05-06 23:12:11.110967,26.75,78.05,24.53,6.17,0.74,911.14,100.0,0,normal
2026-12-26 22:12:10.918308,27.65,70.0,23.03,6.36,0.7,453.72,40.0,0,normal
2027-04-15 10:12:11.080040,26.06,78.59,24.98,5.88,0.87,514.99,40.0,0,normal
2027-01-07 14:12:10.936400,25.45,77.51,26.26,5.95,0.62,369.12,40.0,0,normal
2026-08-30 15:12:10.744300,21.44,85.0,24.95,6.28,1.04,422.21,40.0,0,normal
2026-10-17 03:12:10.812960,21.32,78.91,25.6,6.37,0.77,873.24,100.0,0,normal
2026-12-03 12:12:10.884153,26.23,71.68,23.0,5.9,0.65,813.53,100.0,0,normal
2026-11-25 11:12:10.872154,23.75,73.58,24.89,6.03,0.69,308.48,40.0,0,normal
2026-08-21 12:12:10.731305,27.79,70.93,26.14,6.68,0.82,575.77,40.0,0,normal
2026-12-18 06:12:10.906175,26.1,74.28,23.9,6.36,0.97,527.14,40.0,0,normal
2026-09-07 09:12:10.754548,19.18,82.93,24.78,5.99,0.45,677.85,100.0,0,normal
2026-07-24 07:12:10.692835,30.0,70.46,24.36,5.5,0.45,549.93,40.0,0,normal
2026-12-06 13:12:10.888617,21.9,82.32,25.84,5.89,0.68,552.31,40.0,0,normal
2026-11-17 19:12:10.860494,26.11,80.04,24.45,6.15,0.92,822.83,100.0,0,normal
2026-10-09 07:12:10.801348,21.17,79.04,25.2,6.18,0.79,781.59,100.0,0,normal
2027-05-14 08:12:11.121298,17.78,79.8,24.98,6.3,0.81,538.63,40.0,0,normal
2027-02-20 05:12:10.997754,18.76,81.71,24.84,5.95,0.64,742.85,100.0,0,normal
2026-09-08 18:12:10.756359,26.53,79.12,26.05,6.42,0.81,529.22,40.0,0,normal
2027-03-13 14:12:11.030666,25.57,78.74,25.25,5.79,0.87,557.62,40.0,0,normal
2027-01-11 18:12:10.942050,21.65,65.0,25.23,6.06,0.91,780.35,100.0,0,normal
2027-04-28 09:12:11.098449,23.54,76.12,23.27,6.07,0.41,931.83,100.0,0,normal
2027-05-23 03:12:11.135219,19.04,80.5,25.81,6.16,0.72,672.2,100.0,0,normal
2026-08-31 11:12:10.745404,22.87,70.37,24.11,6.21,0.35,240.36,40.0,0,normal
2027-05-01 19:12:11.103310,22.44,72.31,26.07,6.38,0.99,971.47,100.0,0,normal
2027-02-27 12:12:11.008663,27.52,65.98,24.13,6.43,0.81,823.53,100.0,0,normal
2026-06-15 11:12:11.206230,23.5,75.0,25.0,6.15,0.75,11.19,0.0,1,low_light
2026-11-26 09:12:10.873443,25.96,67.51,26.29,6.41,1.08,510.65,40.0,0,normal
2027-01-09 20:12:10.939500,22.5,75.55,25.42,6.18,0.85,1055.84,100.0,0,normal
2026-10-16 18:12:10.812358,23.25,70.94,25.16,6.34,1.3,346.43,40.0,0,normal
2027-01-25 12:12:10.960529,19.13,71.36,27.0,6.43,0.63,364.87,40.0,0,normal
2027-01-26 15:12:10.962004,25.48,75.32,23.97,6.45,0.68,463.07,40.0,0,normal
2027-05-23 19:12:11.136137,21.08,77.83,24.75,5.52,1.03,405.64,40.0,0,normal
2027-01-07 12:12:10.936274,19.84,78.0,26.47,5.63,0.82,552.97,40.0,0,normal
2027-01-03 21:12:10.931029,18.21,79.82,24.42,6.18,0.77,448.95,40.0,0,normal
2026-06-12 14:12:10.634952,23.87,84.92,25.5,5.69,0.46,816.62,100.0,0,normal
2027-01-31 13:12:10.968607,30.0,75.28,27.0,6.0,0.71,460.04,40.0,0,normal
2027-03-03 22:12:11.015362,25.09,77.42,23.95,6.05,0.47,445.15,40.0,0,normal
2027-04-18 14:12:11.084573,24.72,70.88,24.49,5.91,1.15,835.18,100.0,0,normal
2026-07-20 00:12:10.686661,27.79,72.55,25.36,5.98,1.24,386.42,40.0,0,normal
2026-12-02 09:12:10.882485,26.87,74.58,26.25,6.38,0.72,409.42,40.0,0,normal
2026-11-23 17:12:10.869709,21.06,74.82,24.0,6.4,0.85,839.19,100.0,0,normal
2026-09-14 02:12:10.764622,27.49,77.48,25.18,6.38,0.55,614.16,100.0,0,normal
2026-12-10 08:12:10.894512,26.05,72.22,24.19,5.86,0.91,633.45,100.0,0,normal
2026-05-27 08:12:10.609423,26.63,71.71,24.79,6.19,0.55,705.6,100.0,0,normal
2026-10-13 19:12:10.807909,21.21,78.47,26.53,5.68,1.01,906.52,100.0,0,normal
2027-04-18 23:12:11.085084,23.91,73.32,24.29,6.37,0.76,893.11,100.0,0,normal
2026-11-17 15:12:10.860244,20.36,79.4,25.15,6.26,0.72,649.49,100.0,0,normal
2026-08-31 15:12:10.745617,22.05,83.59,24.95,5.88,0.82,880.19,100.0,0,normal
2026-10-25 22:12:10.825329,26.32,78.53,23.62,6.63,0.97,277.18,40.0,0,normal
2026-06-08 05:12:11.206028,23.5,75.0,25.0,6.15,0.75,9.94,0.0,1,low_light
2027-01-22 15:12:10.956719,26.16,78.94,24.24,5.94,0.68,942.4,100.0,0,normal
2027-01-20 07:12:10.953630,25.27,67.06,24.46,5.8,0.56,598.46,40.0,0,normal
2027-02-04 19:12:10.974783,29.27,74.0,23.56,6.58,0.81,999.22,100.0,0,normal
2026-06-20 18:12:11.204160,23.5,75.0,25.0,6.15,7.59,600.0,14.81,1,high_salinity
2026-07-22 10:12:10.690090,20.23,71.76,26.13,5.85,0.82,305.81,40.0,0,normal
2026-12-08 22:12:10.892306,23.38,79.39,25.12,6.19,0.97,876.56,100.0,0,normal
2027-03-06 01:12:11.018792,23.55,65.0,24.28,6.26,0.95,606.82,100.0,0,normal
2026-10-17 09:12:10.813317,21.15,74.36,24.95,6.29,0.72,565.45,40.0,0,normal
2026-11-02 16:12:10.836242,22.69,79.68,23.36,6.22,0.86,529.38,40.0,0,normal
2026-05-24 02:12:10.603664,21.87,84.42,24.72,5.88,0.43,853.97,100.0,0,normal
2027-01-03 14:12:10.930620,22.6,74.57,24.81,6.32,1.14,831.93,100.0,0,normal
2026-06-01 07:12:11.205609,23.5,75.0,25.0,8.17,0.75,600.0,60.0,1,ph_alkaline
2026-06-28 00:12:10.656722,25.03,80.21,23.97,6.54,0.36,700.43,100.0,0,normal
2026-09-08 01:12:10.755420,30.0,74.09,24.14,6.47,0.75,603.25,100.0,0,normal
2026-06-12 13:12:10.634899,20.84,69.41,24.63,6.1,0.91,696.13,100.0,0,normal
2026-10-01 01:12:10.789017,23.68,85.0,23.38,6.64,0.46,358.38,40.0,0,normal
2026-09-21 22:12:10.775502,25.35,72.78,27.0,5.71,1.13,472.19,40.0,0,normal
2026-07-20 09:12:10.687162,28.09,69.26,24.89,6.5,0.93,472.41,40.0,0,normal
2026-05-27 20:12:10.610953,23.59,77.02,26.08,5.8,0.43,425.52,40.0,0,normal
2026-08-10 05:12:10.715659,24.1,82.4,24.43,6.34,0.45,451.42,40.0,0,normal
2026-08-29 03:12:10.742329,25.08,76.82,24.39,5.89,0.59,17.3,0.0,0,normal
2026-10-02 06:12:10.790747,26.69,72.88,26.1,6.01,0.89,485.35,40.0,0,normal
2026-12-21 20:12:10.911226,25.8,73.15,25.71,6.39,0.58,340.85,40.0,0,normal
2026-05-26 17:12:10.608175,21.39,82.69,24.81,6.57,0.77,782.77,100.0,0,normal
2026-11-28 00:12:10.875992,24.94,73.1,26.35,6.12,0.39,722.12,100.0,0,normal
2026-11-29 12:12:10.878107,17.13,77.7,26.05,6.11,0.98,860.86,100.0,0,normal
2027-04-07 10:12:11.068431,27.15,71.15,26.52,5.75,0.55,370.66,40.0,0,normal
2026-10-04 11:12:10.794048,18.58,73.56,27.0,6.76,0.66,810.28,100.0,0,normal
2026-12-03 11:12:10.884096,21.25,85.0,24.4,5.84,0.72,437.9,40.0,0,normal
2027-03-26 12:12:11.049713,22.48,79.19,24.52,6.1,0.01,562.58,40.0,0,normal
2027-04-10 13:12:11.072779,26.28,75.71,27.0,6.64,0.45,825.48,100.0,0,normal
2026-11-27 11:12:10.875063,25.01,75.81,27.0,6.38,1.24,335.29,40.0,0,normal
2026-06-21 20:12:11.206795,32.65,75.0,16.76,6.15,3.85,600.0,20.12,1,combined_stress
2026-10-05 14:12:10.795696,19.26,75.22,25.23,6.02,0.86,606.92,100.0,0,normal
2026-05-28 12:12:11.205628,23.5,75.0,25.0,7.63,0.75,600.0,60.0,1,ph_alkaline
2027-02-26 21:12:11.007633,26.09,75.87,25.33,6.02,0.64,639.87,100.0,0,normal
2026-11-07 13:12:10.843654,28.5,84.83,24.62,6.73,0.97,1026.51,100.0,0,normal
2026-11-21 17:12:10.866753,22.66,77.06,26.13,6.67,0.71,493.68,40.0,0,normal
2027-02-02 05:12:10.971069,24.9,65.45,25.09,6.0,1.1,674.76,100.0,0,normal
2027-05-14 18:12:11.121998,26.24,78.14,24.6,5.75,0.41,448.91,40.0,0,normal
2027-03-25 14:12:11.048383,28.53,73.61,26.48,6.01,1.46,617.79,100.0,0,normal
2026-10-03 07:12:10.792136,24.27,70.07,25.29,6.21,1.0,505.07,40.0,0,normal
2027-04-29 00:12:11.099290,21.98,82.34,24.14,6.2,0.78,599.37,40.0,0,normal
2026-06-09 20:12:10.630681,21.83,77.14,24.8,6.21,0.95,698.27,100.0,0,normal
2026-10-24 12:12:10.823286,22.63,82.09,23.65,5.67,1.01,331.42,40.0,0,normal
2027-05-29 23:12:11.146180,23.76,75.32,24.39,6.68,0.61,770.03,100.0,0,normal
2026-12-15 19:12:10.902485,20.14,80.54,24.94,6.18,0.97,658.95,100.0,0,normal
2026-10-21 16:12:10.819430,26.15,69.31,24.37,5.69,0.77,553.03,40.0,0,normal
2026-09-14 04:12:10.764731,22.76,71.98,26.54,6.33,1.01,642.93,100.0,0,normal
2026-06-18 11:12:10.643741,25.61,75.95,24.08,5.54,0.86,534.75,40.0,0,normal
2027-04-06 20:12:11.067648,19.21,75.04,23.74,6.19,0.82,1086.38,100.0,0,normal
2027-06-09 23:12:11.162610,19.79,69.34,25.58,5.63,0.22,665.03,100.0,0,normal
2026-11-30 13:12:10.879675,24.61,80.01,25.09,6.13,0.72,719.09,100.0,0,normal
2026-07-02 16:12:10.662918,30.0,80.64,25.18,6.62,0.85,1048.02,100.0,0,normal
2026-06-07 06:12:10.627113,20.85,70.95,24.74,6.52,0.64,370.16,40.0,0,normal
2026-10-11 00:12:10.803899,17.02,69.85,25.2,5.91,1.01,500.06,40.0,0,normal
2026-07-22 13:12:10.690251,20.04,77.82,26.48,6.15,0.99,1038.04,100.0,0,normal
2026-08-23 09:12:10.733897,21.17,75.65,25.76,6.13,0.65,535.24,40.0,0,normal
2026-08-29 11:12:10.742760,25.47,75.44,24.26,6.24,0.92,275.8,40.0,0,normal
2027-06-06 17:12:11.157343,21.45,65.0,25.59,6.33,0.77,498.31,40.0,0,normal
2026-07-02 09:12:10.662531,18.86,78.07,26.04,6.76,0.78,578.46,40.0,0,normal
2026-12-16 06:12:10.903145,26.67,68.77,24.57,6.29,0.8,539.18,40.0,0,normal
2026-11-01 11:12:10.834587,22.06,79.62,26.2,6.14,0.45,917.54,100.0,0,normal
2026-09-22 21:12:10.777072,22.6,76.54,23.84,6.01,1.46,470.4,40.0,0,normal
2026-10-10 03:12:10.802457,19.01,69.97,25.77,5.99,0.37,757.0,100.0,0,normal
2027-04-15 11:12:11.080094,22.27,75.4,25.29,6.23,0.54,548.19,40.0,0,normal
2027-03-20 10:12:11.040496,28.84,72.54,27.0,5.97,0.68,672.53,100.0,0,normal
2026-12-06 18:12:10.888885,21.08,69.49,25.46,6.59,0.61,576.72,40.0,0,normal
2026-07-14 22:12:10.679454,21.76,84.0,25.88,5.99,1.23,415.61,40.0,0,normal
2026-08-06 01:12:10.710005,22.19,73.01,24.84,5.92,0.38,887.05,100.0,0,normal
2026-09-18 18:12:10.770988,26.12,74.19,25.89,6.37,1.25,740.6,100.0,0,normal
2026-11-11 22:12:10.850795,22.35,80.22,26.71,6.16,1.2,516.73,40.0,0,normal
2026-09-04 16:12:10.750961,17.92,80.71,26.79,6.02,0.67,393.9,40.0,0,normal
2027-06-06 10:12:11.156948,22.16,70.3,26.64,5.71,0.65,495.18,40.0,0,normal
2026-08-09 12:12:10.714717,27.83,77.01,24.26,5.69,0.4,636.08,100.0,0,normal
2026-05-23 19:12:10.603193,20.03,77.58,26.29,5.5,0.52,609.52,100.0,0,normal
2027-06-21 09:12:11.181191,22.98,70.27,26.36,6.45,0.86,225.75,40.0,0,normal
2026-06-06 09:12:10.625783,19.94,70.21,24.69,5.92,0.09,586.75,40.0,0,normal
2026-07-09 00:12:10.671590,26.56,82.95,25.11,6.06,0.91,702.72,100.0,0,normal
2027-04-09 22:12:11.071937,25.63,71.68,24.59,6.56,1.06,1069.97,100.0,0,normal
2027-03-24 01:12:11.046333,21.63,69.49,25.32,6.04,1.1,885.67,100.0,0,normal
2027-01-23 07:12:10.957607,26.06,73.87,24.2,6.37,0.48,1060.39,100.0,0,normal
2027-02-17 02:12:10.993316,24.33,77.76,25.23,5.68,0.35,211.4,40.0,0,normal
2027-03-31 11:12:11.056983,21.33,76.53,24.85,6.17,0.99,232.17,40.0,0,normal
2026-11-11 09:12:10.850052,30.0,78.02,25.27,6.1,0.96,755.21,100.0,0,normal
2026-11-16 16:12:10.858491,18.31,72.33,24.39,6.0,0.74,594.21,40.0,0,normal
2027-04-10 21:12:11.073214,20.23,65.75,25.74,6.44,0.83,665.21,100.0,0,normal
2027-02-25 16:12:11.005847,21.26,74.9,26.65,6.28,0.55,639.05,100.0,0,normal
2026-05-29 07:12:10.613187,18.17,80.64,25.61,6.1,0.82,441.56,40.0,0,normal
2026-08-09 08:12:10.714503,20.0,76.75,24.59,5.92,0.74,809.05,100.0,0,normal
2026-07-06 20:12:10.668472,22.85,81.12,25.32,5.8,0.3,636.05,100.0,0,normal
2027-04-25 00:12:11.093766,18.57,77.1,25.11,6.09,0.36,556.96,40.0,0,normal
2026-10-11 01:12:10.803953,26.16,65.0,24.37,5.5,0.57,583.22,40.0,0,normal
2026-07-25 03:12:10.693972,22.41,77.93,24.12,5.8,1.29,322.5,40.0,0,normal
2026-08-25 13:12:10.736777,27.64,72.6,26.89,6.5,0.51,525.87,40.0,0,normal
2027-06-13 10:12:11.167732,26.96,76.33,25.16,6.16,0.94,215.19,40.0,0,normal
2026-07-17 20:12:10.683433,22.64,67.74,26.03,6.25,0.71,381.05,40.0,0,normal
2027-03-08 18:12:11.023389,22.0,78.82,26.68,5.68,0.73,607.61,100.0,0,normal
2027-02-22 02:12:11.000414,24.43,69.14,25.35,6.31,0.42,636.25,100.0,0,normal
2026-12-27 05:12:10.919255,18.74,69.59,26.89,6.43,1.13,326.75,40.0,0,normal
2027-05-05 11:12:11.108649,17.0,77.39,23.95,6.51,0.74,151.1,40.0,0,normal
2027-03-11 22:12:11.028218,22.43,73.94,24.91,6.34,1.29,870.99,100.0,0,normal
2026-06-19 09:12:10.644956,25.41,85.0,25.69,6.37,1.15,478.73,40.0,0,normal
2027-06-14 01:12:11.168583,19.69,78.57,24.43,6.22,0.38,558.88,40.0,0,normal
2027-04-05 14:12:11.065759,23.64,83.76,25.92,5.75,1.04,821.2,100.0,0,normal
2026-10-21 17:12:10.819486,19.84,79.11,25.76,6.16,0.89,905.71,100.0,0,normal
2026-07-30 06:12:10.700947,24.1,75.05,24.85,6.0,0.78,694.13,100.0,0,normal
2026-06-12 05:12:10.634399,20.12,77.58,25.15,5.5,0.78,373.23,40.0,0,normal
2026-05-28 23:12:10.612433,23.91,70.08,25.99,6.39,1.06,658.98,100.0,0,normal
2027-01-06 02:12:10.934172,26.79,74.36,25.2,6.41,0.87,626.39,100.0,0,normal
2027-05-02 17:12:11.104600,21.07,72.35,26.25,5.78,0.68,656.81,100.0,0,normal
2026-07-02 23:12:10.663298,25.24,77.37,25.1,6.1,0.93,236.9,40.0,0,normal
2027-05-04 22:12:11.107928,21.34,74.03,24.68,5.61,0.38,506.73,40.0,0,normal
2026-08-09 19:12:10.715118,20.08,68.2,23.47,6.23,0.97,607.28,100.0,0,normal
2026-10-14 15:12:10.809320,25.27,74.71,25.59,6.16,0.75,529.41,40.0,0,normal
2026-06-17 20:12:11.202358,23.5,75.0,14.13,6.15,2.33,600.0,44.17,1,drought
2026-06-06 03:12:11.203949,23.5,75.0,32.63,6.15,0.75,600.0,0.0,1,overwater
2027-02-14 11:12:10.989374,17.93,72.79,23.0,6.4,0.11,740.47,100.0,0,normal
2026-12-15 23:12:10.902712,23.15,76.36,25.59,6.12,1.37,650.33,100.0,0,normal
2026-09-04 17:12:10.751014,26.57,66.22,23.77,6.03,0.65,684.12,100.0,0,normal
2026-07-07 01:12:10.668749,27.67,79.14,24.96,6.41,0.79,545.4,40.0,0,normal
2026-10-30 12:12:10.831794,25.74,83.34,25.74,6.17,0.81,798.38,100.0,0,normal
2027-03-31 09:12:11.056872,25.33,75.34,24.04,6.26,0.43,879.59,100.0,0,normal
2026-08-03 01:12:10.706015,17.0,69.83,24.8,6.66,0.63,488.1,40.0,0,normal
2026-12-29 07:12:10.922825,24.89,70.36,25.43,6.27,0.91,467.25,40.0,0,normal
2027-03-08 09:12:11.022898,20.58,65.0,23.62,6.35,1.06,520.35,40.0,0,normal
2026-09-20 13:12:10.773513,26.06,65.9,24.67,5.95,0.34,689.46,100.0,0,normal
2027-04-22 16:12:11.090436,18.33,84.76,26.74,6.06,0.74,683.4,100.0,0,normal
2027-01-16 19:12:10.949003,23.76,76.16,23.0,6.45,1.15,741.22,100.0,0,normal
2026-05-28 09:12:10.611681,23.56,75.47,26.45,6.31,0.96,772.66,100.0,0,normal
2027-06-12 02:12:11.165807,17.0,85.0,24.97,6.13,1.03,653.47,100.0,0,normal
2027-01-13 16:12:10.944573,26.1,77.56,25.07,6.56,0.84,403.9,40.0,0,normal
2026-10-31 20:12:10.833748,23.26,72.33,24.38,6.13,1.11,563.99,40.0,0,normal
2027-06-06 13:12:11.157117,24.9,70.64,24.65,6.14,0.83,589.21,40.0,0,normal
2026-09-05 09:12:10.751887,24.36,73.59,24.71,6.24,0.87,521.61,40.0,0,normal
2026-09-14 14:12:10.765290,27.05,72.11,24.73,6.32,1.14,574.97,40.0,0,normal
2027-01-31 01:12:10.967936,27.06,81.98,24.71,6.31,0.8,17.3,0.0,0,normal
2026-10-17 00:12:10.812727,23.96,78.5,24.61,6.42,0.88,401.58,40.0,0,normal
2026-10-24 03:12:10.822765,29.8,78.37,26.33,5.53,0.9,888.04,100.0,0,normal
2027-05-05 23:12:11.109317,20.24,68.64,24.85,6.15,1.14,521.4,40.0,0,normal
2026-06-12 17:12:10.635112,21.59,74.1,26.35,6.29,0.28,691.37,100.0,0,normal
2027-04-21 15:12:11.088945,20.28,72.13,26.59,5.5,0.83,693.41,100.0,0,normal
2026-11-27 03:12:10.874619,18.16,84.95,23.91,6.43,1.07,313.8,40.0,0,normal
2027-02-28 08:12:11.009886,28.18,83.56,25.69,6.1,1.14,750.09,100.0,0,normal
2026-08-05 23:12:10.709894,23.73,66.67,23.0,5.92,0.93,677.74,100.0,0,normal
2026-11-08 07:12:10.844746,25.74,65.88,24.8,6.41,0.83,302.82,40.0,0,normal
2027-05-17 18:12:11.126635,24.8,70.06,25.39,6.65,0.78,857.96,100.0,0,normal
2027-05-21 04:12:11.132308,20.96,78.42,24.08,6.6,0.86,476.5,40.0,0,normal
2027-04-30 02:12:11.100734,21.23,77.27,25.19,6.56,1.21,568.04,40.0,0,normal
2027-04-09 11:12:11.071326,20.24,71.06,25.95,6.11,0.39,975.48,100.0,0,normal
2026-06-03 22:12:10.621707,21.63,70.05,24.08,5.81,1.06,771.68,100.0,0,normal
2027-06-10 14:12:11.163451,22.76,67.92,25.36,6.55,0.57,563.65,40.0,0,normal
2027-02-15 11:12:10.990830,22.34,78.59,24.82,6.01,0.16,228.26,40.0,0,normal
2027-05-02 04:12:11.103877,18.33,76.14,24.39,6.15,0.54,897.06,100.0,0,normal
2026-10-19 00:12:10.815709,25.92,74.55,24.58,6.59,0.16,504.77,40.0,0,normal
2026-10-19 23:12:10.817058,20.8,76.99,24.77,6.06,1.2,789.27,100.0,0,normal
2026-10-27 20:12:10.827901,30.0,77.57,23.72,6.4,0.52,544.38,40.0,0,normal
2026-10-12 19:12:10.806408,22.17,72.3,24.14,5.64,1.03,514.68,40.0,0,normal
2026-11-29 08:12:10.877856,23.36,80.54,25.98,5.63,0.77,750.7,100.0,0,normal
2026-05-30 14:12:10.615483,30.0,65.48,26.81,5.6,0.0,756.78,100.0,0,normal
2026-06-25 09:12:11.205049,23.5,75.0,25.0,4.79,0.75,600.0,60.0,1,ph_acidic
2026-07-08 08:12:10.670606,22.22,67.19,24.22,6.27,0.52,598.87,40.0,0,normal
2027-06-16 22:12:11.173806,24.61,65.64,23.0,6.33,1.1,711.8,100.0,0,normal
2026-09-13 14:12:10.763835,28.61,72.61,25.56,5.93,0.48,632.83,100.0,0,normal
2026-10-19 14:12:10.816496,23.97,78.52,25.19,5.92,0.59,365.04,40.0,0,normal
2026-06-03 18:12:10.621486,21.88,75.76,26.74,5.88,0.35,471.7,40.0,0,normal
2026-08-07 02:12:10.711385,20.39,78.51,23.76,6.64,1.04,423.3,40.0,0,normal
2027-02-14 12:12:10.989427,21.33,84.8,25.53,5.88,1.08,442.73,40.0,0,normal
2026-08-12 21:12:10.719480,25.79,74.93,24.5,5.71,0.79,823.68,100.0,0,normal
2026-10-04 01:12:10.793505,26.79,73.92,23.8,5.81,0.8,1074.21,100.0,0,normal
2026-09-15 15:12:10.766732,28.9,72.74,26.42,5.97,1.03,822.33,100.0,0,normal
2026-11-26 04:12:10.873142,24.08,76.0,25.07,6.02,0.93,789.69,100.0,0,normal
2027-01-11 15:12:10.941887,18.93,71.46,23.14,6.32,0.81,617.39,100.0,0,normal
2027-04-08 08:12:11.069838,21.87,80.26,24.5,6.8,0.67,600.8,100.0,0,normal
2026-09-28 14:12:10.785559,26.15,77.93,24.13,5.67,0.66,358.06,40.0,0,normal
2026-12-13 20:12:10.899439,26.24,76.86,26.43,6.02,1.03,454.96,40.0,0,normal
2026-11-07 04:12:10.842659,21.31,76.02,24.46,5.82,0.97,360.58,40.0,0,normal
2026-08-12 20:12:10.719424,25.4,74.39,24.71,6.1,1.08,478.09,40.0,0,normal
2027-04-21 09:12:11.088609,24.99,76.09,25.01,6.2,0.29,579.93,40.0,0,normal
2027-05-26 16:12:11.140982,26.64,74.46,25.88,5.83,0.9,674.09,100.0,0,normal
2027-02-21 12:12:10.999622,23.79,69.75,26.22,6.8,0.67,465.73,40.0,0,normal
2026-06-07 00:12:10.626742,22.03,82.34,25.39,6.56,0.24,754.94,100.0,0,normal
2027-01-11 19:12:10.942104,21.92,75.46,25.86,6.23,1.05,403.34,40.0,0,normal
2026-11-17 12:12:10.860077,22.69,79.78,25.5,6.07,1.1,277.9,40.0,0,normal
2026-10-10 05:12:10.802809,26.77,72.46,25.15,6.2,1.1,695.83,100.0,0,normal
2026-09-30 13:12:10.788235,26.11,73.28,23.72,6.1,0.61,863.83,100.0,0,normal
2026-05-31 18:12:11.206870,32.27,75.0,15.53,6.15,3.84,600.0,20.17,1,combined_stress
2026-09-12 16:12:10.762164,22.05,68.37,26.5,6.13,1.29,443.38,40.0,0,normal
2026-06-18 23:12:11.205850,23.5,75.0,25.0,7.58,0.75,600.0,60.0,1,ph_alkaline
2027-05-07 14:12:11.111931,22.41,73.2,25.03,6.14,0.76,800.97,100.0,0,normal
2027-05-18 18:12:11.128602,28.59,72.18,24.76,6.26,0.21,407.61,40.0,0,normal
2027-05-02 20:12:11.104770,17.31,81.15,24.56,6.52,1.21,546.65,40.0,0,normal
2027-05-28 09:12:11.143644,25.94,65.43,23.85,6.13,0.64,587.14,40.0,0,normal
2026-10-28 17:12:10.829279,26.51,78.42,26.32,6.26,0.63,308.28,40.0,0,normal
2027-06-15 09:12:11.171019,23.48,78.66,24.67,6.38,0.87,632.38,100.0,0,normal
2026-12-07 01:12:10.889449,18.96,68.62,25.66,6.07,0.83,451.38,40.0,0,normal
2026-11-16 05:12:10.857624,22.68,74.1,23.0,6.14,0.74,947.36,100.0,0,normal
2026-06-01 14:12:10.618344,22.73,77.59,24.88,6.05,1.31,506.4,40.0,0,normal
2027-02-03 03:12:10.972568,25.01,81.75,24.76,6.52,0.53,577.96,40.0,0,normal
2026-06-14 05:12:11.201878,13.73,75.0,25.0,6.15,0.75,600.0,60.0,1,low_temp
2027-05-01 07:12:11.102459,17.97,75.52,24.65,5.96,0.64,631.2,100.0,0,normal
2026-06-02 15:12:10.619921,24.38,77.45,26.12,6.19,0.92,661.35,100.0,0,normal
2026-10-04 13:12:10.794184,25.25,72.34,25.33,6.62,0.97,296.75,40.0,0,normal
2026-09-02 09:12:10.747923,26.14,77.16,26.27,5.73,0.88,769.37,100.0,0,normal
2026-06-03 02:12:10.620544,23.86,65.0,25.3,5.91,0.85,382.75,40.0,0,normal
2027-01-30 13:12:10.967262,22.2,70.32,24.65,6.06,0.28,267.06,40.0,0,normal
2026-09-27 04:12:10.783565,29.17,71.72,25.5,6.07,0.94,838.5,100.0,0,normal
2027-04-24 16:12:11.093325,21.14,79.27,25.62,5.76,0.55,443.8,40.0,0,normal
2027-05-05 20:12:11.109152,22.12,75.59,23.7,6.01,0.43,588.58,40.0,0,normal
2027-03-02 23:12:11.013963,22.06,77.11,25.52,6.18,1.35,899.48,100.0,0,normal
2026-12-20 02:12:10.908772,29.16,78.64,25.06,6.36,0.74,327.84,40.0,0,normal
2026-06-02 15:12:11.204895,23.5,75.0,25.0,6.15,5.36,600.0,45.91,1,high_salinity
2026-06-18 02:12:11.203605,23.5,75.0,28.84,6.15,0.75,600.0,50.0,1,overwater
2027-05-07 00:12:11.111022,22.01,71.34,23.74,6.27,0.83,315.44,40.0,0,normal
2027-02-01 00:12:10.969198,24.75,71.01,24.32,6.15,0.85,501.9,40.0,0,normal
2027-04-10 00:12:11.072046,24.44,79.01,25.26,6.26,0.18,558.97,40.0,0,normal
2026-06-02 07:12:10.619442,24.39,73.76,24.02,6.27,1.16,831.94,100.0,0,normal
2027-01-27 10:12:10.963057,20.89,69.64,24.18,6.6,0.26,581.44,40.0,0,normal
2026-11-28 11:12:10.876645,26.1,73.47,25.27,6.35,0.75,809.21,100.0,0,normal
2027-04-17 19:12:11.083475,20.75,71.56,23.32,6.38,0.63,726.77,100.0,0,normal
2027-04-20 10:12:11.087347,23.37,73.73,26.87,6.06,1.1,757.79,100.0,0,normal
2026-09-22 20:12:10.777019,17.0,71.96,23.66,6.34,0.87,486.62,40.0,0,normal
2027-02-04 00:12:10.973728,23.05,85.0,25.22,5.92,0.81,284.71,40.0,0,normal
2027-05-22 06:12:11.134017,24.03,71.8,25.66,6.3,0.86,722.77,100.0,0,normal
2026-11-13 08:12:10.853360,19.25,78.81,25.72,6.08,0.89,494.84,40.0,0,normal
2026-10-03 03:12:10.791902,28.02,71.23,24.59,5.57,0.87,499.29,40.0,0,normal
2026-07-19 00:12:10.685059,21.56,81.91,25.6,5.97,0.26,681.8,100.0,0,normal
2026-11-03 16:12:10.837813,19.2,65.0,26.94,6.18,0.83,625.42,100.0,0,normal
2026-11-17 21:12:10.860630,27.38,72.59,24.66,6.06,0.58,923.7,100.0,0,normal
2026-06-26 06:12:11.204266,23.5,75.0,25.0,6.15,6.03,600.0,36.61,1,high_salinity
2027-03-23 22:12:11.046171,25.36,70.55,25.05,5.82,1.02,490.78,40.0,0,normal
2027-03-28 06:12:11.052292,28.02,74.89,25.01,5.99,0.89,681.04,100.0,0,normal
2026-05-25 12:12:10.606247,26.88,82.34,24.54,6.14,0.73,782.27,100.0,0,normal
2026-06-27 10:12:10.655921,24.66,72.98,26.23,6.53,0.64,322.68,40.0,0,normal
2026-05-26 10:12:11.202028,11.96,75.0,25.0,6.15,0.75,600.0,60.0,1,low_temp
2027-04-05 01:12:11.064953,19.1,73.33,26.74,5.82,0.7,841.65,100.0,0,normal
2026-11-27 22:12:10.875826,23.83,72.8,24.9,6.24,1.08,545.78,40.0,0,normal
2026-11-25 13:12:10.872265,23.21,79.13,25.4,6.13,0.76,340.33,40.0,0,normal
2026-12-01 16:12:10.881337,19.48,76.59,24.92,6.26,0.43,134.68,40.0,0,normal
2026-08-14 23:12:10.722394,17.93,76.95,25.8,5.58,0.86,885.39,100.0,0,normal
2026-06-11 12:12:11.203342,23.5,75.0,11.9,6.15,3.03,600.0,0.0,1,drought
2027-03-05 19:12:11.018053,24.89,73.03,26.23,5.85,0.54,928.83,100.0,0,normal
2026-09-01 03:12:10.746278,19.19,74.26,24.54,5.83,1.0,745.05,100.0,0,normal
2026-11-02 19:12:10.836414,25.09,71.85,25.16,6.24,0.99,612.09,100.0,0,normal
2026-08-27 02:12:10.739636,25.32,66.38,25.66,6.1,1.5,536.69,40.0,0,normal
2027-06-06 02:12:11.156311,19.33,73.02,25.6,6.25,0.48,612.61,100.0,0,normal
2027-06-06 19:12:11.157451,22.45,80.21,24.47,6.23,1.19,581.08,40.0,0,normal
2026-12-18 03:12:10.905990,24.78,75.24,24.81,6.22,0.28,442.42,40.0,0,normal
2027-06-16 02:12:11.172094,26.28,79.09,25.9,6.29,0.71,129.18,40.0,0,normal
2026-12-05 19:12:10.887618,25.16,78.71,24.85,6.08,0.84,489.17,40.0,0,normal
2027-06-16 05:12:11.172260,20.22,77.52,24.65,6.33,0.55,704.18,100.0,0,normal
2026-06-15 21:12:11.203687,23.5,75.0,32.39,6.15,0.75,600.0,0.0,1,overwater
2027-02-16 10:12:10.992139,24.4,76.47,23.49,6.56,0.74,622.93,100.0,0,normal
2027-05-14 01:12:11.120917,19.05,72.69,25.06,6.16,1.1,651.25,100.0,0,normal
2027-02-14 13:12:10.989480,22.33,78.83,25.14,5.98,1.2,655.53,100.0,0,normal
2026-08-30 02:12:10.743587,23.03,72.59,25.79,6.15,0.94,571.42,40.0,0,normal
2027-01-07 01:12:10.935503,22.55,77.03,23.19,5.54,0.49,845.32,100.0,0,normal
2026-07-11 17:12:10.675201,25.41,69.9,24.33,6.18,0.38,710.57,100.0,0,normal
2027-05-19 05:12:11.129300,23.06,76.18,23.36,6.22,0.47,648.54,100.0,0,normal
2027-01-27 21:12:10.963669,22.11,75.87,24.98,6.63,1.14,426.63,40.0,0,normal
2027-03-03 23:12:11.015415,23.03,73.27,23.79,6.14,0.69,588.4,40.0,0,normal
2026-07-05 09:12:10.666508,24.72,76.22,23.51,6.64,0.78,374.07,40.0,0,normal
2026-10-26 19:12:10.826490,18.61,70.47,25.41,6.05,0.94,914.17,100.0,0,normal
2026-11-21 19:12:10.866862,25.17,77.42,24.41,6.32,0.57,836.88,100.0,0,normal
2027-03-03 17:12:11.015094,21.1,84.31,24.99,5.89,0.68,492.94,40.0,0,normal
2027-03-14 05:12:11.031646,25.79,76.93,25.2,6.08,0.46,876.92,100.0,0,normal
2027-01-07 04:12:10.935671,24.57,70.58,24.03,6.65,0.77,631.67,100.0,0,normal
2027-01-26 21:12:10.962332,28.75,65.0,26.4,5.64,0.82,715.61,100.0,0,normal
2027-05-24 23:12:11.137975,25.46,74.01,23.89,6.26,1.09,582.01,40.0,0,normal
2027-01-22 09:12:10.956369,28.29,82.09,24.05,6.2,0.32,907.5,100.0,0,normal
2026-08-20 02:12:10.729303,19.65,79.23,26.56,6.09,0.57,646.04,100.0,0,normal
2026-09-24 09:12:10.779193,20.58,66.36,23.89,6.3,0.7,580.76,40.0,0,normal
2026-07-07 02:12:10.668803,17.0,65.0,24.84,6.27,1.08,372.43,40.0,0,normal
2027-02-24 01:12:11.003526,24.48,69.94,25.08,6.39,0.94,745.29,100.0,0,normal
2026-06-19 21:12:10.645635,25.8,77.05,25.71,6.23,0.87,408.55,40.0,0,normal
2027-03-30 23:12:11.056058,20.4,76.58,26.24,5.98,0.54,608.5,100.0,0,normal
2026-12-14 13:12:10.900540,20.26,75.68,26.32,6.18,0.51,539.4,40.0,0,normal
2027-02-20 20:12:10.998716,23.93,77.66,24.42,6.39,0.28,836.97,100.0,0,normal
2027-05-30 14:12:11.147184,27.48,74.08,24.79,6.5,0.85,883.88,100.0,0,normal
2026-11-20 02:12:10.864311,29.87,84.67,27.0,6.17,1.03,414.98,40.0,0,normal
2026-09-14 06:12:10.764839,23.49,76.74,25.05,6.09,0.49,641.34,100.0,0,normal
2026-11-01 18:12:10.834984,24.46,78.55,24.14,5.97,0.4,836.02,100.0,0,normal
2027-03-15 04:12:11.033079,24.86,74.83,24.32,6.75,0.59,422.2,40.0,0,normal
2027-05-20 21:12:11.131899,22.39,79.64,25.17,6.37,0.61,696.81,100.0,0,normal
2027-04-09 08:12:11.071165,25.47,70.66,26.62,6.14,0.48,760.61,100.0,0,normal
2027-02-12 12:12:10.986590,19.76,80.59,26.63,6.32,0.31,544.54,40.0,0,normal
2026-06-17 05:12:10.642022,28.65,70.71,24.34,6.0,0.11,346.95,40.0,0,normal
2026-09-01 04:12:10.746333,22.98,72.96,25.05,6.12,0.92,622.17,100.0,0,normal
2027-02-05 22:12:10.976567,24.7,70.61,24.01,6.07,0.46,543.94,40.0,0,normal
2027-02-20 01:12:10.997541,23.38,72.93,24.93,6.45,0.57,248.66,40.0,0,normal
2026-10-28 09:12:10.828772,23.6,75.46,25.02,5.63,1.01,803.27,100.0,0,normal
2027-05-30 23:12:11.147694,22.55,79.37,25.98,5.92,1.09,474.11,40.0,0,normal
2026-09-09 13:12:10.757395,27.5,85.0,26.28,6.39,0.91,525.08,40.0,0,normal
2027-06-05 09:12:11.155368,23.06,74.56,23.92,5.82,0.68,818.23,100.0,0,normal
2026-10-25 00:12:10.823931,22.48,72.37,25.59,5.72,1.27,848.29,100.0,0,normal
2026-08-20 17:12:10.730254,30.0,70.99,24.92,5.5,0.51,767.35,100.0,0,normal
2026-06-20 03:12:11.205697,23.5,75.0,25.0,7.14,0.75,600.0,60.0,1,ph_alkaline
2027-06-11 21:12:11.165529,20.86,77.4,25.95,6.14,0.49,517.61,40.0,0,normal
2026-10-07 07:12:10.798193,28.45,80.66,25.52,6.43,0.91,495.7,40.0,0,normal
2027-02-10 06:12:10.983314,20.92,81.77,26.5,6.75,0.68,847.33,100.0,0,normal
2026-09-15 04:12:10.766101,24.84,73.44,24.45,6.21,0.23,471.5,40.0,0,normal
2026-11-09 02:12:10.846031,24.87,72.72,27.0,5.93,0.9,537.31,40.0,0,normal
2027-05-15 17:12:11.123313,24.38,84.11,25.01,5.66,0.59,834.3,100.0,0,normal
2026-07-30 21:12:10.701769,19.27,69.69,25.32,5.89,1.04,581.39,40.0,0,normal
2026-11-02 12:12:10.836015,25.5,71.74,24.38,5.92,0.92,519.82,40.0,0,normal
2026-11-23 05:12:10.869006,21.24,76.71,23.87,5.93,0.55,28.12,40.0,0,normal
2026-09-21 09:12:10.774780,28.99,76.96,23.51,5.96,0.54,432.18,40.0,0,normal
2027-02-23 11:12:11.002375,25.56,73.49,23.76,5.87,1.0,696.34,100.0,0,normal
2027-04-10 12:12:11.072723,25.94,73.6,26.61,6.3,0.81,437.61,40.0,0,normal
2027-01-15 11:12:10.947117,28.59,71.95,25.08,5.81,1.04,364.34,40.0,0,normal
2027-03-27 23:12:11.051914,29.15,65.0,25.11,6.35,0.79,638.38,100.0,0,normal
2026-09-03 08:12:10.749194,25.15,80.09,25.02,6.8,0.51,499.68,40.0,0,normal
2027-05-10 08:12:11.115677,25.4,73.24,25.75,5.5,0.64,512.11,40.0,0,normal
2026-08-28 18:12:10.741829,25.77,75.97,26.55,6.36,0.25,777.76,100.0,0,normal
2026-12-15 00:12:10.901241,18.7,73.21,25.82,5.93,0.6,695.89,100.0,0,normal
2027-01-22 04:12:10.956101,20.68,71.37,26.02,6.26,0.88,234.39,40.0,0,normal
2026-08-22 10:12:10.732623,24.77,76.87,27.0,6.13,0.59,900.45,100.0,0,normal
2027-01-20 16:12:10.954116,22.25,80.86,24.85,6.24,0.68,632.01,100.0,0,normal
2026-08-22 11:12:10.732676,23.0,82.42,25.76,6.37,0.47,453.82,40.0,0,normal
2026-10-07 15:12:10.798634,22.38,78.15,24.26,6.39,0.39,517.54,40.0,0,normal
2027-02-26 11:12:11.007059,21.19,73.94,24.46,6.18,1.35,325.91,40.0,0,normal
2026-10-18 08:12:10.814722,22.86,77.6,24.06,5.8,0.68,757.62,100.0,0,normal
2026-05-30 00:12:11.204884,23.5,75.0,25.0,6.15,5.7,600.0,41.18,1,high_salinity
2026-10-19 20:12:10.816820,22.9,76.69,25.05,5.91,0.54,584.34,40.0,0,normal
2027-04-08 01:12:11.069425,25.44,69.03,26.37,6.12,0.69,735.65,100.0,0,normal
2027-04-21 10:12:11.088677,21.21,75.79,24.74,5.85,1.24,349.56,40.0,0,normal
2026-09-28 20:12:10.785902,21.79,71.45,24.74,5.54,0.66,436.73,40.0,0,normal
2026-05-25 14:12:10.606381,30.0,77.38,25.63,6.43,0.8,267.85,40.0,0,normal
2027-01-25 22:12:10.961074,22.56,70.04,25.22,6.41,0.7,233.57,40.0,0,normal
2026-09-15 18:12:10.766892,24.11,81.45,25.21,6.8,0.64,666.26,100.0,0,normal
2026-10-22 00:12:10.819880,22.58,78.24,26.07,6.17,0.51,727.19,100.0,0,normal
2026-10-21 20:12:10.819655,24.77,69.44,24.04,6.49,0.97,792.41,100.0,0,normal
2026-06-10 04:12:11.204438,23.5,75.0,25.0,6.15,7.91,600.0,10.3,1,high_salinity
2026-12-22 23:12:10.912719,22.69,73.05,26.07,5.95,1.26,659.74,100.0,0,normal
2027-01-15 14:12:10.947288,28.26,74.4,25.07,6.54,0.87,835.5,100.0,0,normal
2026-11-29 07:12:10.877800,22.44,69.96,24.38,6.25,1.22,928.15,100.0,0,normal
2026-08-14 04:12:10.721340,17.83,72.54,24.12,6.35,1.1,280.71,40.0,0,normal
2027-04-13 05:12:11.076744,30.0,71.37,25.91,6.43,0.6,331.25,40.0,0,normal
2026-09-04 06:12:10.750411,22.99,83.91,23.1,6.37,0.69,443.63,40.0,0,normal
2027-03-22 13:12:11.043675,18.83,85.0,26.34,5.84,0.25,785.88,100.0,0,normal
2027-02-05 12:12:10.975720,25.93,73.34,24.2,6.64,0.47,375.77,40.0,0,normal
2026-10-02 21:12:10.791582,27.6,82.85,25.5,5.84,0.69,523.14,40.0,0,normal
2026-06-12 16:12:10.635059,24.6,73.21,24.62,5.92,0.92,509.18,40.0,0,normal
2026-12-31 15:12:10.926300,21.79,71.35,25.04,5.87,0.85,337.63,40.0,0,normal
2027-02-27 16:12:11.008993,26.27,67.64,23.98,5.64,0.7,491.04,40.0,0,normal
2026-09-19 16:12:10.772268,21.08,79.53,24.34,6.01,0.98,625.92,100.0,0,normal
2026-06-01 05:12:10.617853,23.02,72.75,24.69,6.3,0.64,792.82,100.0,0,normal
2027-01-24 03:12:10.958710,24.63,76.94,26.15,5.88,0.0,654.23,100.0,0,normal
2026-12-04 11:12:10.885818,21.03,77.21,24.54,6.1,0.91,235.35,40.0,0,normal
2026-05-24 01:12:11.201988,15.9,75.0,25.0,6.15,0.75,600.0,60.0,1,low_temp
2026-10-11 18:12:10.804997,19.77,73.82,24.8,6.3,1.18,675.94,100.0,0,normal
2027-04-19 23:12:11.086739,18.28,73.17,24.23,6.38,0.41,693.92,100.0,0,normal
2027-02-25 22:12:11.006192,23.96,68.6,24.55,5.93,1.02,48.83,40.0,0,normal
2027-02-22 08:12:11.000888,21.47,81.2,25.19,6.15,0.92,398.69,40.0,0,normal
2027-02-03 08:12:10.972838,23.71,83.71,25.31,6.39,0.37,387.06,40.0,0,normal
2027-04-20 07:12:11.087167,25.37,75.94,26.42,5.84,1.1,666.12,100.0,0,normal
2027-01-06 14:12:10.934886,23.11,83.83,24.65,5.67,0.92,1016.2,100.0,0,normal
2026-08-13 10:12:10.720332,28.98,68.16,25.2,6.65,0.79,409.39,40.0,0,normal
2026-06-27 22:12:10.656614,24.16,74.63,24.94,6.09,0.65,491.93,40.0,0,normal
2026-06-27 06:12:10.655706,19.61,69.73,23.0,5.98,0.52,582.36,40.0,0,normal
2026-06-15 18:12:11.203263,23.5,75.0,11.57,6.15,2.94,600.0,0.0,1,drought
2027-01-15 09:12:10.947007,24.18,67.09,25.49,5.67,0.96,422.43,40.0,0,normal
2026-06-05 21:12:10.624565,24.68,73.17,23.0,6.39,0.62,447.93,40.0,0,normal
2026-06-03 16:12:11.205707,23.5,75.0,25.0,7.0,0.75,600.0,60.0,1,ph_alkaline
2027-01-04 04:12:10.931431,27.59,68.15,26.01,6.36,0.39,796.91,100.0,0,normal
2027-05-20 22:12:11.131954,23.72,78.4,26.43,6.05,1.11,576.98,40.0,0,normal
2027-02-14 05:12:10.989047,23.68,74.44,25.93,6.4,0.77,758.7,100.0,0,normal
2027-04-07 22:12:11.069206,17.0,72.14,25.64,6.41,0.58,746.1,100.0,0,normal
2026-07-14 04:12:10.678461,20.49,78.58,25.94,6.35,1.04,479.9,40.0,0,normal
2026-08-08 19:12:10.713782,24.2,76.87,25.59,6.32,0.33,287.84,40.0,0,normal
2027-05-18 20:12:11.128746,27.11,74.81,24.84,6.57,0.84,784.0,100.0,0,normal
2027-04-16 18:12:11.081990,27.08,76.36,24.24,6.08,0.85,728.68,100.0,0,normal
2027-06-08 13:12:11.160455,27.45,74.04,24.13,6.59,1.03,724.54,100.0,0,normal
2026-10-17 12:12:10.813482,21.32,74.85,25.6,6.54,0.59,620.85,100.0,0,normal
2027-01-18 04:12:10.950823,22.41,74.34,24.44,6.18,0.45,662.04,100.0,0,normal
2026-12-14 15:12:10.900663,21.9,83.3,25.91,6.37,1.42,727.23,100.0,0,normal
2026-07-25 11:12:10.694431,22.71,74.01,27.0,6.56,0.64,289.02,40.0,0,normal
2026-08-29 05:12:10.742436,21.35,65.68,25.58,6.11,0.26,458.22,40.0,0,normal
2026-10-28 08:12:10.828564,27.42,68.44,24.75,5.93,0.57,901.04,100.0,0,normal
2026-10-03 17:12:10.792776,22.01,73.27,26.77,6.2,1.5,634.34,100.0,0,normal
2027-05-06 21:12:11.110843,22.42,70.93,26.28,5.52,1.18,227.99,40.0,0,normal
2026-10-06 19:12:10.797520,27.87,76.62,26.73,6.08,0.65,607.75,100.0,0,normal
2026-06-11 13:12:10.633313,21.41,74.4,24.58,6.34,0.48,512.69,40.0,0,normal
2026-10-14 20:12:10.809586,26.12,76.19,25.25,6.47,1.01,1046.57,100.0,0,normal
2027-02-23 14:12:11.002678,26.25,66.64,24.64,6.02,0.48,829.04,100.0,0,normal
2026-07-07 13:12:10.669524,26.36,78.07,25.01,6.13,0.71,193.22,40.0,0,normal
2027-01-11 22:12:10.942265,26.18,80.55,24.54,6.28,1.08,662.34,100.0,0,normal
2027-05-22 12:12:11.134358,20.75,79.47,25.58,5.63,1.27,703.61,100.0,0,normal
2027-02-02 03:12:10.970912,20.6,79.87,24.28,6.26,0.9,910.25,100.0,0,normal
2026-05-27 08:12:11.205315,23.5,75.0,25.0,4.6,0.75,600.0,60.0,1,ph_acidic
2027-05-22 13:12:11.134412,23.55,78.38,26.18,5.82,0.28,509.19,40.0,0,normal
2027-04-29 03:12:11.099453,24.63,79.05,24.31,6.27,1.17,469.29,40.0,0,normal
2027-04-29 16:12:11.100184,19.7,78.14,23.75,5.85,0.91,408.26,40.0,0,normal
2027-04-18 19:12:11.084867,24.32,78.14,24.29,6.26,0.89,550.08,40.0,0,normal
2026-10-20 22:12:10.818323,26.78,79.58,25.05,5.5,0.54,651.07,100.0,0,normal
2026-09-03 05:12:10.749029,24.24,69.48,25.1,5.85,0.52,563.69,40.0,0,normal
2027-01-13 14:12:10.944465,24.89,65.0,24.93,5.94,0.84,521.69,40.0,0,normal
2026-12-26 10:12:10.917389,23.67,68.5,26.76,6.45,0.27,468.13,40.0,0,normal
2027-02-17 13:12:10.993912,22.21,75.49,25.74,6.31,0.94,760.59,100.0,0,normal
2026-09-15 00:12:10.765830,24.67,71.96,24.99,6.8,1.12,1054.74,100.0,0,normal
2027-02-02 15:12:10.971701,19.08,82.04,26.01,5.85,0.51,615.54,100.0,0,normal
2026-10-27 18:12:10.827792,22.89,84.14,25.41,6.1,0.74,737.0,100.0,0,normal
2026-06-11 03:12:11.201755,10.26,75.0,25.0,6.15,0.75,600.0,60.0,1,low_temp
2027-05-17 04:12:11.125343,17.77,77.77,25.91,6.02,0.89,739.14,100.0,0,normal
2027-04-12 11:12:11.075742,23.96,71.1,26.53,5.9,0.58,783.25,100.0,0,normal
2026-07-31 17:12:10.702893,22.63,65.0,25.54,5.85,0.8,549.95,40.0,0,normal
2027-01-13 22:12:10.944908,22.09,72.79,24.32,6.33,1.14,1004.07,100.0,0,normal
2027-03-16 21:12:11.035510,28.88,76.76,27.0,5.89,1.45,398.21,40.0,0,normal
2027-01-24 12:12:10.959193,22.51,72.5,25.48,6.46,1.01,485.43,40.0,0,normal
2026-08-15 13:12:10.723177,19.83,74.66,23.78,6.69,0.3,206.48,40.0,0,normal
2026-08-04 01:12:10.707347,26.42,73.08,26.46,6.54,0.61,635.4,100.0,0,normal
2027-02-19 07:12:10.996517,24.62,72.99,23.48,6.27,0.5,550.82,40.0,0,normal
2026-10-07 02:12:10.797896,24.38,72.2,25.98,6.62,0.68,417.28,40.0,0,normal
2026-12-07 06:12:10.889794,23.7,72.03,24.34,6.28,0.87,784.96,100.0,0,normal
2027-05-09 15:12:11.114733,20.79,75.55,27.0,6.33,0.23,893.06,100.0,0,normal
2027-02-28 11:12:11.010046,21.62,74.9,25.72,6.5,0.75,367.81,40.0,0,normal
2026-07-27 09:12:10.697123,26.35,74.8,24.87,6.39,1.16,391.03,40.0,0,normal
2026-08-01 20:12:10.704375,23.17,73.76,24.88,6.69,1.22,727.3,100.0,0,normal
2026-05-31 00:12:10.616078,25.16,72.43,24.25,6.8,0.74,477.42,40.0,0,normal
2027-02-09 13:12:10.982209,26.19,81.19,25.87,6.04,0.57,549.26,40.0,0,normal
2027-04-30 22:12:11.101945,21.77,75.22,25.45,6.31,0.53,261.71,40.0,0,normal
2026-06-11 11:12:10.633191,18.14,72.81,24.66,5.95,0.79,1224.0,100.0,0,normal
2027-06-06 11:12:11.157005,17.0,68.68,25.72,6.06,0.6,1032.5,100.0,0,normal
2026-10-14 04:12:10.808396,24.74,70.29,24.96,6.46,0.18,807.85,100.0,0,normal
2026-12-20 15:12:10.909525,26.9,78.39,27.0,6.64,0.6,965.01,100.0,0,normal
2026-12-24 04:12:10.914328,20.97,77.92,26.52,5.69,0.9,589.15,40.0,0,normal
2026-10-12 00:12:10.805322,20.16,75.92,24.04,5.82,0.92,1057.45,100.0,0,normal
2026-06-11 06:12:11.202408,23.5,75.0,11.08,6.15,2.12,600.0,0.0,1,drought
2027-04-08 04:12:11.069591,21.07,79.15,25.06,5.91,1.15,685.91,100.0,0,normal
2027-01-06 18:12:10.935113,22.88,68.51,25.21,6.67,0.54,674.5,100.0,0,normal
2026-05-23 02:12:10.602107,24.73,71.7,23.91,6.8,0.48,437.33,40.0,0,normal
2026-10-15 09:12:10.810301,25.85,73.42,25.0,5.98,0.9,741.39,100.0,0,normal
2026-08-30 10:12:10.744017,26.85,82.78,26.56,6.38,0.07,580.62,40.0,0,normal
2026-10-05 07:12:10.795317,24.88,82.05,26.37,5.89,0.6,818.76,100.0,0,normal
2026-12-25 02:12:10.915530,24.01,72.8,25.64,6.59,0.83,495.97,40.0,0,normal
2027-05-19 21:12:11.130270,20.52,77.68,26.44,6.04,1.16,540.92,40.0,0,normal
2026-07-25 17:12:10.694758,21.24,80.02,25.35,5.78,0.5,690.67,100.0,0,normal
2027-06-09 03:12:11.161514,21.51,73.23,24.79,6.0,0.45,798.9,100.0,0,normal
2027-05-16 03:12:11.123909,24.94,83.24,25.75,6.3,0.33,636.07,100.0,0,normal
2026-10-30 08:12:10.831579,29.75,71.23,24.08,5.84,0.79,618.35,100.0,0,normal
2026-10-10 19:12:10.803629,17.0,72.34,24.77,5.87,0.62,899.06,100.0,0,normal
2026-11-26 18:12:10.874041,24.34,65.7,26.54,6.26,1.37,782.87,100.0,0,normal
2026-07-01 20:12:10.661807,18.87,76.01,24.46,5.99,0.95,520.03,40.0,0,normal
2026-09-09 16:12:10.757558,23.48,72.72,24.22,6.2,0.7,476.6,40.0,0,normal
2026-08-07 00:12:10.711277,25.35,77.27,25.35,6.53,0.86,514.49,40.0,0,normal
2027-04-18 18:12:11.084811,24.29,75.12,24.94,6.5,0.93,687.99,100.0,0,normal
2027-04-30 06:12:11.100967,22.17,80.02,25.07,6.34,1.09,939.78,100.0,0,normal
2027-03-15 15:12:11.033703,19.97,76.88,25.71,5.71,0.77,596.0,40.0,0,normal
2027-03-22 01:12:11.042735,23.1,74.68,24.5,6.02,0.52,428.03,40.0,0,normal
2027-01-15 10:12:10.947064,21.48,78.2,25.65,6.26,0.64,785.98,100.0,0,normal
2026-06-12 12:12:10.634844,24.44,65.87,24.77,5.89,0.83,436.46,40.0,0,normal
2027-03-18 04:12:11.037352,25.11,68.27,25.55,6.23,0.0,620.92,100.0,0,normal
2027-05-02 15:12:11.104493,22.14,68.98,24.15,6.35,1.0,386.75,40.0,0,normal
2026-07-06 23:12:10.668642,21.11,76.98,24.09,6.36,0.67,518.93,40.0,0,normal
2026-10-05 13:12:10.795640,25.12,77.62,24.76,6.0,0.08,487.38,40.0,0,normal
2027-05-19 08:12:11.129469,21.74,72.56,24.99,6.51,1.35,488.38,40.0,0,normal
2027-03-25 19:12:11.048679,26.03,65.0,25.81,6.19,0.98,500.48,40.0,0,normal
2027-06-04 03:12:11.153648,22.06,68.88,23.95,5.93,0.83,750.89,100.0,0,normal
2027-05-04 07:12:11.106948,22.12,77.7,27.0,6.26,0.37,615.74,100.0,0,normal
2026-11-04 13:12:10.838982,17.0,74.97,24.62,6.15,0.45,399.85,40.0,0,normal
2026-05-30 03:12:10.614717,17.0,79.02,23.83,6.12,0.61,837.91,100.0,0,normal
2026-12-04 08:12:10.885522,21.01,71.66,24.29,5.87,0.51,511.68,40.0,0,normal
2026-06-17 20:12:10.642857,26.3,74.71,26.31,6.45,1.01,307.47,40.0,0,normal
2027-05-06 11:12:11.110273,22.34,84.8,26.21,6.62,0.7,880.65,100.0,0,normal
2026-10-05 22:12:10.796157,23.41,70.79,23.0,6.54,1.1,547.89,40.0,0,normal
2026-09-28 21:12:10.785955,25.46,72.91,26.31,6.56,0.57,577.69,40.0,0,normal
2027-02-15 19:12:10.991295,30.0,83.61,24.28,6.55,0.72,816.99,100.0,0,normal
2026-10-18 00:12:10.814287,21.21,71.19,26.65,6.19,0.91,752.96,100.0,0,normal
2027-06-01 21:12:11.150486,24.85,76.26,24.43,6.06,0.38,461.8,40.0,0,normal
2026-11-18 01:12:10.860865,26.09,75.56,24.46,6.34,0.99,729.96,100.0,0,normal
2026-06-20 06:12:11.206826,33.95,75.0,13.55,6.15,2.49,600.0,25.85,1,combined_stress
2026-08-22 00:12:10.732056,30.0,72.44,24.7,6.6,0.84,561.2,40.0,0,normal
2026-11-27 17:12:10.875404,21.97,80.61,25.41,6.05,0.93,238.19,40.0,0,normal
2027-03-22 18:12:11.043948,29.14,75.59,24.09,5.99,0.84,343.7,40.0,0,normal
2026-10-23 23:12:10.822548,22.83,74.48,25.44,6.26,1.4,443.37,40.0,0,normal
2026-07-01 13:12:10.661408,23.28,69.22,26.63,6.3,0.65,615.54,100.0,0,normal
2026-11-28 20:12:10.877185,22.31,76.34,24.09,5.73,0.68,620.08,100.0,0,normal
2026-06-21 00:12:10.647105,20.7,73.66,25.97,6.23,0.32,699.37,100.0,0,normal
2027-02-17 09:12:10.993696,20.64,73.02,25.14,6.4,0.57,621.48,100.0,0,normal
2027-02-02 12:12:10.971518,21.45,74.07,25.1,6.66,0.3,461.82,40.0,0,normal
2027-06-18 20:12:11.177488,26.43,83.97,23.0,6.41,0.83,324.67,40.0,0,normal
2026-10-31 09:12:10.833149,25.24,77.03,25.73,5.5,0.82,1117.53,100.0,0,normal
2026-09-15 20:12:10.766999,21.21,73.41,26.07,6.33,0.26,647.52,100.0,0,normal
2026-09-05 23:12:10.752673,23.03,65.0,25.13,6.1,0.89,346.56,40.0,0,normal
2026-11-05 18:12:10.840673,26.89,70.29,25.23,5.99,1.17,773.37,100.0,0,normal
2027-02-04 07:12:10.974119,25.19,75.88,25.64,5.55,0.61,398.45,40.0,0,normal
2026-05-23 09:12:10.602484,23.92,74.24,24.71,5.92,1.2,574.8,40.0,0,normal
2027-05-03 01:12:11.105037,19.29,68.27,24.15,6.17,0.25,543.26,40.0,0,normal
2027-05-24 21:12:11.137864,27.16,75.66,26.26,6.1,0.83,539.3,40.0,0,normal
2026-06-21 14:12:11.204822,23.5,75.0,25.0,6.15,2.22,600.0,89.98,1,high_salinity
2026-11-07 08:12:10.842889,24.57,78.3,25.85,6.42,0.99,703.0,100.0,0,normal
2026-06-19 04:12:11.201240,36.73,53.11,25.0,6.15,0.75,600.0,0.0,1,high_temp
2027-01-07 21:12:10.936826,27.08,73.26,24.6,6.43,0.57,572.34,40.0,0,normal
2026-07-31 18:12:10.702949,24.75,74.48,25.67,5.85,0.9,749.37,100.0,0,normal
2026-09-15 09:12:10.766405,25.19,65.0,25.52,5.58,0.92,805.94,100.0,0,normal
2026-08-22 15:12:10.732891,22.3,81.72,25.86,6.72,1.0,482.91,40.0,0,normal
2027-01-19 11:12:10.952527,20.65,68.88,25.82,5.76,1.04,521.58,40.0,0,normal
2026-05-30 05:12:11.202742,23.5,75.0,14.82,6.15,2.75,600.0,41.23,1,drought
2026-10-25 21:12:10.825274,21.68,75.89,25.54,6.1,1.12,537.45,40.0,0,normal
2026-10-30 03:12:10.831306,19.11,69.55,25.68,5.73,0.5,668.46,100.0,0,normal
2027-02-13 12:12:10.987934,22.3,75.73,24.96,6.45,0.98,749.57,100.0,0,normal
2027-06-07 23:12:11.159170,26.72,71.13,25.19,6.13,1.33,871.97,100.0,0,normal
2027-05-29 08:12:11.145074,29.11,69.52,23.4,5.98,1.11,675.54,100.0,0,normal
2026-06-18 15:12:11.205236,23.5,75.0,25.0,4.25,0.75,600.0,0.0,1,ph_acidic
2027-04-06 06:12:11.066637,20.92,69.42,25.58,5.81,1.03,852.97,100.0,0,normal
2026-10-25 15:12:10.824802,17.0,82.53,26.19,6.38,1.17,570.2,40.0,0,normal
2027-06-09 18:12:11.162342,18.58,71.42,24.05,6.47,0.45,325.28,40.0,0,normal
2026-10-03 12:12:10.792501,17.0,69.82,24.75,5.77,1.29,538.69,40.0,0,normal
2027-04-12 00:12:11.074892,22.69,78.85,24.73,6.26,0.57,745.86,100.0,0,normal
2026-11-01 12:12:10.834641,21.55,84.28,23.75,5.86,1.14,1043.02,100.0,0,normal
2026-10-31 17:12:10.833585,22.57,76.23,25.68,5.5,0.3,612.34,100.0,0,normal
2026-08-24 22:12:10.735949,24.54,67.69,25.02,6.14,0.36,133.9,40.0,0,normal
2027-04-30 18:12:11.101726,23.51,70.78,24.06,6.4,0.85,449.68,40.0,0,normal
2026-07-19 10:12:10.685611,22.32,75.9,23.37,6.68,0.35,645.07,100.0,0,normal
2026-06-21 20:12:10.648210,25.25,79.67,24.35,6.8,1.28,697.1,100.0,0,normal
2026-11-15 19:12:10.857015,27.51,74.64,24.5,6.33,0.27,523.07,40.0,0,normal
2026-06-10 11:12:11.205256,23.5,75.0,25.0,4.02,0.75,600.0,0.0,1,ph_acidic
2027-03-24 06:12:11.046629,20.62,76.96,24.46,5.77,0.0,556.26,40.0,0,normal
2027-03-29 03:12:11.053512,28.03,72.55,24.71,6.42,0.74,545.23,40.0,0,normal
2026-10-29 12:12:10.830332,20.43,65.0,25.44,6.02,0.64,458.22,40.0,0,normal
2027-05-16 13:12:11.124490,22.76,76.68,25.8,6.46,0.63,316.28,40.0,0,normal
2026-09-09 22:12:10.757881,26.58,80.83,25.74,6.26,0.24,812.3,100.0,0,normal
2027-02-16 23:12:10.992845,21.27,70.65,24.2,5.73,0.88,461.8,40.0,0,normal
2027-03-03 03:12:11.014192,27.56,78.46,24.29,6.5,0.79,260.06,40.0,0,normal
2026-06-19 03:12:10.644629,23.8,81.59,25.15,5.86,0.84,726.52,100.0,0,normal
2027-03-13 08:12:11.030326,20.01,85.0,24.08,6.45,0.95,478.18,40.0,0,normal
2027-02-10 23:12:10.984353,22.54,75.36,24.75,6.44,0.48,325.67,40.0,0,normal
2026-10-29 02:12:10.829761,22.51,79.1,24.0,5.94,1.36,467.82,40.0,0,normal
2026-08-05 16:12:10.709493,18.81,74.1,24.44,6.3,0.72,356.76,40.0,0,normal
2027-05-04 05:12:11.106817,25.28,75.34,24.55,6.16,0.11,425.19,40.0,0,normal
2026-06-27 03:12:11.205030,23.5,75.0,25.0,4.5,0.75,600.0,60.0,1,ph_acidic
2027-06-09 07:12:11.161729,22.5,78.57,24.14,6.09,1.33,398.4,40.0,0,normal
2026-12-01 22:12:10.881717,24.38,65.0,24.95,6.07,0.72,220.02,40.0,0,normal
2027-03-22 14:12:11.043729,26.65,74.26,25.59,6.16,0.84,748.52,100.0,0,normal
2026-08-17 13:12:10.725895,22.77,73.46,24.49,6.53,0.65,813.71,100.0,0,normal
2027-04-08 05:12:11.069646,21.52,77.47,23.93,6.54,1.28,585.52,40.0,0,normal
2026-07-30 18:12:10.701607,22.02,71.79,25.17,6.68,0.41,594.98,40.0,0,normal
2026-08-17 14:12:10.725950,27.21,65.81,26.11,5.5,0.77,866.95,100.0,0,normal
2026-11-13 14:12:10.853746,20.97,68.57,24.77,5.85,0.84,717.23,100.0,0,normal
2027-03-07 20:12:11.021955,23.4,68.32,25.12,6.44,0.66,932.78,100.0,0,normal
2026-07-25 13:12:10.694539,27.87,70.39,26.51,6.64,0.57,748.91,100.0,0,normal
2027-03-30 18:12:11.055772,25.23,75.93,25.68,5.69,0.97,745.29,100.0,0,normal
2026-10-07 12:12:10.798471,26.62,70.88,25.89,6.55,0.79,614.39,100.0,0,normal
2027-03-20 03:12:11.040095,24.17,78.39,23.75,6.42,0.23,769.8,100.0,0,normal
2026-06-05 20:12:10.624509,20.92,79.82,26.04,6.49,1.37,1058.09,100.0,0,normal
2026-12-24 01:12:10.914166,23.67,77.21,25.06,6.06,1.03,365.95,40.0,0,normal
2026-07-21 22:12:10.689432,23.34,73.39,25.59,5.99,0.9,345.57,40.0,0,normal
2027-04-04 14:12:11.064180,23.16,67.77,25.61,6.05,0.34,506.8,40.0,0,normal
2027-06-16 23:12:11.173864,22.68,85.0,24.7,6.4,1.15,542.89,40.0,0,normal
2026-10-03 05:12:10.792008,29.82,65.78,25.62,5.53,0.71,626.64,100.0,0,normal
2026-06-30 04:12:10.659604,26.46,74.16,24.69,6.23,1.13,531.87,40.0,0,normal
2026-12-22 12:12:10.912123,18.64,72.52,23.46,5.97,1.14,740.5,100.0,0,normal
2027-01-23 20:12:10.958306,25.58,73.07,25.6,5.96,1.05,566.86,40.0,0,normal
2027-04-15 09:12:11.079985,28.02,73.02,23.53,6.44,0.94,604.33,100.0,0,normal
2026-08-03 00:12:10.705960,25.87,74.6,25.55,5.9,0.57,541.08,40.0,0,normal
2027-05-22 17:12:11.134626,24.97,75.35,25.72,6.19,0.21,740.57,100.0,0,normal
2027-04-03 11:12:11.062419,17.05,71.08,25.44,6.43,0.67,725.39,100.0,0,normal
2026-08-03 21:12:10.707129,18.51,80.13,25.09,5.75,1.03,797.57,100.0,0,normal
2026-07-10 21:12:10.674093,22.28,85.0,24.87,6.39,0.68,463.18,40.0,0,normal
2026-08-08 07:12:10.713134,23.33,69.54,25.14,6.2,0.82,511.05,40.0,0,normal
2026-09-10 05:12:10.758283,24.54,71.8,24.49,5.97,1.1,908.13,100.0,0,normal
2026-10-01 04:12:10.789179,23.83,80.74,23.54,5.99,0.96,622.08,100.0,0,normal
2026-08-14 01:12:10.721168,23.94,79.39,24.71,5.89,0.38,508.63,40.0,0,normal
2026-08-13 14:12:10.720550,19.28,77.98,25.74,6.26,0.96,699.63,100.0,0,normal
2027-05-01 14:12:11.103013,25.74,69.3,23.0,6.3,0.6,749.6,100.0,0,normal
2026-10-31 06:12:10.832974,17.46,76.2,23.86,6.56,0.49,549.47,40.0,0,normal
2026-05-22 10:12:11.206811,31.72,75.0,14.19,6.15,2.71,600.0,24.9,1,combined_stress
2026-10-03 22:12:10.793343,17.69,78.6,23.15,5.52,1.04,639.82,100.0,0,normal
2026-11-22 09:12:10.867834,24.75,76.18,24.3,5.85,0.54,837.23,100.0,0,normal
2026-12-05 17:12:10.887490,19.91,80.64,26.09,6.31,0.91,527.14,40.0,0,normal
2026-08-16 15:12:10.724689,26.52,71.29,24.75,6.34,1.37,455.43,40.0,0,normal
2026-12-25 12:12:10.916145,19.14,70.67,26.55,6.34,0.58,741.9,100.0,0,normal
2026-06-07 13:12:10.627539,24.75,85.0,26.08,6.1,0.66,928.13,100.0,0,normal
2026-09-15 05:12:10.766167,18.22,72.28,24.7,5.93,0.9,893.78,100.0,0,normal
2027-05-22 02:12:11.133561,22.66,73.94,24.75,6.22,0.88,653.22,100.0,0,normal
2027-02-17 01:12:10.993262,20.38,67.83,25.07,5.98,0.96,715.32,100.0,0,normal
2026-11-07 17:12:10.843917,20.4,68.93,26.43,5.71,1.5,877.97,100.0,0,normal
2027-01-09 07:12:10.938771,23.12,73.57,23.48,5.56,0.61,456.21,40.0,0,normal
2027-05-05 15:12:11.108867,23.93,81.04,25.6,6.22,0.78,687.09,100.0,0,normal
2026-06-12 10:12:11.200823,34.44,44.47,25.0,6.15,0.75,600.0,42.0,1,high_temp
2026-12-31 04:12:10.925681,22.4,75.1,24.92,6.27,1.12,741.02,100.0,0,normal
2027-04-19 11:12:11.086047,21.06,73.37,24.88,5.56,0.83,489.05,40.0,0,normal
2027-06-13 08:12:11.167624,22.97,81.67,25.41,6.62,0.43,636.74,100.0,0,normal
2027-03-02 02:12:11.012469,24.26,71.53,23.88,6.54,0.79,421.12,40.0,0,normal
2026-07-24 08:12:10.692889,23.74,72.08,24.15,6.55,0.38,904.23,100.0,0,normal
2027-04-28 10:12:11.098504,24.29,78.39,26.57,6.3,0.78,814.14,100.0,0,normal
2026-07-18 11:12:10.684320,26.48,65.0,25.85,5.9,0.91,277.83,40.0,0,normal
2027-01-13 09:12:10.944190,22.63,75.15,23.77,5.78,0.68,906.87,100.0,0,normal
2026-07-03 16:12:10.664239,21.71,76.49,25.08,6.37,0.42,673.0,100.0,0,normal
2026-09-06 20:12:10.753821,27.51,75.85,25.09,6.22,0.54,752.7,100.0,0,normal
2027-03-11 08:12:11.027433,18.13,75.87,25.68,6.0,0.89,465.45,40.0,0,normal
2027-01-11 06:12:10.941382,23.16,74.12,25.97,6.42,0.8,500.42,40.0,0,normal
2027-04-21 07:12:11.088503,17.47,72.54,25.62,6.51,1.1,629.54,100.0,0,normal
2026-12-16 17:12:10.903750,21.49,72.51,25.61,6.47,0.89,642.1,100.0,0,normal
2026-09-18 02:12:10.769969,20.32,82.24,26.16,6.23,0.83,690.17,100.0,0,normal
2027-04-30 20:12:11.101834,19.11,77.47,24.76,6.0,0.17,622.44,100.0,0,normal
2027-01-17 12:12:10.949943,17.0,78.31,25.5,6.32,0.89,703.9,100.0,0,normal
2027-01-20 11:12:10.953845,26.52,67.96,24.93,5.72,1.25,548.09,40.0,0,normal
2027-05-02 07:12:11.104037,19.59,81.05,25.76,6.44,0.46,729.94,100.0,0,normal
2027-01-20 01:12:10.953280,21.74,81.28,23.86,6.8,1.13,800.46,100.0,0,normal
2026-07-28 22:12:10.699187,19.26,79.21,25.19,6.2,0.64,613.78,100.0,0,normal
2026-12-11 17:12:10.896435,22.33,71.36,25.69,5.8,0.68,557.02,40.0,0,normal
2026-11-26 15:12:10.873793,26.35,69.37,24.73,6.43,0.84,401.57,40.0,0,normal
2026-10-15 20:12:10.811098,21.27,69.68,24.41,6.06,0.54,493.97,40.0,0,normal
2027-01-23 01:12:10.957255,26.4,78.97,25.97,6.26,0.81,674.88,100.0,0,normal
2027-04-11 03:12:11.073689,30.0,72.66,25.38,5.68,1.16,902.16,100.0,0,normal
2026-10-19 08:12:10.816165,26.21,78.51,25.4,6.25,0.81,343.83,40.0,0,normal
2027-06-18 08:12:11.176833,23.72,77.04,24.29,6.33,0.43,442.22,40.0,0,normal
2026-12-25 13:12:10.916200,23.68,72.22,25.14,6.53,0.12,721.66,100.0,0,normal
2026-05-31 19:12:10.617277,20.12,72.99,24.17,6.28,0.71,571.41,40.0,0,normal
2027-04-10 01:12:11.072100,25.19,78.56,25.43,6.29,1.15,284.7,40.0,0,normal
2026-10-27 05:12:10.827067,17.0,72.37,25.96,6.42,0.61,549.03,40.0,0,normal
2026-11-09 15:12:10.847090,23.48,68.24,24.47,6.38,0.51,631.93,100.0,0,normal
2027-02-09 07:12:10.981873,30.0,65.0,24.15,6.08,0.71,1048.83,100.0,0,normal
2026-12-16 10:12:10.903373,21.74,68.16,25.63,6.04,0.86,629.74,100.0,0,normal
2026-10-27 09:12:10.827284,22.77,77.56,26.06,5.85,0.67,605.64,100.0,0,normal
2027-06-05 13:12:11.155592,21.66,76.06,23.87,6.31,1.46,741.47,100.0,0,normal
2026-10-31 12:12:10.833313,25.48,71.36,25.7,6.3,0.56,437.15,40.0,0,normal
2026-12-17 09:12:10.904803,26.07,67.75,25.65,6.24,0.88,785.47,100.0,0,normal
2026-08-11 05:12:10.717007,24.57,71.35,23.42,5.89,0.8,892.92,100.0,0,normal
2027-02-11 02:12:10.984523,19.62,85.0,25.23,5.76,0.45,618.09,100.0,0,normal
2026-06-10 15:12:10.631949,17.0,69.92,23.71,6.5,0.77,515.24,40.0,0,normal
2027-04-01 17:12:11.059102,21.24,71.89,24.7,6.5,0.79,613.28,100.0,0,normal
2026-10-14 13:12:10.809212,24.65,75.44,26.38,6.3,0.73,830.64,100.0,0,normal
2027-01-30 20:12:10.967669,24.63,79.08,25.81,6.34,0.57,253.19,40.0,0,normal
2026-09-10 08:12:10.758465,21.04,76.78,26.46,6.19,0.87,798.74,100.0,0,normal
2026-06-04 13:12:11.204502,23.5,75.0,25.0,6.15,4.68,600.0,55.48,1,high_salinity
2026-08-22 17:12:10.732998,29.5,73.32,25.51,6.09,0.2,781.06,100.0,0,normal
2026-07-07 03:12:10.668865,17.0,70.14,25.55,6.0,1.09,420.83,40.0,0,normal
2026-08-21 05:12:10.730929,18.55,79.83,24.32,6.31,0.56,334.49,40.0,0,normal
2026-06-25 03:12:10.652831,22.99,68.56,26.65,6.42,0.63,827.51,100.0,0,normal
2027-01-09 04:12:10.938598,20.51,74.27,24.58,6.57,0.57,763.33,100.0,0,normal
2026-11-26 12:12:10.873622,26.74,70.62,23.25,6.2,0.8,538.56,40.0,0,normal
2027-01-18 10:12:10.951143,23.66,72.88,25.28,6.07,1.13,660.78,100.0,0,normal
2027-06-16 19:12:11.173635,22.02,66.08,25.39,6.33,0.65,616.86,100.0,0,normal
2027-05-22 18:12:11.134730,22.92,79.51,24.62,6.26,1.06,585.94,40.0,0,normal
2027-03-28 17:12:11.052943,25.45,73.94,25.89,5.98,0.72,578.01,40.0,0,normal
2026-09-08 09:12:10.755851,27.95,72.4,25.14,6.54,0.51,843.12,100.0,0,normal
2027-03-13 12:12:11.030557,24.02,71.61,26.88,6.23,0.61,717.37,100.0,0,normal
2027-06-17 06:12:11.174666,22.04,85.0,26.42,6.05,0.65,750.94,100.0,0,normal
2026-06-22 23:12:11.205812,23.5,75.0,25.0,8.37,0.75,600.0,0.0,1,ph_alkaline
2027-06-05 21:12:11.156042,21.1,83.89,24.44,6.59,1.15,701.06,100.0,0,normal
2026-06-28 01:12:10.656776,24.34,65.0,25.63,6.09,0.34,380.9,40.0,0,normal
2026-08-31 14:12:10.745564,21.38,74.49,24.69,6.35,1.04,860.37,100.0,0,normal
2027-01-29 09:12:10.965653,26.42,78.71,24.28,6.73,0.86,579.07,40.0,0,normal
2027-03-12 06:12:11.028666,24.14,71.19,24.44,6.14,0.92,508.81,40.0,0,normal
2026-06-25 02:12:10.652759,21.58,74.79,24.55,6.8,1.24,544.42,40.0,0,normal
2027-05-29 04:12:11.144815,26.18,73.4,24.81,6.47,0.28,160.58,40.0,0,normal
2026-10-11 07:12:10.804281,17.99,67.35,24.07,5.92,0.95,713.07,100.0,0,normal
2027-02-10 17:12:10.983936,26.16,77.44,24.37,6.11,1.35,642.31,100.0,0,normal
2026-08-27 14:12:10.740305,20.13,65.65,25.05,6.53,0.29,755.96,100.0,0,normal
2027-06-02 03:12:11.150822,18.49,67.28,25.72,6.28,0.83,625.52,100.0,0,normal
2026-10-01 00:12:10.788963,25.16,78.92,23.38,5.95,0.28,874.04,100.0,0,normal
2026-08-05 10:12:10.709172,23.88,72.17,24.63,5.84,0.89,729.18,100.0,0,normal
2027-05-29 15:12:11.145464,21.06,80.0,24.86,5.82,1.25,830.81,100.0,0,normal
2026-07-13 17:12:10.677842,25.89,72.58,25.67,6.09,0.82,641.8,100.0,0,normal
2026-12-19 23:12:10.908606,25.45,75.15,25.78,6.09,0.63,614.05,100.0,0,normal
2027-03-28 13:12:11.052665,22.82,74.93,25.39,6.48,0.64,372.6,40.0,0,normal
2027-01-20 04:12:10.953470,18.01,76.38,24.82,6.29,0.43,872.41,100.0,0,normal
2026-12-24 11:12:10.914703,17.93,66.95,25.42,6.55,0.82,528.22,40.0,0,normal
2026-11-23 10:12:10.869291,25.42,73.46,25.2,6.01,0.63,755.59,100.0,0,normal
2026-12-14 02:12:10.899786,30.0,73.12,26.93,6.07,0.64,845.21,100.0,0,normal
2026-11-06 14:12:10.841866,21.89,70.02,25.9,6.18,0.6,586.41,40.0,0,normal
2027-02-16 22:12:10.992791,23.85,69.23,23.91,5.93,0.42,608.65,100.0,0,normal
2026-10-23 07:12:10.821649,22.04,72.38,25.2,6.05,0.91,788.8,100.0,0,normal
2026-07-04 04:12:10.664913,24.17,73.98,24.85,6.3,0.97,380.79,40.0,0,normal
2027-06-11 14:12:11.165022,22.9,78.13,25.06,6.1,0.39,284.95,40.0,0,normal
2027-01-09 23:12:10.939660,23.49,80.63,25.76,6.79,0.9,668.39,100.0,0,normal
2026-07-12 05:12:10.675846,23.73,76.42,25.3,6.24,1.32,672.01,100.0,0,normal
2027-03-20 20:12:11.041126,24.56,72.21,23.98,6.08,0.58,512.99,40.0,0,normal
2027-03-01 17:12:11.011934,20.23,82.07,24.79,5.5,0.68,739.76,100.0,0,normal
2026-12-22 06:12:10.911784,23.97,78.71,25.7,6.54,0.47,702.47,100.0,0,normal
2026-05-24 05:12:10.603833,30.0,78.23,24.29,6.68,0.59,659.11,100.0,0,normal
2027-03-23 04:12:11.045167,27.18,70.52,25.2,6.44,1.03,1224.0,100.0,0,normal
2026-06-14 21:12:11.205619,23.5,75.0,25.0,7.59,0.75,600.0,60.0,1,ph_alkaline
2026-05-28 16:12:10.612058,24.8,77.68,24.24,6.02,1.28,642.67,100.0,0,normal
2026-07-02 12:12:11.202968,23.5,75.0,14.13,6.15,3.39,600.0,36.74,1,drought
2026-07-27 04:12:10.696815,21.65,80.96,23.41,6.71,0.59,600.55,100.0,0,normal
2026-07-27 06:12:10.696947,27.02,68.92,27.0,6.37,0.8,559.84,40.0,0,normal
2026-06-22 02:12:11.205059,23.5,75.0,25.0,4.66,0.75,600.0,60.0,1,ph_acidic
2027-06-14 14:12:11.169322,26.68,76.3,24.94,5.87,0.75,447.81,40.0,0,normal
2027-03-06 16:12:11.019986,23.69,67.19,25.31,5.64,1.03,797.39,100.0,0,normal
2027-02-20 19:12:10.998661,25.52,74.27,23.64,5.97,0.59,895.76,100.0,0,normal
2027-02-03 07:12:10.972784,25.08,78.68,23.09,5.82,1.16,562.7,40.0,0,normal
2027-04-07 11:12:11.068484,23.05,74.33,23.47,6.45,0.84,511.66,40.0,0,normal
2026-10-29 19:12:10.830707,25.45,72.62,24.91,5.98,1.27,666.21,100.0,0,normal
2026-05-23 08:12:11.204654,23.5,75.0,25.0,6.15,5.82,600.0,39.55,1,high_salinity
2027-02-24 17:12:11.004455,26.83,74.41,23.43,5.85,0.42,513.74,40.0,0,normal
2026-09-16 21:12:10.768384,22.08,70.62,23.76,6.14,0.78,794.91,100.0,0,normal
2026-06-09 05:12:10.629843,21.34,79.99,26.32,6.32,0.91,905.3,100.0,0,normal
2027-04-24 15:12:11.093198,20.63,70.07,23.46,5.8,0.85,499.97,40.0,0,normal
2027-04-27 06:12:11.096905,22.08,78.85,25.76,6.26,0.83,327.18,40.0,0,normal
2026-10-30 15:12:10.831980,22.72,67.67,25.65,6.21,0.4,155.04,40.0,0,normal
2026-07-27 05:12:10.696891,23.71,82.29,24.92,5.87,0.54,186.21,40.0,0,normal
2026-09-14 21:12:10.765670,22.51,71.06,25.74,6.58,1.28,455.15,40.0,0,normal
2027-05-31 03:12:11.148087,21.31,76.35,25.06,6.38,1.09,448.32,40.0,0,normal
2027-05-13 15:12:11.120361,20.49,84.01,25.47,5.99,0.66,520.72,40.0,0,normal
2027-01-13 23:12:10.944962,24.14,75.24,23.0,6.09,0.52,287.86,40.0,0,normal
2026-11-03 06:12:10.837176,24.63,74.61,24.44,6.44,0.27,715.61,100.0,0,normal
2026-12-05 00:12:10.886532,25.63,75.48,24.96,6.59,0.73,146.08,40.0,0,normal
2026-07-01 14:12:10.661481,21.64,76.07,24.66,6.62,0.48,476.82,40.0,0,normal
2026-07-12 15:12:10.676404,23.86,70.21,25.35,6.5,0.55,417.31,40.0,0,normal
2026-09-22 00:12:10.775610,21.47,79.04,24.55,6.24,0.22,753.28,100.0,0,normal
2026-08-27 15:12:10.740359,23.43,76.89,26.05,6.3,0.81,504.12,40.0,0,normal
2027-02-17 15:12:10.994028,24.7,80.98,24.91,6.46,0.95,452.61,40.0,0,normal
2027-03-22 12:12:11.043620,19.14,65.56,24.84,6.14,0.5,499.94,40.0,0,normal
2027-01-28 23:12:10.965096,24.97,73.66,25.78,6.32,0.7,930.14,100.0,0,normal
2026-08-19 23:12:10.729139,17.95,79.4,25.86,6.31,0.88,753.06,100.0,0,normal
2027-06-12 22:12:11.167039,20.37,66.37,25.68,5.95,0.64,130.23,40.0,0,normal
2027-02-20 12:12:10.998128,21.44,74.44,25.93,6.47,0.76,794.21,100.0,0,normal
2026-07-23 10:12:10.691638,22.5,75.35,24.92,5.9,0.96,296.27,40.0,0,normal
2026-11-27 10:12:10.875008,19.84,75.39,24.26,5.52,0.94,492.59,40.0,0,normal
2027-02-15 10:12:10.990776,24.63,85.0,25.54,6.8,0.67,346.53,40.0,0,normal
2026-11-15 10:12:10.856484,19.61,67.86,23.72,6.11,0.77,370.1,40.0,0,normal
2026-08-30 23:12:10.744727,29.13,84.83,27.0,6.07,0.43,597.27,40.0,0,normal
2027-05-13 18:12:11.120522,20.76,73.82,24.89,5.71,0.61,329.49,40.0,0,normal
2026-12-24 02:12:10.914220,26.78,74.99,25.24,5.57,0.74,766.69,100.0,0,normal
2027-01-12 08:12:10.942811,28.57,78.79,23.64,6.0,0.88,478.68,40.0,0,normal
2026-06-05 22:12:10.624621,29.76,74.44,25.04,5.71,0.83,546.08,40.0,0,normal
2026-12-26 11:12:10.917444,20.63,81.5,23.62,6.11,0.54,617.32,100.0,0,normal
2027-04-20 17:12:11.087747,21.01,80.92,25.5,5.87,0.4,680.94,100.0,0,normal
2027-06-10 22:12:11.163901,24.22,73.06,23.0,5.98,0.73,720.07,100.0,0,normal
2026-08-17 05:12:10.725468,26.48,76.01,24.58,5.96,0.78,667.54,100.0,0,normal
2027-01-02 10:12:10.928964,21.17,81.11,26.01,5.99,1.22,488.45,40.0,0,normal
2026-08-14 00:12:10.721115,18.78,78.22,24.28,6.15,0.42,462.91,40.0,0,normal
2027-06-03 09:12:11.152619,21.72,77.03,24.42,6.18,1.08,691.61,100.0,0,normal
2026-11-06 13:12:10.841812,21.97,80.28,23.82,5.71,0.53,527.21,40.0,0,normal
2026-05-29 20:12:10.614308,26.65,73.46,24.6,6.37,0.76,332.26,40.0,0,normal
2027-03-03 16:12:11.015040,22.57,76.11,25.55,5.85,1.23,694.53,100.0,0,normal
2026-10-21 08:12:10.818907,20.91,82.07,26.3,6.12,0.36,451.62,40.0,0,normal
2026-10-11 19:12:10.805051,18.86,80.96,23.59,6.07,0.48,556.18,40.0,0,normal
2027-03-17 16:12:11.036572,28.07,80.95,24.68,6.49,0.72,339.43,40.0,0,normal
2026-07-18 14:12:10.684483,21.23,77.48,24.44,6.79,0.84,373.1,40.0,0,normal
2027-03-29 02:12:11.053458,23.83,79.59,25.89,6.7,0.69,559.0,40.0,0,normal
2026-06-08 06:12:10.628542,24.13,75.89,24.26,6.24,0.99,771.45,100.0,0,normal
2026-12-17 22:12:10.905607,20.63,76.56,24.21,6.21,0.67,676.95,100.0,0,normal
2026-12-12 02:12:10.896978,25.79,77.09,24.52,6.39,1.04,456.77,40.0,0,normal
2026-10-08 01:12:10.799192,23.81,77.03,26.44,6.31,0.96,594.98,40.0,0,normal
2026-10-19 07:12:10.816111,23.86,72.68,25.14,6.2,0.67,781.81,100.0,0,normal
2026-10-01 08:12:10.789422,21.49,77.36,26.05,5.72,0.97,803.22,100.0,0,normal
2026-08-23 10:12:10.733951,20.8,71.43,25.16,6.31,0.39,834.22,100.0,0,normal
2026-06-07 08:12:11.203511,23.5,75.0,29.65,6.15,0.75,600.0,50.0,1,overwater
2027-04-11 18:12:11.074550,27.92,82.42,25.71,5.63,1.0,487.23,40.0,0,normal
2026-06-01 17:12:10.618545,18.38,77.97,25.57,5.89,1.12,669.96,100.0,0,normal
2027-06-20 03:12:11.179520,21.42,76.74,25.62,6.47,0.46,958.15,100.0,0,normal
2026-05-30 09:12:10.615201,20.86,80.3,26.36,5.93,1.06,860.87,100.0,0,normal
2026-08-23 04:12:10.733627,21.85,84.29,25.86,5.76,0.1,358.26,40.0,0,normal
2026-12-05 16:12:10.887436,20.7,76.15,23.94,6.12,0.49,870.18,100.0,0,normal
2026-08-03 16:12:10.706838,22.87,65.26,24.34,5.94,0.81,339.03,40.0,0,normal
2026-11-14 13:12:10.855090,23.46,69.66,25.14,5.99,0.56,615.02,100.0,0,normal
2027-02-26 07:12:11.006812,23.46,76.66,24.04,5.65,0.94,792.41,100.0,0,normal
2027-05-09 00:12:11.113892,23.7,67.92,25.5,5.9,1.05,716.81,100.0,0,normal
2026-05-31 22:12:11.201046,37.87,49.84,25.0,6.15,0.75,600.0,0.0,1,high_temp
2026-07-26 13:12:10.695997,22.6,73.28,24.81,6.04,1.12,699.43,100.0,0,normal
2026-05-23 01:12:10.602052,23.95,68.96,25.61,6.61,0.93,465.22,40.0,0,normal
2026-10-09 04:12:10.801183,25.9,65.0,25.17,5.94,0.94,154.6,40.0,0,normal
2026-07-06 09:12:10.667853,20.55,68.76,25.49,6.0,0.58,332.19,40.0,0,normal
2026-12-02 19:12:10.883148,21.6,76.27,24.21,6.29,0.38,469.3,40.0,0,normal
2026-09-11 07:12:10.760342,25.58,78.19,25.25,6.25,0.8,663.96,100.0,0,normal
2027-04-02 20:12:11.061547,28.1,72.66,24.19,6.3,0.77,558.46,40.0,0,normal
2026-10-10 15:12:10.803382,22.97,81.67,25.04,6.8,0.87,894.92,100.0,0,normal
2026-10-17 08:12:10.813262,24.49,74.77,24.59,5.71,0.75,953.77,100.0,0,normal
2027-06-07 10:12:11.158349,17.57,72.84,26.14,5.96,0.53,47.61,40.0,0,normal
2026-09-17 10:12:10.769080,23.79,77.9,25.21,6.35,0.29,801.86,100.0,0,normal
2026-08-26 08:12:10.738641,23.62,72.17,27.0,6.43,1.14,387.45,40.0,0,normal
2027-05-04 03:12:11.106708,21.19,75.72,24.54,5.91,0.32,822.47,100.0,0,normal
2026-10-03 19:12:10.793177,25.87,65.48,25.9,6.32,0.58,766.04,100.0,0,normal
2026-11-11 01:12:10.849423,19.28,73.78,26.14,6.22,1.06,620.97,100.0,0,normal
2026-07-15 14:12:10.680344,18.19,84.48,23.69,6.3,0.99,461.88,40.0,0,normal
2026-06-20 00:12:10.645797,28.13,78.15,24.58,6.07,0.7,441.54,40.0,0,normal
2026-06-10 10:12:11.201621,10.6,75.0,25.0,6.15,0.75,600.0,60.0,1,low_temp
2026-10-25 09:12:10.824439,23.92,65.0,23.0,6.07,0.76,397.6,40.0,0,normal
2027-02-10 02:12:10.983093,23.56,78.33,25.5,5.77,0.77,468.01,40.0,0,normal
2026-07-12 04:12:10.675792,23.89,78.79,24.99,5.95,0.61,444.98,40.0,0,normal
2026-08-13 08:12:10.720223,18.04,79.85,25.17,6.11,0.59,803.56,100.0,0,normal
2026-06-02 13:12:10.619773,20.6,77.62,25.92,6.13,0.0,398.21,40.0,0,normal
2027-06-08 11:12:11.160144,23.94,67.75,25.78,6.07,0.42,359.31,40.0,0,normal
2027-03-12 22:12:11.029746,28.42,82.34,25.27,6.08,0.62,423.68,40.0,0,normal
2027-01-24 02:12:10.958655,23.41,80.26,24.5,6.05,0.56,665.77,100.0,0,normal
2026-09-22 02:12:10.775718,24.46,76.41,25.3,6.54,0.61,409.51,40.0,0,normal
2026-10-20 14:12:10.817871,22.59,77.34,24.63,6.38,0.71,413.16,40.0,0,normal
2026-10-31 19:12:10.833694,21.25,72.55,25.76,6.8,0.53,653.8,100.0,0,normal
2026-12-07 03:12:10.889610,18.41,69.43,26.12,6.03,0.73,836.31,100.0,0,normal
2027-01-20 14:12:10.954007,18.96,83.99,25.51,6.67,0.9,584.72,40.0,0,normal
2026-06-21 13:12:11.203392,23.5,75.0,15.83,6.15,2.33,600.0,44.19,1,drought
2026-11-09 14:12:10.847034,27.74,73.9,25.35,5.65,0.34,721.24,100.0,0,normal
2027-05-14 21:12:11.122171,24.07,73.09,25.72,6.04,1.31,454.35,40.0,0,normal
2026-07-08 10:12:10.670718,25.19,70.02,24.85,6.29,1.34,968.63,100.0,0,normal
2026-09-14 08:12:10.764950,22.6,74.49,24.52,6.54,0.66,1069.5,100.0,0,normal
2026-08-27 07:12:10.739902,30.0,80.33,25.65,5.97,0.9,561.0,40.0,0,normal
2027-04-08 00:12:11.069370,24.93,71.25,24.34,6.3,0.72,394.47,40.0,0,normal
2026-06-30 07:12:10.659766,24.62,81.14,25.82,6.53,1.17,643.22,100.0,0,normal
2027-04-06 04:12:11.066529,23.7,67.8,26.47,6.36,0.74,270.37,40.0,0,normal
2026-09-02 19:12:10.748482,23.1,73.53,23.53,6.39,0.44,485.16,40.0,0,normal
2026-06-12 09:12:11.203148,23.5,75.0,13.06,6.15,2.34,600.0,0.0,1,drought
2027-02-08 03:12:10.979806,26.29,68.22,23.81,6.04,0.44,517.24,40.0,0,normal
2026-12-13 16:12:10.899205,24.07,83.63,25.58,5.99,0.09,445.17,40.0,0,normal
2026-11-02 00:12:10.835340,23.97,70.63,26.1,6.02,0.81,692.05,100.0,0,normal
2027-03-07 18:12:11.021826,22.24,71.78,25.21,6.12,1.14,395.65,40.0,0,normal
2026-08-29 09:12:10.742653,21.23,80.29,25.41,6.09,1.4,617.59,100.0,0,normal
2026-05-26 20:12:10.608757,19.55,76.51,24.3,6.37,0.34,506.05,40.0,0,normal
2026-08-07 16:12:10.712206,22.5,85.0,25.24,5.98,0.74,641.4,100.0,0,normal
2026-06-07 02:12:11.206452,34.98,75.0,13.72,6.15,2.67,600.0,25.09,1,combined_stress
2026-09-29 00:12:10.786116,23.65,79.44,25.02,6.49,0.61,541.36,40.0,0,normal
2026-11-15 11:12:10.856543,20.79,81.23,24.46,5.67,0.79,282.69,40.0,0,normal
2027-03-10 11:12:11.025864,17.0,76.04,24.29,6.08,1.2,578.55,40.0,0,normal
2026-06-28 15:12:10.657562,23.29,75.59,24.77,6.09,0.62,616.01,100.0,0,normal
2026-09-16 12:12:10.767876,23.58,80.15,23.6,6.23,0.92,809.9,100.0,0,normal
2026-10-28 07:12:10.828496,20.0,65.77,23.57,6.29,0.24,461.27,40.0,0,normal
2027-03-14 15:12:11.032232,29.74,72.89,24.08,6.07,0.73,467.53,40.0,0,normal
2027-03-05 00:12:11.016944,26.05,70.61,26.15,5.8,0.8,765.4,100.0,0,normal
2026-06-15 20:12:11.201483,37.68,58.65,25.0,6.15,0.75,600.0,0.0,1,high_temp
2026-12-03 20:12:10.884598,18.91,77.15,27.0,5.74,0.81,357.56,40.0,0,normal
2027-06-07 12:12:11.158513,21.5,71.34,24.54,6.5,0.82,789.46,100.0,0,normal
2026-10-27 11:12:10.827392,23.59,72.34,24.69,5.89,0.79,633.59,100.0,0,normal
2027-01-29 21:12:10.966366,26.65,72.73,24.17,5.66,1.1,514.27,40.0,0,normal
2027-01-19 03:12:10.952080,24.08,66.55,25.95,6.42,1.11,495.98,40.0,0,normal
2026-10-16 09:12:10.811819,27.17,75.83,24.09,6.2,1.4,602.58,100.0,0,normal
2026-10-28 10:12:10.828879,25.38,74.53,24.53,5.83,0.24,364.62,40.0,0,normal
2027-05-17 00:12:11.125122,24.6,81.32,24.22,6.07,1.08,626.58,100.0,0,normal
2027-05-15 14:12:11.123145,24.44,65.0,24.73,6.14,1.21,406.53,40.0,0,normal
2026-12-08 11:12:10.891614,29.65,70.08,24.63,5.95,0.65,525.52,40.0,0,normal
2026-08-11 03:12:10.716899,20.17,78.71,25.96,6.08,0.22,613.17,100.0,0,normal
2027-04-13 17:12:11.077576,23.9,74.33,24.62,6.21,0.71,914.11,100.0,0,normal
2027-05-15 03:12:11.122503,25.67,77.39,24.77,5.82,0.68,250.43,40.0,0,normal
2026-12-30 08:12:10.924292,22.78,65.17,26.71,5.68,0.52,351.82,40.0,0,normal
2026-10-14 09:12:10.808961,17.0,72.71,25.41,6.14,0.56,612.98,100.0,0,normal
2026-07-28 03:12:10.698131,20.13,70.36,25.16,6.0,0.22,743.17,100.0,0,normal
2027-03-28 19:12:11.053077,21.75,81.7,23.66,6.8,0.87,611.73,100.0,0,normal
2027-03-11 23:12:11.028272,24.02,72.47,25.63,6.49,0.91,635.1,100.0,0,normal
2026-12-02 22:12:10.883326,18.72,69.27,24.84,6.27,0.82,696.72,100.0,0,normal
2026-12-14 16:12:10.900721,25.72,72.96,26.27,6.07,0.61,622.42,100.0,0,normal
2027-01-21 12:12:10.955209,27.76,65.0,25.85,6.55,0.68,692.55,100.0,0,normal
2027-05-22 01:12:11.133506,19.69,68.27,24.68,6.24,0.72,626.36,100.0,0,normal
2026-12-06 10:12:10.888434,22.67,75.98,24.97,5.89,0.62,873.34,100.0,0,normal
2026-08-21 11:12:10.731252,26.81,77.73,25.53,6.01,0.53,577.48,40.0,0,normal
2027-04-20 09:12:11.087287,26.92,76.03,26.84,5.84,0.37,720.09,100.0,0,normal
2027-01-14 14:12:10.945770,22.65,78.9,25.51,5.71,1.15,552.57,40.0,0,normal
2026-12-21 02:12:10.910219,26.59,69.53,25.86,6.01,0.97,294.72,40.0,0,normal
2026-06-14 06:12:10.637553,26.87,65.76,25.54,6.8,0.66,528.37,40.0,0,normal
2027-04-22 23:12:11.090819,24.67,80.83,26.01,5.78,1.24,558.24,40.0,0,normal
2026-12-22 04:12:10.911660,18.8,68.01,24.04,6.76,0.79,678.6,100.0,0,normal
2026-07-11 08:12:10.674697,26.36,72.23,26.37,5.72,0.81,387.8,40.0,0,normal
2027-03-10 23:12:11.026773,21.54,85.0,25.0,6.39,0.44,659.28,100.0,0,normal
2027-03-22 11:12:11.043544,20.42,79.71,25.14,5.87,0.21,581.9,40.0,0,normal
2026-07-23 23:12:10.692399,23.69,75.51,25.26,6.15,0.98,744.42,100.0,0,normal
2027-05-25 11:12:11.138775,24.02,78.25,25.13,6.19,0.2,311.59,40.0,0,normal
2026-10-28 14:12:10.829113,23.4,71.74,25.22,6.02,0.56,956.41,100.0,0,normal
2026-10-24 13:12:10.823340,26.63,77.66,25.21,6.48,0.49,811.56,100.0,0,normal
2027-04-18 11:12:11.084409,18.16,72.21,26.74,5.63,0.4,336.13,40.0,0,normal
2026-10-02 20:12:10.791527,22.04,76.48,25.6,6.2,0.86,273.46,40.0,0,normal
2026-10-20 07:12:10.817489,23.6,77.45,24.34,5.98,0.58,512.55,40.0,0,normal
2026-08-01 05:12:10.703544,23.78,72.46,26.36,5.96,0.77,775.24,100.0,0,normal
2026-08-06 22:12:10.711167,23.97,77.85,23.83,6.51,0.22,491.92,40.0,0,normal
2026-06-02 03:12:10.619214,23.78,71.87,25.16,5.85,0.79,753.01,100.0,0,normal
2027-01-26 10:12:10.961737,25.13,76.73,25.01,6.38,0.52,732.4,100.0,0,normal
2026-07-08 13:12:10.670880,26.94,71.17,24.52,6.22,0.37,857.68,100.0,0,normal
2026-09-30 19:12:10.788626,18.67,75.38,25.21,6.8,0.71,942.95,100.0,0,normal
2027-02-04 16:12:10.974622,26.1,65.57,25.72,5.75,0.9,416.93,40.0,0,normal
2026-08-15 07:12:10.722826,17.57,83.28,26.3,6.79,0.99,538.45,40.0,0,normal
2026-10-24 11:12:10.823232,20.59,66.83,23.97,5.96,0.69,292.78,40.0,0,normal
2026-08-09 14:12:10.714832,24.32,68.57,25.45,5.99,0.8,757.37,100.0,0,normal
2027-03-22 09:12:11.043437,17.57,70.77,23.86,5.71,1.23,598.64,40.0,0,normal
2026-09-09 21:12:10.757827,26.43,68.32,24.88,6.13,1.02,397.01,40.0,0,normal
2026-06-18 09:12:10.643634,24.81,78.83,24.92,6.38,1.11,265.54,40.0,0,normal
2026-07-15 12:12:10.680236,24.96,75.44,24.27,6.31,0.39,746.13,100.0,0,normal
2027-05-19 20:12:11.130206,24.68,74.42,24.43,6.13,0.95,616.67,100.0,0,normal
2026-07-02 15:12:10.662862,28.03,70.76,24.28,6.14,0.69,436.15,40.0,0,normal
2027-03-27 14:12:11.051395,27.47,71.54,24.04,6.18,0.74,780.55,100.0,0,normal
2026-09-17 03:12:10.768705,21.2,79.77,25.16,5.57,0.3,531.91,40.0,0,normal
2027-06-08 08:12:11.159981,18.31,79.58,25.49,5.8,0.75,464.41,40.0,0,normal
2027-01-22 01:12:10.955939,25.48,78.68,24.13,6.44,0.53,706.84,100.0,0,normal
2026-07-12 14:12:10.676350,27.16,69.3,26.74,5.83,1.01,416.49,40.0,0,normal
2026-08-19 16:12:10.728735,20.95,66.44,24.56,6.38,0.81,654.72,100.0,0,normal
2026-05-22 05:12:11.205909,23.5,75.0,25.0,7.3,0.75,600.0,60.0,1,ph_alkaline
2026-06-17 04:12:11.206038,23.5,75.0,25.0,6.15,0.75,1.83,0.0,1,low_light
2027-05-30 12:12:11.147076,25.1,71.69,26.49,6.03,0.58,674.48,100.0,0,normal
2027-04-30 00:12:11.100612,29.95,85.0,26.14,6.3,0.21,616.61,100.0,0,normal
2027-02-20 03:12:10.997648,24.51,70.33,25.65,5.91,0.84,363.85,40.0,0,normal
2026-12-20 04:12:10.908906,22.83,85.0,25.42,6.46,0.73,562.77,40.0,0,normal
2026-08-21 03:12:10.730789,21.98,75.0,26.34,5.88,0.49,798.58,100.0,0,normal
2026-07-08 07:12:10.670528,28.93,77.27,25.07,6.39,1.15,376.31,40.0,0,normal
2026-12-16 13:12:10.903534,25.61,75.13,25.73,6.27,0.98,680.22,100.0,0,normal
2027-04-26 10:12:11.095786,17.0,70.98,26.09,5.75,0.51,669.79,100.0,0,normal
2026-07-15 08:12:10.679996,27.34,75.32,24.34,6.12,0.97,759.51,100.0,0,normal
2027-05-12 16:12:11.119062,19.19,70.65,25.78,6.41,1.2,611.99,100.0,0,normal
2026-07-28 20:12:10.699079,27.34,80.2,25.98,6.11,0.17,506.7,40.0,0,normal
2027-05-20 00:12:11.130438,19.99,65.0,23.0,5.78,0.51,351.83,40.0,0,normal
2026-07-24 11:12:10.693070,19.74,79.52,25.2,6.07,0.78,624.31,100.0,0,normal
2026-06-27 17:12:11.204610,23.5,75.0,25.0,6.15,7.78,600.0,12.05,1,high_salinity
2026-06-05 23:12:10.624676,26.41,73.49,25.03,5.88,0.82,725.03,100.0,0,normal
2026-05-27 19:12:10.610900,20.63,78.3,26.45,5.98,0.98,397.54,40.0,0,normal
2026-06-03 12:12:10.621138,26.1,76.36,23.95,5.98,1.3,770.12,100.0,0,normal
2026-07-25 21:12:10.694978,25.93,75.58,23.35,6.08,0.26,344.4,40.0,0,normal
2026-12-20 12:12:10.909358,24.09,81.23,25.9,6.44,0.2,862.76,100.0,0,normal
2026-06-06 23:12:10.626611,25.86,71.59,25.32,5.62,1.16,661.52,100.0,0,normal
2027-05-03 06:12:11.105499,30.0,67.75,24.48,6.26,0.56,556.9,40.0,0,normal
2027-03-07 10:12:11.021394,22.12,68.95,25.99,6.2,1.13,277.53,40.0,0,normal
2026-12-10 10:12:10.894628,23.94,74.19,25.43,5.5,0.97,522.46,40.0,0,normal
2026-10-01 13:12:10.789690,24.61,74.28,23.0,6.22,0.68,590.29,40.0,0,normal
2026-07-21 00:12:10.688032,23.09,76.51,24.3,6.28,0.79,450.04,40.0,0,normal
2027-03-15 03:12:11.033025,25.94,70.62,23.58,5.97,0.05,503.84,40.0,0,normal
2027-01-13 10:12:10.944243,22.94,85.0,23.71,6.27,0.81,569.93,40.0,0,normal
2026-06-30 11:12:10.659983,19.12,78.61,25.26,6.21,0.94,896.75,100.0,0,normal
2026-08-29 15:12:10.742982,20.76,69.72,23.0,6.11,0.7,279.39,40.0,0,normal
2027-01-06 03:12:10.934228,25.21,77.64,23.03,6.12,0.71,450.14,40.0,0,normal
2027-03-12 15:12:11.029350,19.38,71.36,24.73,5.78,0.53,449.38,40.0,0,normal
2027-06-10 12:12:11.163341,24.25,69.26,24.96,6.24,0.96,724.36,100.0,0,normal
2026-09-12 10:12:10.761831,19.97,74.76,25.2,6.35,0.38,632.76,100.0,0,normal
2026-08-10 13:12:10.716115,21.49,75.34,24.45,5.77,0.75,546.75,40.0,0,normal
2027-03-27 05:12:11.050647,22.3,80.34,23.89,6.22,0.91,354.25,40.0,0,normal
2026-10-03 21:12:10.793289,21.54,76.75,24.98,6.34,0.38,694.41,100.0,0,normal
2026-09-29 21:12:10.787367,26.0,85.0,23.53,6.04,1.03,576.09,40.0,0,normal
2026-11-11 12:12:10.850220,25.52,77.42,26.51,6.41,1.04,723.41,100.0,0,normal
2027-05-27 06:12:11.141800,24.94,77.36,25.43,6.42,0.98,219.56,40.0,0,normal
2026-10-27 16:12:10.827683,25.35,75.86,25.07,5.84,0.77,394.26,40.0,0,normal
2027-06-20 21:12:11.180533,23.05,79.52,25.55,6.26,1.36,1224.0,100.0,0,normal
2027-03-17 10:12:11.036250,20.5,82.09,24.68,6.53,0.23,564.63,40.0,0,normal
2026-05-30 17:12:11.205069,23.5,75.0,25.0,4.04,0.75,600.0,0.0,1,ph_acidic
2027-03-05 03:12:11.017106,21.3,80.19,25.31,6.05,1.01,900.81,100.0,0,normal
2026-11-11 03:12:10.849618,24.57,77.47,24.31,5.62,0.22,572.77,40.0,0,normal
2026-11-11 21:12:10.850735,22.94,72.36,24.28,5.57,0.21,842.9,100.0,0,normal
2026-06-24 05:12:10.651545,27.94,72.99,23.41,5.78,1.17,434.86,40.0,0,normal
2026-08-30 17:12:10.744408,24.64,72.73,24.92,6.34,0.91,460.22,40.0,0,normal
2027-05-19 16:12:11.129947,20.34,73.42,25.71,6.37,0.42,944.25,100.0,0,normal
2027-02-01 20:12:10.970387,25.94,72.21,24.49,5.84,0.03,653.73,100.0,0,normal
2026-06-23 18:12:10.650870,23.91,72.02,25.39,6.24,1.31,239.36,40.0,0,normal
2027-03-12 09:12:11.029008,21.63,68.33,23.39,6.02,0.51,206.3,40.0,0,normal
2026-09-30 15:12:10.788361,22.23,72.34,26.67,6.18,0.67,736.09,100.0,0,normal
2026-05-27 04:12:10.609198,25.21,76.01,25.45,6.43,0.44,489.55,40.0,0,normal
2027-06-19 23:12:11.179271,29.27,80.14,25.64,6.32,1.26,585.48,40.0,0,normal
2027-03-06 23:12:11.020663,28.94,85.0,25.5,5.91,0.78,895.73,100.0,0,normal
2026-08-20 13:12:10.730023,22.62,71.2,25.19,6.8,0.51,661.52,100.0,0,normal
2026-08-20 10:12:10.729732,22.26,72.5,23.18,5.79,0.63,711.12,100.0,0,normal
2027-03-04 14:12:11.016376,21.2,68.03,26.37,5.5,1.02,596.2,40.0,0,normal
2026-11-05 02:12:10.839712,21.35,72.37,26.93,6.21,1.21,629.28,100.0,0,normal
2027-06-13 06:12:11.167514,25.17,75.94,25.29,6.05,0.34,642.99,100.0,0,normal
2026-11-18 21:12:10.862454,20.58,74.83,25.53,6.4,0.54,592.57,40.0,0,normal
2026-06-28 23:12:10.657995,30.0,68.58,25.31,6.62,0.34,741.45,100.0,0,normal
2027-02-07 05:12:10.978463,23.28,79.12,24.8,6.59,1.22,860.42,100.0,0,normal
2027-04-10 17:12:11.072999,21.52,72.63,24.32,6.1,0.69,707.48,100.0,0,normal
2026-08-26 06:12:10.738534,24.12,75.3,23.0,6.2,1.17,802.58,100.0,0,normal
2026-05-23 05:12:11.202692,23.5,75.0,17.3,6.15,2.55,600.0,42.64,1,drought
2026-10-20 11:12:10.817711,27.8,74.75,24.37,6.42,0.58,553.32,40.0,0,normal
2026-07-13 10:12:10.677464,22.8,84.33,25.72,6.32,0.9,614.84,100.0,0,normal
2027-02-20 16:12:10.998498,22.8,75.41,23.4,6.36,0.99,621.69,100.0,0,normal
2026-11-23 19:12:10.869826,17.0,74.74,24.6,6.02,1.44,759.49,100.0,0,normal
2027-02-01 14:12:10.969964,24.24,65.0,24.27,6.11,1.22,961.69,100.0,0,normal
2026-07-10 03:12:10.673107,20.27,75.59,24.17,5.96,0.66,424.47,40.0,0,normal
2026-12-01 21:12:10.881654,24.06,74.71,23.0,6.3,0.84,639.74,100.0,0,normal
2027-02-05 03:12:10.975216,27.78,71.88,24.92,6.12,1.2,543.72,40.0,0,normal
2026-10-21 03:12:10.818594,22.81,73.0,25.64,6.32,0.13,576.82,40.0,0,normal
2026-06-09 11:12:10.630165,20.5,68.57,24.36,6.1,0.76,923.29,100.0,0,normal
2026-10-11 08:12:10.804408,23.62,78.79,25.15,6.8,0.48,258.91,40.0,0,normal
2026-07-19 08:12:10.685498,25.44,74.54,25.91,6.23,0.36,769.2,100.0,0,normal
2026-07-21 18:12:10.689191,25.17,69.54,25.8,6.06,0.7,460.67,40.0,0,normal
2027-03-31 10:12:11.056929,27.61,70.13,24.48,6.2,0.69,589.09,40.0,0,normal
2027-01-16 09:12:10.948469,24.93,72.53,24.06,5.94,0.97,565.92,40.0,0,normal
2026-07-04 23:12:10.665953,29.52,85.0,23.71,6.46,0.93,669.92,100.0,0,normal
2027-04-29 18:12:11.100291,23.16,77.23,25.5,5.89,0.6,475.29,40.0,0,normal
2026-10-05 12:12:10.795587,21.39,81.22,26.62,5.75,1.08,515.39,40.0,0,normal
2026-07-22 00:12:10.689542,25.03,75.72,25.61,5.94,1.02,609.98,100.0,0,normal
2026-10-23 04:12:10.821485,22.75,67.91,24.47,6.03,0.72,244.15,40.0,0,normal
2026-10-25 16:12:10.824858,25.36,70.7,25.14,5.92,0.88,657.33,100.0,0,normal
2026-06-29 18:12:10.659048,30.0,74.41,24.61,6.66,0.5,701.7,100.0,0,normal
2027-01-06 16:12:10.934999,25.57,74.24,25.95,6.53,0.89,639.74,100.0,0,normal
2027-02-15 13:12:10.990939,20.36,75.78,24.35,5.5,0.77,861.52,100.0,0,normal
2027-05-07 10:12:11.111580,21.74,74.07,24.54,6.28,0.66,567.77,40.0,0,normal
2026-08-06 06:12:10.710277,26.26,79.9,25.16,6.31,0.81,1179.55,100.0,0,normal
2026-09-21 01:12:10.774309,23.21,65.3,26.28,5.94,0.89,586.55,40.0,0,normal
2027-03-06 22:12:11.020607,25.03,74.34,25.14,5.98,0.69,364.22,40.0,0,normal
2027-02-18 11:12:10.995289,17.1,79.55,25.76,5.78,0.94,712.5,100.0,0,normal
2026-11-13 22:12:10.854220,21.65,65.45,26.42,6.11,0.66,1009.25,100.0,0,normal
2026-10-16 19:12:10.812413,20.55,74.95,24.43,6.59,0.78,235.75,40.0,0,normal
2027-01-10 07:12:10.940109,21.02,77.27,26.53,6.38,0.92,782.4,100.0,0,normal
2027-05-29 07:12:11.145018,23.42,81.28,25.62,6.04,0.85,1016.71,100.0,0,normal
2027-03-22 20:12:11.044252,17.0,75.12,24.26,5.93,0.33,285.77,40.0,0,normal
2027-04-25 11:12:11.094378,24.15,77.56,25.51,5.83,0.62,593.99,40.0,0,normal
2026-08-13 20:12:10.720876,22.9,73.26,24.33,6.32,0.89,698.45,100.0,0,normal
2026-06-29 02:12:10.658156,19.22,70.16,25.46,6.27,0.87,605.21,100.0,0,normal
2027-05-19 09:12:11.129526,17.67,73.97,25.82,6.2,0.74,314.83,40.0,0,normal
2027-03-20 15:12:11.040763,20.36,67.25,24.78,6.44,1.16,498.48,40.0,0,normal
2026-10-03 04:12:10.791955,22.91,84.96,23.0,6.18,0.63,781.94,100.0,0,normal
2026-09-07 15:12:10.754868,26.04,78.66,23.35,5.85,0.85,776.66,100.0,0,normal
2026-10-05 01:12:10.794955,24.2,79.19,25.03,6.02,1.04,369.44,40.0,0,normal
2026-12-13 09:12:10.898819,17.0,69.46,25.19,6.47,0.13,600.81,100.0,0,normal
2027-05-17 19:12:11.126693,20.33,82.05,25.32,6.25,0.85,857.77,100.0,0,normal
2027-02-19 13:12:10.996862,27.3,69.28,25.6,6.22,0.92,693.57,100.0,0,normal
2027-04-25 15:12:11.094593,24.95,75.99,25.48,6.3,0.66,612.64,100.0,0,normal
2026-05-22 07:12:10.600832,26.09,75.54,26.28,6.27,0.65,382.91,40.0,0,normal
2026-09-23 05:12:10.777526,28.45,80.49,23.39,6.26,0.62,768.39,100.0,0,normal
2027-02-20 08:12:10.997916,21.44,75.37,24.82,6.24,0.87,345.37,40.0,0,normal
2026-10-09 02:12:10.800785,23.0,71.62,25.35,6.18,0.92,595.25,40.0,0,normal
2026-12-06 23:12:10.889153,18.36,70.61,24.64,6.47,0.16,750.83,100.0,0,normal
2026-08-11 00:12:10.716711,25.62,85.0,24.35,6.36,0.1,808.37,100.0,0,normal
2027-06-15 18:12:11.171551,25.36,67.73,24.61,5.61,0.72,488.23,40.0,0,normal
2027-01-06 04:12:10.934283,29.63,66.87,24.31,6.51,1.25,565.29,40.0,0,normal
2026-07-29 04:12:10.699508,23.03,75.1,24.54,6.14,0.55,507.12,40.0,0,normal
2026-07-08 14:12:10.670934,27.6,74.64,25.04,6.8,0.62,753.58,100.0,0,normal
2026-08-15 02:12:10.722555,21.87,76.27,24.84,6.15,1.05,597.61,40.0,0,normal
2027-02-25 08:12:11.005412,22.16,80.11,26.58,6.04,0.71,602.68,100.0,0,normal
2027-04-12 16:12:11.076044,21.9,74.33,26.15,5.67,0.56,471.28,40.0,0,normal
2026-08-16 07:12:10.724258,26.13,76.92,25.95,5.69,0.8,589.78,40.0,0,normal
2026-09-29 15:12:10.787023,29.64,76.86,24.35,6.05,0.21,685.75,100.0,0,normal
2026-12-23 01:12:10.912843,17.53,76.24,27.0,5.69,1.35,763.29,100.0,0,normal
2027-04-18 09:12:11.084302,26.58,68.58,23.54,5.97,0.75,772.29,100.0,0,normal
2026-12-27 20:12:10.920199,25.64,66.39,24.69,6.09,0.57,798.34,100.0,0,normal
2026-08-23 11:12:10.734004,22.3,66.46,23.34,5.78,0.46,358.6,40.0,0,normal
2026-07-22 11:12:10.690144,26.49,74.13,26.01,6.44,0.54,796.02,100.0,0,normal
2027-05-14 20:12:11.122114,27.5,81.16,25.54,6.14,0.88,415.66,40.0,0,normal
2026-08-08 18:12:10.713729,22.18,67.84,24.6,6.07,1.24,784.66,100.0,0,normal
2026-10-12 04:12:10.805541,21.57,69.31,24.85,6.27,0.68,543.84,40.0,0,normal
2027-04-03 07:12:11.062199,21.7,74.81,24.34,6.2,0.66,449.03,40.0,0,normal
2027-05-21 18:12:11.133100,22.41,75.62,26.43,6.22,0.89,614.54,100.0,0,normal
2026-10-23 10:12:10.821813,20.24,72.79,25.64,6.52,1.17,564.78,40.0,0,normal
2026-08-14 06:12:10.721449,25.04,74.81,24.37,6.76,0.66,709.38,100.0,0,normal
2026-11-05 13:12:10.840371,20.42,75.09,25.54,5.51,0.7,420.61,40.0,0,normal
2027-05-24 20:12:11.137809,23.18,72.59,23.66,5.69,1.26,358.4,40.0,0,normal
2027-05-08 17:12:11.113424,22.26,73.92,25.04,6.28,1.0,932.17,100.0,0,normal
2026-10-14 21:12:10.809640,24.43,74.51,23.54,5.7,0.59,695.29,100.0,0,normal
2026-09-09 19:12:10.757720,22.92,77.06,24.66,5.77,0.93,682.67,100.0,0,normal
2027-05-09 06:12:11.114246,22.42,79.75,25.68,6.15,0.65,532.56,40.0,0,normal
2027-03-04 22:12:11.016838,24.77,70.05,24.94,6.57,0.8,644.98,100.0,0,normal
2026-07-08 03:12:10.670314,24.53,77.05,25.32,6.19,0.47,804.61,100.0,0,normal
2027-01-08 14:12:10.937802,27.17,68.07,24.77,6.28,0.45,806.25,100.0,0,normal
2027-03-24 12:12:11.046955,24.91,81.46,25.49,5.93,1.16,622.38,100.0,0,normal
2026-08-05 20:12:10.709710,22.82,72.84,25.9,6.58,0.55,908.08,100.0,0,normal
2027-04-01 00:12:11.058166,23.34,81.74,25.13,6.36,0.78,630.33,100.0,0,normal
2027-03-29 17:12:11.054283,24.58,78.74,23.79,6.32,0.29,881.44,100.0,0,normal
2026-11-17 23:12:10.860752,22.7,67.43,25.15,6.33,1.35,398.9,40.0,0,normal
2026-06-21 06:12:11.202018,11.6,75.0,25.0,6.15,0.75,600.0,60.0,1,low_temp
2026-11-10 17:12:10.848628,23.79,74.53,24.69,5.75,0.45,476.92,40.0,0,normal
2026-12-02 14:12:10.882841,26.91,77.69,24.86,6.5,0.71,401.92,40.0,0,normal
2026-07-12 13:12:10.676297,23.52,74.66,25.69,6.28,0.52,534.5,40.0,0,normal
2027-01-05 05:12:10.932820,22.61,69.08,24.88,6.46,0.77,306.1,40.0,0,normal
2026-06-27 19:12:11.205010,23.5,75.0,25.0,4.4,0.75,600.0,60.0,1,ph_acidic
2026-08-07 09:12:10.711775,27.98,73.96,26.27,6.58,1.18,710.3,100.0,0,normal
2026-08-25 03:12:10.736219,23.26,76.55,25.18,6.31,0.87,761.51,100.0,0,normal
2027-05-19 03:12:11.129139,29.47,71.57,24.61,5.83,1.01,626.45,100.0,0,normal
2027-06-14 06:12:11.168869,24.43,77.39,23.59,5.88,0.4,525.0,40.0,0,normal
2026-11-08 14:12:10.845192,28.07,73.9,25.12,5.7,1.01,728.84,100.0,0,normal
2027-03-12 03:12:11.028487,19.56,68.66,25.05,6.8,0.4,628.6,100.0,0,normal
2026-12-24 17:12:10.915049,20.96,79.59,24.29,6.16,1.11,684.3,100.0,0,normal
2027-02-12 18:12:10.986922,27.77,77.83,25.4,6.24,0.55,379.33,40.0,0,normal
2026-06-25 21:12:11.205938,23.5,75.0,25.0,8.1,0.75,600.0,60.0,1,ph_alkaline
2026-10-11 14:12:10.804744,27.77,71.28,25.32,6.37,0.62,480.43,40.0,0,normal
2027-06-12 03:12:11.165862,25.55,80.48,24.36,6.37,0.77,486.62,40.0,0,normal
2026-06-07 03:12:10.626944,18.21,79.32,24.98,5.93,0.52,784.89,100.0,0,normal
2027-05-13 02:12:11.119632,24.26,77.37,25.79,6.8,0.45,357.08,40.0,0,normal
2026-07-28 21:12:10.699134,17.0,73.54,25.91,5.81,0.68,488.33,40.0,0,normal
2026-10-18 10:12:10.814829,24.4,80.59,25.03,6.47,0.97,635.03,100.0,0,normal
2027-06-16 00:12:11.171979,23.94,80.94,24.34,6.5,0.26,610.4,100.0,0,normal
2026-09-12 03:12:10.761451,28.0,85.0,26.38,6.45,0.41,786.91,100.0,0,normal
2027-03-16 17:12:11.035296,27.78,74.22,25.86,6.21,0.59,149.31,40.0,0,normal
2027-05-08 09:12:11.112995,21.35,71.68,23.34,6.34,0.88,460.93,40.0,0,normal
2027-06-14 07:12:11.168923,25.99,66.89,26.56,6.19,0.89,266.3,40.0,0,normal
2027-01-12 20:12:10.943475,22.79,75.28,25.39,6.8,1.03,934.95,100.0,0,normal
2026-10-01 22:12:10.790174,27.27,74.77,23.71,6.17,0.84,414.01,40.0,0,normal
2026-05-27 18:12:11.206330,31.12,75.0,10.46,6.15,2.41,600.0,0.0,1,combined_stress
2026-11-17 10:12:10.859966,26.93,71.67,25.21,6.3,0.21,754.32,100.0,0,normal
2026-06-28 22:12:10.657941,21.08,67.69,26.04,6.25,0.31,727.06,100.0,0,normal
2027-01-01 10:12:10.927572,21.97,72.4,23.91,6.34,0.22,569.96,40.0,0,normal
2026-08-13 05:12:10.720058,20.48,83.11,26.4,6.07,0.47,840.77,100.0,0,normal
2026-08-07 19:12:10.712385,23.41,66.04,25.85,6.29,0.7,379.56,40.0,0,normal
2026-08-06 19:12:10.711006,21.61,82.53,25.01,5.51,0.99,989.19,100.0,0,normal
2026-09-03 02:12:10.748868,18.27,74.8,26.04,6.19,0.69,689.0,100.0,0,normal
2026-05-30 10:12:10.615261,20.74,73.67,24.99,5.72,0.74,677.97,100.0,0,normal
2027-04-16 07:12:11.081204,28.38,78.19,25.65,6.31,0.79,739.5,100.0,0,normal
2026-05-24 10:12:11.205412,23.5,75.0,25.0,4.17,0.75,600.0,0.0,1,ph_acidic
2026-12-18 15:12:10.906736,26.45,78.47,24.92,6.05,0.4,624.31,100.0,0,normal
2027-01-22 10:12:10.956448,22.34,72.71,25.73,6.07,0.87,714.28,100.0,0,normal
2026-11-04 23:12:10.839546,23.51,67.68,23.0,6.22,0.54,454.53,40.0,0,normal
2026-06-26 08:12:11.205648,23.5,75.0,25.0,7.36,0.75,600.0,60.0,1,ph_alkaline
2026-09-11 15:12:10.760787,21.68,78.9,23.92,6.56,0.77,618.89,100.0,0,normal
2026-10-12 18:12:10.806353,25.04,75.15,24.49,6.19,1.06,547.77,40.0,0,normal
2026-06-04 20:12:10.622955,25.19,78.87,25.45,6.37,0.69,761.56,100.0,0,normal
2027-03-15 09:12:11.033347,20.9,71.87,24.22,6.27,0.61,537.2,40.0,0,normal
2027-05-30 06:12:11.146751,22.05,77.01,24.92,5.99,0.59,320.03,40.0,0,normal
2027-04-27 02:12:11.096677,26.73,73.33,25.97,6.13,1.1,846.11,100.0,0,normal
2027-03-16 22:12:11.035564,19.87,71.37,23.91,5.69,0.71,543.33,40.0,0,normal
2026-09-01 12:12:10.746770,26.04,77.72,25.22,5.97,0.97,958.95,100.0,0,normal
2026-08-03 23:12:10.707239,24.93,78.02,23.91,6.17,0.38,567.89,40.0,0,normal
2027-02-22 05:12:11.000575,17.74,70.17,24.91,6.34,0.67,661.56,100.0,0,normal
2027-04-03 10:12:11.062365,25.89,74.97,25.42,5.96,0.89,628.55,100.0,0,normal
2027-04-19 16:12:11.086323,20.16,78.2,24.67,6.8,0.68,131.94,40.0,0,normal
2026-09-10 23:12:10.759847,22.76,72.75,24.13,6.42,1.04,787.78,100.0,0,normal
2027-06-07 01:12:11.157777,22.12,79.98,25.58,6.65,0.54,422.4,40.0,0,normal
2026-07-02 06:12:10.662349,20.13,71.78,23.0,6.35,0.59,396.23,40.0,0,normal
2027-03-11 01:12:11.026883,26.58,72.11,26.44,5.71,0.71,784.0,100.0,0,normal
2027-05-04 18:12:11.107708,19.71,73.43,24.33,6.3,0.48,893.52,100.0,0,normal
2027-05-30 01:12:11.146317,25.52,81.64,26.21,6.8,1.15,941.82,100.0,0,normal
2027-05-13 04:12:11.119745,27.38,83.05,24.68,6.45,0.36,430.18,40.0,0,normal
2027-01-18 23:12:10.951867,25.58,73.74,25.31,6.2,0.52,332.79,40.0,0,normal
2027-05-20 19:12:11.131786,24.21,72.11,23.92,6.52,0.89,613.98,100.0,0,normal
2027-05-19 07:12:11.129413,24.21,72.03,24.86,5.99,0.79,558.35,40.0,0,normal
2027-02-19 23:12:10.997433,27.38,71.76,25.1,6.13,0.25,810.65,100.0,0,normal
2026-09-26 05:12:10.782177,19.32,76.3,24.92,6.44,1.02,724.08,100.0,0,normal
2027-05-16 19:12:11.124827,24.29,77.89,26.73,5.98,1.23,368.69,40.0,0,normal
2027-01-04 15:12:10.932043,24.71,74.88,24.3,6.22,0.89,1016.65,100.0,0,normal
2026-05-29 06:12:10.613122,25.99,81.71,25.15,6.48,0.78,214.54,40.0,0,normal
2026-12-14 11:12:10.900429,21.68,73.03,25.27,6.02,0.8,556.27,40.0,0,normal
2026-11-30 08:12:10.879244,27.35,78.3,25.93,6.08,0.73,278.42,40.0,0,normal
2026-10-07 10:12:10.798362,20.49,74.25,26.45,5.77,0.32,734.75,100.0,0,normal
2027-05-08 00:12:11.112474,25.59,72.09,25.29,5.5,0.73,329.09,40.0,0,normal
2027-02-06 07:12:10.977067,20.23,72.07,25.42,6.3,0.88,796.25,100.0,0,normal
2027-02-27 02:12:11.007911,23.86,78.25,24.55,6.38,0.5,549.63,40.0,0,normal
2026-10-09 13:12:10.801670,19.63,77.43,26.65,5.65,0.76,813.78,100.0,0,normal
2027-01-29 01:12:10.965203,24.48,77.25,25.25,5.94,0.86,239.09,40.0,0,normal
2026-10-07 00:12:10.797788,26.55,75.27,25.1,5.56,0.61,849.27,100.0,0,normal
2027-03-26 22:12:11.050253,25.64,78.01,25.61,5.87,0.7,535.04,40.0,0,normal
2027-03-21 19:12:11.042389,19.13,69.19,25.02,6.35,0.85,251.6,40.0,0,normal
2027-04-02 22:12:11.061660,20.88,76.2,24.86,5.94,0.72,413.66,40.0,0,normal
2027-06-16 15:12:11.173379,22.81,74.81,25.23,6.6,0.82,770.14,100.0,0,normal
2026-06-18 18:12:11.201167,34.72,49.99,25.0,6.15,0.75,600.0,42.0,1,high_temp
2027-04-26 22:12:11.096461,25.44,85.0,25.38,6.14,0.74,498.91,40.0,0,normal
2026-12-03 00:12:10.883440,28.11,78.58,25.19,5.95,0.48,520.16,40.0,0,normal
2026-10-10 20:12:10.803683,24.36,75.77,24.24,5.89,0.79,390.75,40.0,0,normal
2026-05-22 19:12:10.601700,25.19,75.78,23.01,5.84,0.78,1013.48,100.0,0,normal
2026-10-22 20:12:10.821012,26.85,74.06,25.01,6.0,0.35,543.71,40.0,0,normal
2027-05-17 12:12:11.125973,29.37,77.99,25.36,5.91,0.65,1069.13,100.0,0,normal
2026-11-08 17:12:10.845385,24.2,73.06,25.66,5.94,0.68,783.73,100.0,0,normal
2026-10-20 05:12:10.817382,22.82,85.0,25.47,6.17,0.77,788.9,100.0,0,normal
2027-05-26 04:12:11.139775,22.93,72.12,24.28,5.98,0.65,504.99,40.0,0,normal
2026-08-20 15:12:10.730145,22.2,78.58,24.11,6.13,0.73,764.84,100.0,0,normal
2026-07-17 13:12:10.683004,26.32,65.0,24.19,6.14,0.69,469.25,40.0,0,normal
2026-12-16 11:12:10.903427,25.01,74.59,24.79,5.59,0.87,332.53,40.0,0,normal
2027-03-25 21:12:11.048787,25.06,85.0,23.9,6.06,0.71,519.76,40.0,0,normal
2027-03-06 11:12:11.019633,20.57,77.28,24.78,6.1,0.43,731.85,100.0,0,normal
2027-01-19 16:12:10.952795,17.42,74.75,24.55,6.23,0.45,538.78,40.0,0,normal
2027-06-21 20:12:11.181805,25.85,78.69,24.61,6.26,1.02,792.82,100.0,0,normal
2027-01-13 07:12:10.944083,18.49,74.86,26.76,6.13,0.86,349.12,40.0,0,normal
2026-09-28 17:12:10.785720,18.28,80.84,25.87,6.13,1.19,507.73,40.0,0,normal
2026-05-29 15:12:10.614033,23.07,74.26,25.0,6.16,1.24,392.44,40.0,0,normal
2026-10-20 19:12:10.818160,19.26,76.57,24.67,6.25,0.43,1015.76,100.0,0,normal
2027-05-25 23:12:11.139497,23.0,75.27,25.88,6.1,0.83,618.29,100.0,0,normal
2026-08-05 13:12:10.709332,27.85,72.22,25.77,6.6,0.66,381.59,40.0,0,normal
2027-04-15 01:12:11.079479,26.58,69.41,26.54,6.59,1.02,467.33,40.0,0,normal
2027-05-08 16:12:11.113370,24.25,77.98,25.17,6.06,1.23,519.23,40.0,0,normal
2026-12-12 17:12:10.897885,20.16,78.99,24.5,6.57,0.63,701.53,100.0,0,normal
2027-01-13 05:12:10.943974,25.79,84.47,23.29,6.05,1.37,528.53,40.0,0,normal
2027-05-12 20:12:11.119285,17.0,80.14,24.81,6.34,0.95,742.95,100.0,0,normal
2026-08-05 01:12:10.708663,20.84,70.67,24.73,6.06,0.66,568.44,40.0,0,normal
2027-06-11 09:12:11.164548,26.63,74.91,25.52,6.02,0.34,750.99,100.0,0,normal
2026-08-31 06:12:10.745116,26.51,72.19,25.12,6.55,0.69,668.37,100.0,0,normal
2027-01-05 11:12:10.933295,24.34,65.0,25.85,5.61,0.47,524.79,40.0,0,normal
2027-02-27 18:12:11.009104,24.07,80.64,24.87,5.91,1.03,548.91,40.0,0,normal
2026-06-11 00:12:11.205040,23.5,75.0,25.0,4.86,0.75,600.0,60.0,1,ph_acidic
2027-03-30 19:12:11.055826,29.18,81.52,23.93,5.91,0.54,1070.79,100.0,0,normal
2026-08-12 01:12:10.718330,18.58,70.51,25.11,6.31,0.38,560.14,40.0,0,normal
2027-05-04 09:12:11.107054,22.52,70.56,25.82,6.24,0.49,1025.2,100.0,0,normal
2027-04-26 03:12:11.095397,24.97,73.25,25.71,5.69,0.73,583.92,40.0,0,normal
2027-04-24 08:12:11.092803,19.94,77.65,26.02,6.03,1.02,680.79,100.0,0,normal
2027-04-01 03:12:11.058327,25.9,73.45,25.77,6.08,1.0,493.43,40.0,0,normal
2026-12-15 20:12:10.902542,22.61,75.29,25.8,5.88,0.0,496.87,40.0,0,normal
2026-06-26 13:12:11.204011,23.5,75.0,32.53,6.15,0.75,600.0,0.0,1,overwater
2026-12-01 19:12:10.881524,24.48,77.27,25.77,6.25,1.0,554.6,40.0,0,normal
2026-07-09 08:12:10.672023,23.76,78.6,25.12,6.12,0.39,618.77,100.0,0,normal
2026-07-11 14:12:10.675023,23.24,68.38,26.38,6.67,1.25,757.85,100.0,0,normal
2027-03-23 14:12:11.045738,22.04,66.63,25.08,5.81,0.35,1086.03,100.0,0,normal
2026-07-16 06:12:10.681230,19.94,77.81,23.46,5.88,0.9,557.71,40.0,0,normal
2026-05-24 16:12:11.202383,23.5,75.0,17.89,6.15,2.24,600.0,44.82,1,drought
2027-06-05 11:12:11.155475,26.9,71.91,25.26,6.28,0.59,509.29,40.0,0,normal
2026-12-07 21:12:10.890685,28.87,71.17,26.23,6.28,1.08,523.68,40.0,0,normal
2027-03-01 05:12:11.011271,22.75,74.85,25.41,6.09,0.2,134.6,40.0,0,normal
2027-01-19 01:12:10.951974,22.29,80.31,25.4,6.11,1.19,387.75,40.0,0,normal
2027-01-24 16:12:10.959432,23.16,70.93,25.33,5.72,0.76,674.26,100.0,0,normal
2027-06-12 17:12:11.166683,26.09,72.46,26.33,6.29,0.61,574.04,40.0,0,normal
2027-04-26 06:12:11.095560,26.03,65.0,25.69,5.85,0.2,913.77,100.0,0,normal
2026-07-21 16:12:10.689082,23.3,71.31,24.5,6.28,0.13,431.64,40.0,0,normal
2027-01-02 11:12:10.929021,25.15,72.67,23.0,6.43,0.72,582.47,40.0,0,normal
2026-07-01 05:12:11.205344,23.5,75.0,25.0,4.51,0.75,600.0,60.0,1,ph_acidic
2027-05-08 02:12:11.112583,25.15,84.21,26.29,6.01,0.35,699.29,100.0,0,normal
2026-12-14 19:12:10.900890,23.56,72.42,24.82,6.34,0.69,727.11,100.0,0,normal
2026-09-15 17:12:10.766839,20.9,78.18,23.31,6.53,0.76,472.1,40.0,0,normal
2026-07-29 13:12:10.700014,22.55,70.2,24.83,6.0,0.9,634.48,100.0,0,normal
2026-08-19 05:12:10.728129,27.28,79.76,25.43,6.09,0.83,519.97,40.0,0,normal
2026-11-27 01:12:10.874505,23.14,75.65,25.86,6.08,0.44,474.54,40.0,0,normal
2026-11-23 18:12:10.869765,22.64,77.16,24.91,6.18,0.29,569.52,40.0,0,normal
2027-05-29 21:12:11.145797,26.15,85.0,24.64,5.77,0.51,463.28,40.0,0,normal
2027-01-09 19:12:10.939446,23.98,68.48,24.66,5.5,0.92,519.47,40.0,0,normal
2026-11-20 11:12:10.864860,24.01,79.16,24.03,6.06,1.29,44.71,40.0,0,normal
2026-06-21 10:12:10.647674,30.0,73.95,26.44,5.81,0.88,799.73,100.0,0,normal
2026-11-19 14:12:10.863593,22.57,80.2,24.43,6.24,0.81,675.27,100.0,0,normal
2027-04-09 18:12:11.071717,22.74,80.0,25.57,6.32,0.46,643.11,100.0,0,normal
2027-02-25 21:12:11.006138,17.0,77.6,24.77,6.67,0.77,806.51,100.0,0,normal
2026-08-10 17:12:10.716331,21.95,73.05,25.13,5.9,0.56,724.48,100.0,0,normal
2026-10-27 02:12:10.826902,23.34,69.8,24.72,5.55,0.9,939.61,100.0,0,normal
2026-10-24 17:12:10.823554,24.09,67.17,24.66,5.66,0.69,367.62,40.0,0,normal
2026-08-24 06:12:10.735049,28.62,76.79,24.22,6.68,0.54,660.96,100.0,0,normal
2026-11-04 22:12:10.839475,25.22,71.68,24.78,6.09,0.74,924.15,100.0,0,normal
2026-07-07 07:12:10.669083,19.84,82.67,25.48,5.68,0.76,471.63,40.0,0,normal
2027-06-02 02:12:11.150767,20.28,72.16,24.16,5.97,1.22,405.57,40.0,0,normal
2027-01-05 09:12:10.933183,25.26,70.63,24.65,5.83,1.13,307.57,40.0,0,normal
2026-09-23 23:12:10.778655,24.24,76.55,24.51,6.21,0.46,793.42,100.0,0,normal
2026-08-29 19:12:10.743198,20.13,76.3,23.09,5.93,1.08,397.22,40.0,0,normal
2026-07-10 10:12:10.673484,20.32,79.59,24.76,6.8,0.65,408.55,40.0,0,normal
2026-08-13 16:12:10.720658,21.21,81.66,25.3,5.53,0.88,395.71,40.0,0,normal
2026-05-30 02:12:10.614660,25.85,76.45,25.27,6.13,0.8,599.23,40.0,0,normal
2027-01-10 20:12:10.940835,23.52,68.16,25.88,6.36,0.59,911.58,100.0,0,normal
2026-09-19 22:12:10.772683,20.69,71.81,23.3,5.99,0.92,647.37,100.0,0,normal
2026-06-15 03:12:10.638854,23.58,77.53,23.17,6.35,0.0,534.38,40.0,0,normal
2027-02-05 04:12:10.975270,24.39,79.53,25.86,6.29,0.19,832.95,100.0,0,normal
2027-01-07 06:12:10.935785,24.23,77.72,24.87,6.56,0.28,381.28,40.0,0,normal
2026-06-23 04:12:10.650077,24.8,85.0,24.83,6.09,0.58,849.4,100.0,0,normal
2027-04-13 13:12:11.077353,25.64,85.0,25.58,5.92,0.84,618.87,100.0,0,normal
2026-08-29 20:12:10.743265,26.61,78.13,24.72,5.96,0.88,845.0,100.0,0,normal
2026-07-22 15:12:10.690359,21.56,72.8,24.64,6.15,1.1,482.49,40.0,0,normal
2026-08-06 23:12:10.711223,25.09,78.8,23.6,6.65,0.55,822.54,100.0,0,normal
2027-06-05 10:12:11.155422,24.07,70.69,25.11,5.88,0.68,998.18,100.0,0,normal
2026-11-16 03:12:10.857506,26.16,76.66,25.13,5.85,0.95,877.37,100.0,0,normal
2026-10-24 21:12:10.823769,18.87,72.97,26.34,6.13,1.02,473.45,40.0,0,normal
2026-11-29 17:12:10.878384,22.79,69.43,25.93,6.23,0.94,674.66,100.0,0,normal
2027-04-23 21:12:11.092211,23.67,74.15,24.41,5.7,1.22,534.3,40.0,0,normal
2027-04-13 01:12:11.076529,22.6,71.98,25.42,6.3,0.53,791.36,100.0,0,normal
2027-02-24 05:12:11.003751,25.17,77.44,23.82,5.5,0.55,384.42,40.0,0,normal
2027-02-11 16:12:10.985316,25.58,77.63,23.98,5.98,0.78,762.0,100.0,0,normal
2027-04-25 10:12:11.094324,24.74,81.83,23.57,6.09,0.82,276.85,40.0,0,normal
2026-06-08 20:12:11.201204,34.75,50.3,25.0,6.15,0.75,600.0,42.0,1,high_temp
2026-12-12 20:12:10.898050,18.62,65.0,26.26,5.88,1.12,758.28,100.0,0,normal
2026-08-16 10:12:10.724421,19.55,78.39,25.56,5.5,0.54,606.6,100.0,0,normal
2026-12-06 03:12:10.888050,23.85,70.41,25.73,6.12,0.9,465.83,40.0,0,normal
2026-08-09 01:12:10.714126,20.38,73.91,24.62,5.86,0.48,416.22,40.0,0,normal
2027-06-17 08:12:11.174773,19.74,76.52,26.0,6.41,0.63,674.83,100.0,0,normal
2027-02-25 07:12:11.005358,20.42,79.98,24.67,6.22,0.73,443.61,40.0,0,normal
2027-02-09 06:12:10.981819,25.69,81.93,24.26,6.27,1.31,577.52,40.0,0,normal
2026-10-21 12:12:10.819207,25.16,71.11,24.53,6.02,1.01,761.02,100.0,0,normal
2027-02-20 06:12:10.997809,27.72,72.56,24.73,5.73,1.29,502.41,40.0,0,normal
2026-08-29 04:12:10.742383,25.52,75.11,24.56,6.29,1.23,656.1,100.0,0,normal
2026-07-21 08:12:10.688647,20.05,71.78,25.08,6.2,0.97,816.45,100.0,0,normal
2026-06-05 07:12:10.623577,25.38,67.55,26.16,5.9,0.76,927.47,100.0,0,normal
2026-12-21 16:12:10.911011,26.01,85.0,24.04,6.54,1.13,644.31,100.0,0,normal
2026-09-29 17:12:10.787130,23.2,68.13,26.05,6.54,0.73,513.6,40.0,0,normal
2026-09-04 08:12:10.750518,26.06,74.45,23.34,5.68,1.13,383.25,40.0,0,normal
2026-06-21 08:12:10.647564,24.61,68.96,23.41,6.65,0.45,727.0,100.0,0,normal
2026-11-28 18:12:10.877069,24.45,74.01,24.58,5.85,1.34,113.19,40.0,0,normal
2026-07-01 17:12:10.661644,24.58,73.22,26.62,6.35,0.29,842.79,100.0,0,normal
2027-05-06 13:12:11.110386,28.11,75.72,26.64,6.11,0.47,519.7,40.0,0,normal
2027-01-03 20:12:10.930973,26.38,70.7,25.81,6.38,0.53,557.34,40.0,0,normal
2027-06-02 08:12:11.151120,22.56,70.01,25.71,6.41,1.37,257.8,40.0,0,normal
2026-10-15 13:12:10.810678,24.9,72.42,23.91,6.28,0.63,512.39,40.0,0,normal
2027-04-19 05:12:11.085421,26.51,77.35,24.13,5.92,1.05,891.4,100.0,0,normal
2026-06-19 21:12:11.204363,23.5,75.0,25.0,6.15,1.82,600.0,95.46,1,high_salinity
2026-11-02 05:12:10.835616,23.87,73.24,25.92,6.4,1.02,479.44,40.0,0,normal
2026-07-15 04:12:10.679780,22.41,76.19,24.99,6.17,1.19,436.03,40.0,0,normal
2026-06-02 07:12:11.204094,23.5,75.0,34.52,6.15,0.75,600.0,0.0,1,overwater
2026-07-17 05:12:10.682559,24.93,76.23,25.38,5.95,0.72,687.66,100.0,0,normal
2026-06-18 13:12:10.643848,18.86,69.74,23.0,6.54,1.02,538.75,40.0,0,normal
2027-01-22 07:12:10.956262,26.31,83.81,25.82,5.67,0.5,764.78,100.0,0,normal
2026-07-23 05:12:10.691279,17.67,65.16,25.0,6.31,1.29,967.57,100.0,0,normal
2026-06-15 17:12:11.206105,23.5,75.0,25.0,6.15,0.75,5.71,0.0,1,low_light
2026-11-29 06:12:10.877745,25.77,85.0,26.33,6.04,0.61,597.55,40.0,0,normal
2026-06-05 08:12:11.201507,34.85,45.48,25.0,6.15,0.75,600.0,42.0,1,high_temp
2026-12-22 19:12:10.912505,22.9,79.51,24.67,6.41,1.05,801.09,100.0,0,normal
2026-08-26 12:12:10.738853,21.88,80.9,24.85,6.34,0.59,227.73,40.0,0,normal
2026-06-22 01:12:11.202119,8.85,75.0,25.0,6.15,0.75,600.0,60.0,1,low_temp
2026-06-17 14:12:11.201745,9.12,75.0,25.0,6.15,0.75,600.0,60.0,1,low_temp
2027-03-10 17:12:11.026312,21.17,71.14,25.95,6.36,0.48,343.63,40.0,0,normal
2026-07-06 06:12:10.667691,24.03,65.65,25.07,6.06,0.98,512.04,40.0,0,normal
2026-09-04 05:12:10.750357,18.93,69.23,24.82,5.98,0.8,455.31,40.0,0,normal
2027-05-10 03:12:11.115406,24.7,79.23,25.06,5.91,1.12,730.44,100.0,0,normal
2026-12-31 23:12:10.926762,25.64,74.59,25.84,6.28,0.51,815.3,100.0,0,normal
2026-10-02 07:12:10.790801,26.24,67.42,25.87,6.08,1.43,512.52,40.0,0,normal
2027-01-16 16:12:10.948843,26.26,73.22,25.55,5.54,0.56,666.11,100.0,0,normal
2026-11-05 01:12:10.839657,18.59,81.52,25.3,6.04,0.84,250.45,40.0,0,normal
2027-01-15 06:12:10.946840,25.96,72.45,23.19,6.16,0.52,561.22,40.0,0,normal
2027-02-23 10:12:11.002321,26.2,69.75,25.12,6.07,0.64,650.61,100.0,0,normal
2027-05-07 13:12:11.111855,28.19,80.45,26.26,5.93,0.52,424.01,40.0,0,normal
2027-04-30 04:12:11.100842,26.31,80.37,25.08,6.21,0.67,661.21,100.0,0,normal
2026-05-24 20:12:10.604753,22.48,77.44,24.25,6.46,1.0,941.83,100.0,0,normal
2027-04-17 01:12:11.082362,22.0,71.29,25.66,5.8,0.69,826.92,100.0,0,normal
2026-05-23 17:12:10.603074,24.37,73.66,23.93,6.42,0.41,553.69,40.0,0,normal
2026-08-24 14:12:10.735513,22.58,75.67,24.93,6.08,0.93,267.26,40.0,0,normal
2026-08-29 06:12:10.742490,21.2,72.08,25.39,6.24,0.82,414.04,40.0,0,normal
2027-03-23 19:12:11.046010,24.09,72.98,25.06,6.46,0.71,552.51,40.0,0,normal
2027-05-25 04:12:11.138279,20.58,76.5,23.89,6.46,0.61,850.67,100.0,0,normal
2026-12-12 21:12:10.898107,22.37,75.39,23.96,5.95,0.78,492.42,40.0,0,normal
2026-12-29 19:12:10.923524,22.51,81.84,26.8,6.2,0.08,564.96,40.0,0,normal
2027-01-17 14:12:10.950052,27.87,68.96,24.83,5.84,0.73,549.39,40.0,0,normal
2027-02-05 17:12:10.976003,25.51,77.12,25.27,6.13,0.85,765.27,100.0,0,normal
2027-03-08 04:12:11.022385,27.04,77.61,24.34,5.6,0.93,600.97,100.0,0,normal
2026-10-12 16:12:10.806239,25.52,65.0,24.94,6.14,0.71,556.01,40.0,0,normal
2027-03-02 01:12:11.012413,21.05,65.0,24.71,5.77,0.92,379.18,40.0,0,normal
2026-08-28 16:12:10.741723,22.84,65.0,24.45,5.97,0.86,458.33,40.0,0,normal
2027-04-30 15:12:11.101564,23.99,77.69,24.97,6.7,0.88,766.48,100.0,0,normal
2027-04-27 04:12:11.096784,20.77,71.34,27.0,6.37,0.78,332.2,40.0,0,normal
2026-09-03 17:12:10.749695,26.77,84.72,24.52,6.15,1.12,828.82,100.0,0,normal
2026-06-05 22:12:11.202176,23.5,75.0,13.56,6.15,2.76,600.0,41.16,1,drought
2026-09-12 12:12:10.761941,25.34,70.34,26.48,5.77,0.92,492.53,40.0,0,normal
2027-01-24 21:12:10.959704,17.0,76.71,27.0,6.23,0.85,740.28,100.0,0,normal
2027-06-08 15:12:11.160825,18.57,71.36,23.83,5.91,0.54,1147.35,100.0,0,normal
2027-05-14 07:12:11.121244,24.53,73.22,25.83,6.49,0.56,413.55,40.0,0,normal
2026-07-08 16:12:10.671154,22.33,74.59,25.0,6.55,0.7,628.06,100.0,0,normal
2026-06-28 14:12:11.203803,23.5,75.0,28.71,6.15,0.75,600.0,50.0,1,overwater
2027-03-18 20:12:11.038240,22.98,69.63,24.51,6.25,0.12,521.37,40.0,0,normal
2027-05-02 10:12:11.104219,23.55,67.13,23.35,6.26,0.98,527.74,40.0,0,normal
2027-06-10 02:12:11.162771,20.93,74.78,24.95,6.2,0.64,451.43,40.0,0,normal
2026-12-05 01:12:10.886609,22.39,79.76,24.32,6.31,0.66,763.09,100.0,0,normal
2027-01-05 23:12:10.934006,25.58,75.57,26.38,6.23,0.66,545.02,40.0,0,normal
2027-01-16 20:12:10.949056,24.44,70.04,24.3,6.53,0.5,535.1,40.0,0,normal
2027-06-10 15:12:11.163505,22.21,68.91,24.85,6.3,0.85,202.11,40.0,0,normal
2026-10-26 22:12:10.826685,23.86,73.81,27.0,6.4,0.09,753.81,100.0,0,normal
2026-08-22 13:12:10.732784,23.47,78.3,26.03,6.07,0.65,234.91,40.0,0,normal
2026-12-19 12:12:10.907990,27.83,76.38,24.1,6.17,0.73,802.5,100.0,0,normal
2026-08-27 04:12:10.739743,23.82,69.05,25.13,6.21,0.55,376.87,40.0,0,normal
2027-01-01 19:12:10.928074,23.26,82.76,23.0,6.41,0.24,504.91,40.0,0,normal
2027-03-27 21:12:11.051800,23.54,77.2,25.46,5.89,0.62,776.84,100.0,0,normal
2027-04-23 01:12:11.090926,25.18,82.76,25.71,6.11,0.85,438.91,40.0,0,normal
2027-03-13 11:12:11.030491,30.0,76.01,24.48,5.96,0.86,588.16,40.0,0,normal
2027-06-14 22:12:11.169756,24.77,80.8,25.45,5.95,0.92,425.03,40.0,0,normal
2026-11-08 09:12:10.844869,25.31,83.1,25.17,6.23,0.49,567.17,40.0,0,normal
2026-08-12 00:12:10.718275,22.24,78.7,25.59,6.42,0.34,456.29,40.0,0,normal
2027-05-31 11:12:11.148534,25.52,74.02,24.75,6.32,0.24,414.08,40.0,0,normal
2027-05-23 14:12:11.135855,22.06,74.09,26.06,6.28,0.35,751.71,100.0,0,normal
2027-02-27 14:12:11.008880,24.49,78.6,25.83,5.78,1.18,717.78,100.0,0,normal
2026-05-29 23:12:11.201838,9.84,75.0,25.0,6.15,0.75,600.0,60.0,1,low_temp
2026-11-19 22:12:10.864065,20.26,68.68,24.72,6.1,1.27,954.64,100.0,0,normal
2027-03-09 16:12:11.024608,24.12,66.9,24.85,6.23,1.25,530.91,40.0,0,normal
2026-06-08 16:12:10.629106,19.02,74.2,24.69,6.04,0.57,669.2,100.0,0,normal
2026-06-02 17:12:10.620043,22.65,70.79,25.37,6.2,0.24,562.34,40.0,0,normal
2026-08-09 09:12:10.714557,25.74,71.65,24.66,5.54,0.78,423.41,40.0,0,normal
2026-06-15 20:12:10.640130,29.35,74.29,25.73,6.39,0.66,446.83,40.0,0,normal
2027-05-14 09:12:11.121352,22.25,78.87,23.87,6.44,0.65,482.23,40.0,0,normal
2026-11-01 06:12:10.834316,18.58,81.05,24.71,5.72,0.95,606.21,100.0,0,normal
2027-02-01 23:12:10.970653,23.18,72.05,25.35,5.5,1.26,431.16,40.0,0,normal
2027-01-12 22:12:10.943584,23.55,73.68,25.83,6.33,0.46,661.73,100.0,0,normal
2027-01-17 19:12:10.950322,18.77,82.52,24.49,5.84,0.16,504.3,40.0,0,normal
2026-10-19 19:12:10.816766,18.06,75.75,25.87,5.6,1.2,175.16,40.0,0,normal
2027-03-03 06:12:11.014371,18.96,72.58,23.59,6.42,1.03,349.27,40.0,0,normal
2026-06-26 00:12:10.654033,22.53,75.34,25.09,6.3,0.72,447.89,40.0,0,normal
2026-11-29 13:12:10.878163,23.72,72.01,26.44,6.69,0.91,453.53,40.0,0,normal
2027-03-30 06:12:11.054993,24.69,78.56,26.21,6.1,0.48,659.33,100.0,0,normal
2026-05-27 22:12:10.611061,28.51,70.35,25.35,6.35,0.59,516.33,40.0,0,normal
2026-09-07 06:12:10.754387,25.08,77.78,25.01,6.46,0.46,208.11,40.0,0,normal
2027-02-25 06:12:11.005304,19.59,69.75,25.8,6.8,0.95,420.37,40.0,0,normal
2027-04-10 02:12:11.072154,20.67,70.99,24.29,6.53,0.93,913.74,100.0,0,normal
2026-07-18 10:12:10.684265,20.4,72.4,24.81,6.12,0.6,765.66,100.0,0,normal
2026-10-22 03:12:10.820067,21.47,72.36,26.49,6.04,0.06,393.18,40.0,0,normal
2027-05-22 08:12:11.134142,25.31,71.52,23.46,6.43,0.33,432.94,40.0,0,normal
2026-05-26 10:12:11.205590,23.5,75.0,25.0,7.64,0.75,600.0,60.0,1,ph_alkaline
2027-02-11 03:12:10.984580,22.98,66.87,24.5,6.22,0.06,756.69,100.0,0,normal
2026-12-05 14:12:10.887326,18.67,79.56,24.98,6.08,0.48,597.57,40.0,0,normal
2026-10-27 17:12:10.827738,24.88,76.55,27.0,6.08,0.11,437.66,40.0,0,normal
2026-07-08 11:12:10.670773,25.37,82.71,25.32,5.95,0.1,950.97,100.0,0,normal
2026-08-24 02:12:10.734833,26.17,73.83,27.0,6.15,0.66,594.88,40.0,0,normal
2027-04-14 15:12:11.078798,21.1,72.92,24.72,6.12,0.34,543.54,40.0,0,normal
2026-08-04 12:12:10.707957,27.15,79.02,24.75,6.15,0.84,964.16,100.0,0,normal
2026-11-02 03:12:10.835506,22.07,67.85,26.1,5.76,0.97,618.8,100.0,0,normal
2027-06-11 16:12:11.165160,20.69,78.43,26.69,5.98,0.6,413.66,40.0,0,normal
2026-12-01 15:12:10.881277,21.95,67.38,25.43,5.59,0.41,514.67,40.0,0,normal
2026-06-10 04:12:10.631270,18.98,74.72,24.01,6.22,0.59,881.31,100.0,0,normal
2027-01-31 20:12:10.968985,20.91,78.99,25.58,6.51,0.69,834.9,100.0,0,normal
2026-06-13 10:12:11.201251,37.51,55.08,25.0,6.15,0.75,600.0,0.0,1,high_temp
2026-06-30 13:12:10.660089,28.79,76.69,26.46,5.87,0.4,726.03,100.0,0,normal
2026-10-23 05:12:10.821540,20.18,80.68,26.14,6.17,0.63,737.09,100.0,0,normal
2026-07-16 17:12:10.681829,23.4,71.23,24.36,6.41,0.86,573.44,40.0,0,normal
2027-02-11 11:12:10.985047,24.95,85.0,24.42,6.31,0.74,624.65,100.0,0,normal
2026-11-30 21:12:10.880187,30.0,80.11,24.54,6.25,0.69,626.29,100.0,0,normal
2027-02-07 23:12:10.979587,25.99,76.41,25.45,6.55,0.85,870.99,100.0,0,normal
2027-01-23 22:12:10.958431,23.49,73.68,23.87,6.21,0.95,381.95,40.0,0,normal
2027-01-24 07:12:10.958926,24.09,78.29,26.24,6.34,1.25,884.57,100.0,0,normal
2027-01-28 17:12:10.964765,25.79,72.89,26.37,5.8,0.42,629.83,100.0,0,normal
2026-06-09 10:12:10.630112,20.26,75.55,24.61,5.96,0.79,333.65,40.0,0,normal
2027-02-23 12:12:11.002428,26.8,70.17,27.0,6.02,0.7,545.27,40.0,0,normal
2026-07-27 19:12:10.697660,25.24,74.19,23.26,6.36,1.04,702.48,100.0,0,normal
2026-08-23 07:12:10.733790,22.61,81.36,27.0,5.78,0.38,577.35,40.0,0,normal
2026-06-17 16:12:10.642640,29.24,77.08,25.15,5.98,0.98,560.57,40.0,0,normal
2026-06-13 20:12:11.204843,23.5,75.0,25.0,6.15,6.73,600.0,26.76,1,high_salinity
2026-10-28 15:12:10.829168,26.38,70.39,24.52,6.2,0.85,539.87,40.0,0,normal
2027-06-17 09:12:11.174827,17.64,74.37,26.67,6.02,0.31,287.7,40.0,0,normal
2027-02-02 01:12:10.970788,22.71,67.9,25.21,5.99,1.09,630.36,100.0,0,normal
2027-05-23 21:12:11.136251,23.4,74.31,25.01,6.06,1.0,292.41,40.0,0,normal
2027-06-03 02:12:11.152188,24.85,71.4,24.63,6.43,0.28,691.34,100.0,0,normal
2027-02-10 09:12:10.983477,25.8,81.98,25.73,5.99,0.79,549.42,40.0,0,normal
2026-09-03 06:12:10.749087,24.48,67.64,25.22,6.15,0.19,742.8,100.0,0,normal
2026-08-11 15:12:10.717550,23.64,69.82,24.48,6.13,0.92,740.19,100.0,0,normal
2026-07-05 15:12:10.666841,22.3,79.23,26.25,6.25,0.26,428.86,40.0,0,normal
2026-05-28 12:12:10.611842,24.8,78.31,24.07,6.01,0.59,731.62,100.0,0,normal
2026-08-25 16:12:10.737745,19.95,79.39,25.77,6.0,0.42,588.55,40.0,0,normal
2027-04-10 23:12:11.073446,21.69,76.09,24.84,6.71,0.77,812.9,100.0,0,normal
2026-11-28 19:12:10.877129,22.63,73.06,24.61,5.79,0.89,914.55,100.0,0,normal
2026-07-06 10:12:10.667907,17.0,72.89,25.56,6.29,0.86,626.62,100.0,0,normal
2027-01-29 02:12:10.965256,26.42,79.48,25.23,6.57,0.89,661.67,100.0,0,normal
2027-02-13 08:12:10.987703,23.22,66.44,24.76,6.22,0.77,652.05,100.0,0,normal
2026-09-21 13:12:10.774997,20.97,71.04,25.88,5.98,0.89,699.2,100.0,0,normal
2026-06-21 04:12:10.647327,25.11,76.17,24.94,6.3,1.24,242.18,40.0,0,normal
2026-11-20 17:12:10.865208,19.69,72.08,24.4,6.45,1.09,560.24,40.0,0,normal
2026-06-29 19:12:10.659102,18.47,72.79,25.29,5.9,0.69,721.58,100.0,0,normal
2026-09-20 06:12:10.773114,28.33,65.0,25.93,5.65,0.85,456.4,40.0,0,normal
2027-04-24 04:12:11.092588,18.7,73.88,23.0,6.32,0.71,491.67,40.0,0,normal
2027-02-27 20:12:11.009216,22.26,79.21,23.13,6.11,0.93,368.26,40.0,0,normal
2027-05-06 10:12:11.110219,26.67,75.62,25.14,6.12,0.72,549.05,40.0,0,normal
2027-02-13 09:12:10.987768,26.87,79.07,25.22,6.61,1.01,770.95,100.0,0,normal
2026-06-28 08:12:10.657164,20.59,71.0,25.89,6.5,0.67,242.42,40.0,0,normal
2026-10-04 08:12:10.793883,24.2,76.42,25.17,5.92,0.66,519.94,40.0,0,normal
2026-08-26 23:12:10.739476,22.36,71.16,25.84,6.08,0.45,674.74,100.0,0,normal
2027-03-13 17:12:11.030827,21.72,79.11,25.57,5.84,0.82,108.44,40.0,0,normal
2027-05-14 22:12:11.122227,24.91,67.18,26.41,6.24,0.47,933.35,100.0,0,normal
2027-04-02 19:12:11.061493,22.79,78.27,24.29,6.45,0.51,456.25,40.0,0,normal
2026-06-12 13:12:11.203866,23.5,75.0,31.41,6.15,0.75,600.0,50.0,1,overwater
2026-12-17 23:12:10.905667,25.47,76.7,23.2,5.9,0.7,847.23,100.0,0,normal
2027-02-14 19:12:10.989837,25.18,82.4,23.0,6.58,0.04,650.03,100.0,0,normal
2026-11-10 09:12:10.848160,20.03,78.02,24.23,6.25,0.89,441.43,40.0,0,normal
2027-06-11 06:12:11.164379,24.81,82.29,23.74,6.2,0.46,648.43,100.0,0,normal
2026-08-01 12:12:10.703937,28.07,82.93,24.27,6.2,1.04,537.29,40.0,0,normal
2026-07-31 19:12:10.703003,25.87,74.13,27.0,6.28,0.46,289.64,40.0,0,normal
2026-06-21 03:12:11.205717,23.5,75.0,25.0,7.27,0.75,600.0,60.0,1,ph_alkaline
2026-06-07 08:12:11.201337,37.05,47.04,25.0,6.15,0.75,600.0,0.0,1,high_temp
2026-06-24 18:12:11.206372,33.98,75.0,13.28,6.15,2.04,600.0,27.75,1,combined_stress
2027-04-29 14:12:11.100076,17.0,80.18,24.06,5.98,0.78,201.85,40.0,0,normal
2026-10-28 16:12:10.829224,21.08,68.15,24.46,6.27,0.49,408.15,40.0,0,normal
2027-02-08 12:12:10.980303,23.72,78.51,23.45,6.04,0.8,497.15,40.0,0,normal
2026-10-08 13:12:10.799840,21.21,80.43,25.74,5.5,0.6,676.45,100.0,0,normal
2026-06-10 09:12:11.200959,33.07,45.09,25.0,6.15,0.75,600.0,42.0,1,high_temp
2026-07-02 02:12:10.662133,20.21,73.63,26.32,6.15,0.91,309.8,40.0,0,normal
2026-08-05 22:12:10.709825,22.41,75.65,24.91,6.14,1.41,349.17,40.0,0,normal
2026-11-28 12:12:10.876701,25.38,73.63,25.17,6.12,0.81,622.68,100.0,0,normal
2026-06-15 12:12:10.639403,25.65,72.08,25.31,6.12,0.82,930.03,100.0,0,normal
2026-06-07 22:12:11.204021,23.5,75.0,29.34,6.15,0.75,600.0,50.0,1,overwater
2026-12-19 14:12:10.908102,21.82,65.98,23.94,6.7,0.86,812.99,100.0,0,normal
2027-04-11 04:12:11.073747,26.45,70.14,25.85,6.2,0.64,502.44,40.0,0,normal
2027-05-24 09:12:11.137138,22.53,73.82,23.52,6.44,0.88,384.81,40.0,0,normal
2026-05-23 04:12:11.201011,34.77,45.81,25.0,6.15,0.75,600.0,42.0,1,high_temp
2026-06-01 12:12:11.206314,34.25,75.0,14.91,6.15,2.09,600.0,27.51,1,combined_stress
2027-01-05 12:12:10.933352,21.83,77.0,25.66,6.18,0.69,793.94,100.0,0,normal
2027-04-09 16:12:11.071594,17.33,73.89,24.68,6.45,1.24,875.4,100.0,0,normal
2027-06-12 14:12:11.166514,24.08,76.31,24.59,6.44,0.41,454.47,40.0,0,normal
2027-01-06 19:12:10.935169,20.26,70.44,25.64,6.01,0.24,884.9,100.0,0,normal
2027-04-03 01:12:11.061861,25.86,76.28,24.8,6.1,0.14,216.63,40.0,0,normal
2027-05-26 13:12:11.140813,21.42,67.44,23.0,6.46,0.87,198.52,40.0,0,normal
2027-01-08 10:12:10.937567,23.87,83.96,23.81,6.23,0.89,857.84,100.0,0,normal
2026-10-17 06:12:10.813151,17.42,72.56,23.68,6.44,1.27,457.54,40.0,0,normal
2026-07-19 04:12:10.685278,25.32,74.94,24.6,6.34,0.92,206.33,40.0,0,normal
2026-06-02 01:12:10.619103,17.41,65.0,23.04,6.16,1.13,711.12,100.0,0,normal
2026-10-16 20:12:10.812468,20.41,81.38,27.0,6.2,0.34,601.54,100.0,0,normal
2027-03-03 05:12:11.014301,25.59,67.34,24.25,6.03,0.65,865.63,100.0,0,normal
2027-04-04 18:12:11.064395,27.78,71.83,23.0,5.85,0.82,746.56,100.0,0,normal
2027-02-28 21:12:11.010789,28.78,75.08,25.8,5.79,0.32,463.68,40.0,0,normal
2026-09-26 22:12:10.783221,17.0,65.0,24.36,6.47,0.23,321.39,40.0,0,normal
2026-12-17 10:12:10.904892,19.72,70.7,25.76,6.1,0.8,431.79,40.0,0,normal
2027-06-01 11:12:11.149928,20.58,71.38,26.4,5.98,0.39,951.89,100.0,0,normal
2026-10-30 01:12:10.831197,22.85,76.4,24.79,6.34,0.43,304.55,40.0,0,normal
2027-06-03 22:12:11.153364,23.73,76.33,23.66,6.22,0.73,680.46,100.0,0,normal
2026-08-30 01:12:10.743533,23.53,78.97,24.88,6.4,0.99,639.77,100.0,0,normal
2027-02-07 11:12:10.978790,25.12,72.7,24.9,5.82,0.79,687.27,100.0,0,normal
2027-05-10 10:12:11.115785,25.66,79.77,26.65,6.06,0.7,493.0,40.0,0,normal
2026-10-23 16:12:10.822173,23.43,77.45,25.69,6.32,0.8,467.92,40.0,0,normal
2026-06-01 07:12:10.617961,30.0,73.67,25.07,5.9,1.09,705.68,100.0,0,normal
2026-07-27 11:12:10.697231,24.54,76.34,25.31,6.44,0.6,509.59,40.0,0,normal
2026-06-13 05:12:11.203187,23.5,75.0,15.54,6.15,2.47,600.0,43.24,1,drought
2026-07-24 18:12:10.693469,26.17,66.08,23.52,6.52,0.72,484.88,40.0,0,normal
2027-05-15 06:12:11.122672,21.96,73.16,24.49,6.7,0.67,138.07,40.0,0,normal
2026-06-29 12:12:10.658717,26.67,74.62,26.04,5.91,0.52,249.35,40.0,0,normal
2027-04-01 15:12:11.058993,21.59,70.45,25.32,5.86,0.88,861.96,100.0,0,normal
2026-11-19 21:12:10.864005,19.84,81.09,23.0,6.32,0.31,884.72,100.0,0,normal
2026-06-18 22:12:10.644337,26.28,72.78,26.69,6.06,0.21,580.16,40.0,0,normal
2026-10-19 05:12:10.815976,26.57,75.21,23.0,6.68,0.69,978.93,100.0,0,normal
2026-12-20 21:12:10.909936,26.19,79.69,24.96,6.8,0.28,256.93,40.0,0,normal
2026-08-09 15:12:10.714902,28.41,85.0,24.38,6.09,0.45,446.81,40.0,0,normal
2027-05-04 14:12:11.107460,24.89,74.89,25.45,6.21,0.62,213.72,40.0,0,normal
2026-12-26 17:12:10.917793,25.07,79.58,25.63,6.24,0.64,362.92,40.0,0,normal
2027-03-17 08:12:11.036128,23.97,73.09,25.19,6.2,0.67,497.58,40.0,0,normal
2026-11-02 23:12:10.836639,20.73,84.02,24.16,6.2,0.86,531.97,40.0,0,normal
2027-03-07 22:12:11.022063,25.67,74.4,23.82,6.27,0.31,560.27,40.0,0,normal
2027-01-28 03:12:10.963991,24.15,68.89,24.93,6.11,0.27,627.91,100.0,0,normal
2027-01-12 04:12:10.942598,21.25,78.7,24.13,6.22,0.57,686.31,100.0,0,normal
2026-09-11 09:12:10.760465,24.03,66.8,25.07,6.47,0.7,879.4,100.0,0,normal
2026-09-07 00:12:10.754035,20.08,73.46,25.06,6.19,0.43,489.13,40.0,0,normal
2027-01-23 03:12:10.957372,19.42,77.05,23.6,6.16,0.32,804.85,100.0,0,normal
2026-08-04 06:12:10.707618,22.68,80.3,26.31,6.54,0.99,90.21,40.0,0,normal
2027-02-17 06:12:10.993534,19.11,83.15,25.17,6.15,0.93,504.29,40.0,0,normal
2026-09-24 14:12:10.779482,23.73,75.3,25.48,6.16,0.95,514.06,40.0,0,normal
2027-03-15 06:12:11.033187,21.02,74.23,25.65,6.02,0.9,236.55,40.0,0,normal
2026-08-26 04:12:10.738427,24.81,75.15,26.77,6.18,0.43,633.85,100.0,0,normal
2027-03-21 02:12:11.041453,20.05,79.24,25.2,6.27,1.13,824.54,100.0,0,normal
2026-10-22 19:12:10.820951,27.02,77.22,25.52,5.95,0.7,642.88,100.0,0,normal
2026-06-19 16:12:10.645343,23.33,73.91,24.72,5.86,0.14,885.51,100.0,0,normal
2027-01-27 12:12:10.963167,18.83,79.05,25.42,6.2,1.15,559.02,40.0,0,normal
2027-03-12 16:12:11.029405,19.64,80.41,27.0,5.81,1.41,591.22,40.0,0,normal
2026-06-16 13:12:10.641103,21.72,78.91,24.79,6.29,0.42,439.07,40.0,0,normal
2027-03-16 16:12:11.035242,24.77,75.71,24.12,6.34,0.59,292.62,40.0,0,normal
2027-04-18 06:12:11.084137,20.99,70.15,23.9,6.53,0.35,359.6,40.0,0,normal
2026-10-02 09:12:10.790909,22.83,65.27,24.83,6.3,0.81,526.29,40.0,0,normal
2026-08-24 12:12:10.735405,28.58,79.86,24.96,6.08,0.54,696.35,100.0,0,normal
2026-05-28 01:12:11.204299,23.5,75.0,25.0,6.15,4.27,600.0,61.27,1,high_salinity
2027-02-22 06:12:11.000631,26.94,74.16,25.19,5.74,0.64,273.4,40.0,0,normal
2026-11-10 08:12:10.848104,20.32,76.55,25.73,6.8,1.05,723.46,100.0,0,normal
2026-08-09 03:12:10.714234,25.57,82.92,25.41,6.32,1.29,986.93,100.0,0,normal
2026-06-15 21:12:11.201107,34.51,53.02,25.0,6.15,0.75,600.0,42.0,1,high_temp
2027-06-16 10:12:11.172551,21.47,69.58,26.41,5.98,1.05,886.56,100.0,0,normal
2026-06-01 19:12:10.618658,21.32,78.97,24.43,5.8,0.79,752.02,100.0,0,normal
2026-09-20 21:12:10.773947,22.8,79.5,26.16,6.52,0.28,743.92,100.0,0,normal
2027-06-18 14:12:11.177164,23.28,67.94,23.0,5.88,0.63,388.32,40.0,0,normal
2026-12-14 00:12:10.899673,29.07,72.39,25.13,6.3,0.39,498.58,40.0,0,normal
2026-09-16 15:12:10.768045,21.71,65.0,25.32,6.25,1.5,607.81,100.0,0,normal
2027-02-18 02:12:10.994788,21.7,75.55,24.13,6.28,0.65,461.1,40.0,0,normal
2026-10-08 04:12:10.799357,23.72,74.12,25.53,6.19,0.78,831.07,100.0,0,normal
2026-10-15 22:12:10.811212,17.0,75.17,26.61,6.12,1.01,973.06,100.0,0,normal
2026-11-28 04:12:10.876254,22.88,70.54,25.87,6.3,1.0,381.0,40.0,0,normal
2026-06-05 18:12:11.202667,23.5,75.0,11.18,6.15,2.74,600.0,0.0,1,drought
2027-04-16 10:12:11.081368,19.43,72.13,25.37,6.24,1.07,935.97,100.0,0,normal
2026-12-30 02:12:10.923953,24.7,70.62,26.53,6.78,0.45,742.24,100.0,0,normal
2026-12-25 16:12:10.916365,22.8,82.35,24.58,6.07,0.91,682.42,100.0,0,normal
2026-08-25 06:12:10.736398,18.41,74.02,25.42,5.97,0.78,509.79,40.0,0,normal
2027-01-29 16:12:10.966054,29.45,82.74,23.41,5.68,1.21,492.72,40.0,0,normal
2026-12-01 23:12:10.881781,22.4,66.83,24.95,6.64,0.09,571.65,40.0,0,normal
2026-12-16 09:12:10.903315,20.12,82.92,24.96,6.32,1.07,375.06,40.0,0,normal
2027-02-25 15:12:11.005793,23.7,77.63,24.38,5.91,0.64,861.14,100.0,0,normal
2027-06-14 10:12:11.169084,20.22,84.94,24.82,6.26,1.06,693.19,100.0,0,normal
2026-06-11 05:12:10.632836,23.15,74.63,25.26,6.05,0.0,191.51,40.0,0,normal
2026-08-22 04:12:10.732299,21.97,85.0,23.76,6.15,0.84,824.83,100.0,0,normal
2027-01-02 17:12:10.929386,25.55,76.18,24.71,6.23,0.24,672.06,100.0,0,normal
2026-05-28 14:12:11.202008,14.5,75.0,25.0,6.15,0.75,600.0,60.0,1,low_temp
2026-09-05 12:12:10.752049,27.4,74.91,23.46,6.58,0.72,543.37,40.0,0,normal
2026-05-22 08:12:10.600919,20.8,80.74,26.59,6.24,0.71,968.91,100.0,0,normal
2026-10-21 10:12:10.819094,27.99,73.03,24.93,6.17,0.54,579.83,40.0,0,normal
2027-02-13 04:12:10.987488,17.0,82.92,24.58,6.05,0.33,837.34,100.0,0,normal
2027-06-07 18:12:11.158886,24.64,71.93,25.35,6.28,0.65,518.7,40.0,0,normal
2026-12-11 03:12:10.895632,21.7,79.65,23.38,5.89,0.82,525.77,40.0,0,normal
2026-11-21 11:12:10.866369,21.56,80.85,25.04,5.5,0.91,630.77,100.0,0,normal
2027-05-28 10:12:11.143699,25.82,75.58,25.64,6.25,0.57,570.91,40.0,0,normal
2027-01-08 03:12:10.937181,23.3,78.64,24.28,6.8,1.38,858.51,100.0,0,normal
2026-12-28 18:12:10.922019,20.6,81.19,24.34,5.78,0.82,385.33,40.0,0,normal
2026-08-31 03:12:10.744952,24.49,75.0,26.02,5.92,0.77,784.46,100.0,0,normal
2027-02-27 01:12:11.007855,23.36,70.49,26.37,6.46,0.49,429.91,40.0,0,normal
2026-08-05 15:12:10.709439,23.98,80.69,25.13,6.21,0.0,541.27,40.0,0,normal
2027-03-02 07:12:11.012803,22.31,79.28,24.89,6.3,0.63,764.59,100.0,0,normal
2026-06-27 04:12:11.202258,23.5,75.0,13.66,6.15,1.97,600.0,46.7,1,drought
2026-08-24 19:12:10.735784,20.45,73.84,25.17,6.36,0.78,340.67,40.0,0,normal
2026-07-03 04:12:10.663586,26.94,69.19,25.16,6.8,0.38,111.15,40.0,0,normal
2026-07-26 18:12:10.696273,24.78,74.55,25.71,5.98,0.88,626.73,100.0,0,normal
2027-03-20 17:12:11.040964,22.91,72.0,25.55,6.14,0.45,571.28,40.0,0,normal
2026-07-05 12:12:10.666672,21.92,76.3,25.13,6.12,0.54,615.28,100.0,0,normal
2026-08-13 00:12:10.719763,20.17,75.88,27.0,6.51,0.6,352.89,40.0,0,normal
2026-11-03 11:12:10.837509,22.89,77.61,24.89,5.91,1.05,435.29,40.0,0,normal
2027-06-03 23:12:11.153419,27.89,84.86,24.48,6.56,0.9,696.48,100.0,0,normal
2027-01-22 00:12:10.955885,21.32,85.0,27.0,6.22,0.4,415.18,40.0,0,normal
2027-06-14 04:12:11.168760,17.41,69.76,26.15,5.71,1.08,597.97,40.0,0,normal
2026-11-27 07:12:10.874843,24.11,72.44,24.97,5.89,0.16,886.69,100.0,0,normal
2027-06-14 12:12:11.169212,22.29,68.38,23.74,6.12,0.27,423.87,40.0,0,normal
2027-03-17 18:12:11.036699,19.91,75.35,25.37,6.74,0.68,839.15,100.0,0,normal
2026-10-30 04:12:10.831361,17.0,74.44,25.89,6.26,0.52,572.98,40.0,0,normal
2027-06-18 05:12:11.176136,18.8,79.93,25.62,6.36,0.59,288.84,40.0,0,normal
2027-03-02 08:12:11.012911,23.89,70.26,24.42,6.27,0.85,485.17,40.0,0,normal
2026-09-26 01:12:10.781961,29.94,70.1,24.87,5.96,0.79,529.63,40.0,0,normal
2026-06-23 14:12:10.650649,26.47,69.93,25.78,5.87,1.5,615.77,100.0,0,normal
2027-02-27 04:12:11.008020,22.58,72.39,23.0,6.15,0.6,445.0,40.0,0,normal
2026-09-10 12:12:10.758681,24.03,75.85,25.79,6.25,0.57,746.94,100.0,0,normal
2026-08-02 22:12:10.705833,25.41,75.07,25.58,6.65,0.56,927.15,100.0,0,normal
2027-02-05 07:12:10.975448,24.65,81.88,23.79,5.89,0.66,185.07,40.0,0,normal
2027-06-09 00:12:11.161352,25.01,65.0,25.06,6.09,0.51,708.78,100.0,0,normal
2026-09-15 08:12:10.766352,18.73,77.23,24.87,6.25,1.04,947.27,100.0,0,normal
2027-02-17 16:12:10.994104,29.27,80.94,24.59,5.76,0.23,856.55,100.0,0,normal
2027-01-17 15:12:10.950106,27.19,77.04,23.92,6.05,0.65,481.3,40.0,0,normal
2027-02-10 22:12:10.984239,18.01,85.0,23.23,5.85,0.88,586.59,40.0,0,normal
2026-12-15 12:12:10.902044,24.62,67.97,25.99,5.97,0.6,655.15,100.0,0,normal
2027-04-03 02:12:11.061915,23.23,80.1,24.55,6.39,0.71,474.63,40.0,0,normal
2026-07-06 12:12:10.668016,23.17,71.66,23.56,5.5,0.42,589.12,40.0,0,normal
2027-02-17 23:12:10.994485,21.05,74.06,23.73,6.07,1.03,747.2,100.0,0,normal
2027-05-03 02:12:11.105090,21.23,66.21,23.8,6.68,0.28,846.79,100.0,0,normal
2026-11-30 20:12:10.880130,25.14,83.97,23.93,5.76,0.79,868.48,100.0,0,normal
2026-08-26 21:12:10.739367,23.56,73.83,23.94,6.05,0.74,390.64,40.0,0,normal
2027-02-18 07:12:10.995064,22.85,71.53,25.35,6.33,0.71,570.69,40.0,0,normal
2027-05-30 17:12:11.147347,21.76,72.92,24.5,5.76,0.64,808.55,100.0,0,normal
2026-12-18 16:12:10.906793,24.83,71.82,24.05,6.64,0.91,620.8,100.0,0,normal
2026-09-07 17:12:10.754974,21.42,72.92,24.2,6.25,0.0,648.41,100.0,0,normal
2027-06-01 18:12:11.150319,29.69,74.5,25.98,6.19,1.06,666.35,100.0,0,normal
2026-08-25 11:12:10.736669,22.47,82.31,23.49,6.59,0.73,394.0,40.0,0,normal
2026-08-02 00:12:10.704592,26.43,74.86,26.1,6.27,1.37,763.37,100.0,0,normal
2026-06-16 11:12:10.640992,18.22,75.75,26.33,6.64,0.82,390.61,40.0,0,normal
2026-12-02 11:12:10.882619,24.85,70.23,24.47,5.86,1.16,448.17,40.0,0,normal
2027-04-22 09:12:11.090038,21.43,73.4,26.53,6.08,0.79,319.93,40.0,0,normal
2027-01-02 14:12:10.929216,24.43,74.07,25.04,5.91,0.88,680.23,100.0,0,normal
2026-06-05 08:12:10.623632,21.7,77.92,23.49,6.17,0.96,406.52,40.0,0,normal
2026-12-03 04:12:10.883681,27.49,71.7,23.77,5.89,0.95,690.16,100.0,0,normal
2027-05-22 22:12:11.134949,21.49,77.06,25.34,6.43,0.72,538.18,40.0,0,normal
2026-10-25 07:12:10.824332,22.38,74.29,25.09,6.26,0.52,436.68,40.0,0,normal
2027-05-09 03:12:11.114060,23.27,72.93,25.68,5.67,0.62,1061.05,100.0,0,normal
2027-06-13 17:12:11.168111,27.2,68.3,23.53,6.0,0.52,627.58,100.0,0,normal
2027-01-27 00:12:10.962513,20.29,72.37,25.44,6.27,0.42,950.7,100.0,0,normal
2026-10-03 00:12:10.791742,18.79,75.39,24.5,6.31,0.33,493.8,40.0,0,normal
2026-05-26 02:12:10.607165,17.0,78.04,25.96,5.82,0.42,810.27,100.0,0,normal
2027-03-25 17:12:11.048546,24.13,71.74,25.13,5.89,0.7,581.33,40.0,0,normal
2027-04-06 07:12:11.066703,26.44,74.73,25.99,6.05,0.85,225.94,40.0,0,normal
2026-12-23 17:12:10.913714,25.07,76.22,24.98,6.0,1.17,1072.43,100.0,0,normal
2027-03-21 08:12:11.041798,21.18,71.29,26.35,5.73,0.55,663.26,100.0,0,normal
2027-02-02 22:12:10.972248,23.4,73.46,25.92,6.28,0.38,507.72,40.0,0,normal
2026-07-25 02:12:10.693919,19.99,76.13,24.48,6.01,1.12,609.07,100.0,0,normal
2026-10-18 13:12:10.815020,21.99,72.87,23.0,6.39,0.78,507.53,40.0,0,normal
2027-03-27 01:12:11.050417,21.17,73.04,25.08,5.92,0.48,895.23,100.0,0,normal
2027-03-09 02:12:11.023847,25.54,73.6,25.82,6.55,1.2,428.34,40.0,0,normal
2026-10-21 01:12:10.818484,24.75,76.2,25.89,6.17,1.04,464.7,40.0,0,normal
2026-09-09 18:12:10.757666,24.23,72.17,25.57,5.91,0.51,478.41,40.0,0,normal
2027-04-01 16:12:11.059049,26.17,85.0,24.91,5.71,1.12,842.5,100.0,0,normal
2026-07-24 06:12:10.692780,22.52,78.57,23.81,5.7,0.55,614.35,100.0,0,normal
2026-12-18 22:12:10.907181,17.0,68.88,25.5,5.99,0.56,731.64,100.0,0,normal
2027-06-15 11:12:11.171144,21.35,79.86,24.82,6.34,0.91,727.32,100.0,0,normal
2026-11-30 17:12:10.879927,19.68,74.99,23.0,5.92,0.76,613.0,100.0,0,normal
2026-11-16 01:12:10.857369,24.05,68.46,25.96,6.29,0.37,742.44,100.0,0,normal
2026-10-21 22:12:10.819769,26.23,71.94,26.43,5.95,0.48,679.41,100.0,0,normal
2027-02-19 15:12:10.996969,22.06,71.93,24.92,5.83,0.74,783.06,100.0,0,normal
2027-01-18 17:12:10.951537,24.36,77.35,23.51,6.01,0.45,615.92,100.0,0,normal
2026-08-17 03:12:10.725360,23.26,78.59,25.08,6.51,0.51,669.53,100.0,0,normal
2027-03-13 18:12:11.030951,20.65,65.0,25.95,6.34,0.34,679.47,100.0,0,normal
2027-02-03 04:12:10.972623,20.43,76.82,23.0,6.22,1.5,765.35,100.0,0,normal
2026-06-14 21:12:10.638460,26.67,76.68,25.72,6.52,0.42,934.52,100.0,0,normal
2026-06-30 02:12:11.205175,23.5,75.0,25.0,4.39,0.75,600.0,60.0,1,ph_acidic
2026-12-03 09:12:10.883964,26.29,79.58,23.61,5.97,0.96,1019.36,100.0,0,normal
2027-06-04 00:12:11.153473,24.33,75.01,24.71,6.4,0.56,734.17,100.0,0,normal
2026-09-26 15:12:10.782840,23.57,77.36,24.47,6.61,0.54,800.35,100.0,0,normal
2027-04-09 00:12:11.070731,24.64,84.32,24.0,6.2,1.11,1173.95,100.0,0,normal
2027-02-15 15:12:10.991047,25.85,85.0,24.52,5.93,0.35,770.18,100.0,0,normal
2027-03-16 09:12:11.034854,25.76,74.02,25.82,5.79,1.19,319.19,40.0,0,normal
2027-02-22 10:12:11.001009,28.87,70.97,25.72,5.99,1.29,682.87,100.0,0,normal
2027-05-10 17:12:11.116413,23.96,81.35,25.01,6.46,0.88,620.78,100.0,0,normal
2027-04-17 03:12:11.082507,27.35,76.9,24.76,6.28,0.84,285.51,40.0,0,normal
2027-03-24 02:12:11.046387,29.4,76.72,24.42,5.85,0.82,816.43,100.0,0,normal
2027-02-08 17:12:10.981088,24.98,81.08,25.04,6.15,0.67,641.55,100.0,0,normal
2027-04-16 02:12:11.080933,25.26,78.04,23.68,6.06,0.8,1224.0,100.0,0,normal
2027-06-19 05:12:11.178013,22.58,80.42,23.46,6.34,0.61,785.78,100.0,0,normal
2027-04-27 23:12:11.097908,20.57,74.4,24.05,6.38,0.94,793.35,100.0,0,normal
2026-11-24 16:12:10.871061,22.17,80.53,24.92,6.48,0.34,682.63,100.0,0,normal
2026-12-14 05:12:10.899954,26.95,72.19,25.03,5.92,0.62,610.93,100.0,0,normal
2027-01-26 01:12:10.961237,26.25,76.6,25.06,6.14,0.32,1052.45,100.0,0,normal
2026-06-06 11:12:10.625898,26.73,65.0,24.82,5.98,0.0,674.33,100.0,0,normal
2026-08-10 19:12:10.716441,28.16,77.73,23.6,6.14,0.55,802.03,100.0,0,normal
2026-08-28 01:12:10.740902,23.68,69.73,25.04,6.51,1.0,807.76,100.0,0,normal
2027-03-15 00:12:11.032857,21.89,69.17,26.35,5.82,0.7,719.94,100.0,0,normal
2026-08-03 02:12:10.706069,18.56,66.47,24.41,6.23,0.62,669.45,100.0,0,normal
2026-10-21 23:12:10.819824,27.04,75.42,24.28,6.65,0.39,708.51,100.0,0,normal
2027-03-22 03:12:11.042844,22.94,75.08,24.32,6.07,0.96,431.8,40.0,0,normal
2026-10-21 05:12:10.818743,22.65,73.91,24.61,6.01,0.82,638.29,100.0,0,normal
2026-12-24 18:12:10.915103,24.5,81.42,24.99,6.26,1.27,388.05,40.0,0,normal
2027-05-19 00:12:11.128972,26.36,75.92,24.8,5.91,0.93,728.36,100.0,0,normal
2026-08-28 10:12:10.741401,23.95,76.69,24.6,6.8,0.23,788.55,100.0,0,normal
2026-11-15 13:12:10.856658,21.74,76.96,26.24,6.16,0.33,259.55,40.0,0,normal
2027-01-03 09:12:10.930335,25.74,75.71,25.56,6.13,0.83,909.0,100.0,0,normal
2027-02-07 22:12:10.979533,25.36,79.96,25.78,6.38,1.09,707.11,100.0,0,normal
2026-12-16 00:12:10.902768,17.0,74.43,25.65,6.08,0.76,532.28,40.0,0,normal
2027-04-03 14:12:11.062582,21.63,85.0,24.9,6.18,0.27,1024.77,100.0,0,normal
2027-06-20 04:12:11.179577,22.48,80.3,25.97,6.11,0.3,571.89,40.0,0,normal
2026-10-24 18:12:10.823608,28.07,73.83,26.55,5.81,1.06,489.61,40.0,0,normal
2027-03-31 06:12:11.056516,21.38,68.6,25.97,6.45,0.49,547.0,40.0,0,normal
2027-05-13 13:12:11.120252,23.15,70.14,23.88,6.36,1.18,387.58,40.0,0,normal
2027-05-28 20:12:11.144274,26.92,71.28,25.18,5.77,0.91,776.31,100.0,0,normal
2026-06-22 07:12:11.203213,23.5,75.0,14.55,6.15,2.41,600.0,43.66,1,drought
2027-01-10 00:12:10.939714,21.55,76.04,25.46,5.8,0.08,577.9,40.0,0,normal
2026-07-09 20:12:10.672701,19.65,84.25,25.16,6.24,0.99,688.48,100.0,0,normal
2027-03-25 03:12:11.047782,29.07,68.99,27.0,5.71,0.77,538.96,40.0,0,normal
2027-04-17 15:12:11.083150,27.18,85.0,24.09,6.23,0.33,653.56,100.0,0,normal
2027-04-23 20:12:11.092125,23.43,76.85,24.69,5.56,0.93,605.5,100.0,0,normal
2026-07-20 07:12:10.687052,21.37,74.83,25.95,6.21,0.72,511.04,40.0,0,normal
2027-02-28 15:12:11.010260,21.82,75.87,24.27,5.97,0.66,307.68,40.0,0,normal
2027-06-19 09:12:11.178227,29.56,68.1,25.1,6.37,0.68,1019.89,100.0,0,normal
2027-04-26 01:12:11.095285,24.02,72.16,25.8,6.19,1.01,640.01,100.0,0,normal
2027-06-19 10:12:11.178283,25.95,74.76,26.18,6.5,0.6,668.75,100.0,0,normal
2027-04-21 00:12:11.088128,26.12,68.42,24.71,5.71,0.84,541.74,40.0,0,normal
2027-02-10 04:12:10.983206,21.16,67.29,25.64,6.45,1.17,819.35,100.0,0,normal
2027-06-07 17:12:11.158808,19.55,73.6,23.0,6.2,1.04,888.98,100.0,0,normal
2026-06-27 11:12:10.655977,22.15,77.02,25.77,6.53,0.77,458.78,40.0,0,normal
2026-08-25 18:12:10.737853,28.81,73.44,26.41,5.88,0.77,439.69,40.0,0,normal
2026-09-09 04:12:10.756895,26.64,74.46,24.21,6.75,0.48,342.63,40.0,0,normal
2027-03-31 17:12:11.057403,23.28,73.29,25.33,6.63,0.79,502.62,40.0,0,normal
2026-08-01 16:12:10.704157,25.96,75.33,23.52,5.84,1.1,685.22,100.0,0,normal
2026-12-30 20:12:10.925211,23.51,76.69,25.62,5.98,0.89,508.32,40.0,0,normal
2027-01-24 05:12:10.958818,18.19,73.93,24.5,6.66,0.94,376.14,40.0,0,normal
2026-06-26 01:12:10.654089,22.69,77.36,24.56,5.86,0.51,394.95,40.0,0,normal
2026-06-28 05:12:11.206018,23.5,75.0,25.0,6.15,0.75,9.74,0.0,1,low_light
2026-06-15 06:12:10.639026,23.01,74.9,23.06,6.47,0.92,517.74,40.0,0,normal
2026-05-30 13:12:10.615427,21.49,74.56,26.36,5.83,0.58,903.25,100.0,0,normal
2026-07-29 10:12:10.699832,17.0,72.6,25.23,6.15,1.15,365.28,40.0,0,normal
2026-08-13 23:12:10.721059,19.74,72.84,24.47,6.2,0.59,256.22,40.0,0,normal
2026-10-04 14:12:10.794239,22.59,77.97,24.72,6.31,0.42,655.01,100.0,0,normal
2027-04-01 02:12:11.058274,23.62,82.2,25.78,5.96,0.58,848.1,100.0,0,normal
2026-06-28 18:12:10.657725,30.0,73.0,25.59,6.02,0.61,627.0,100.0,0,normal
2026-06-17 08:12:10.642184,21.74,76.79,26.58,5.91,0.78,462.25,40.0,0,normal
2027-05-07 18:12:11.112149,21.77,73.89,23.0,6.4,0.85,340.81,40.0,0,normal
2027-04-12 21:12:11.076312,26.14,73.8,25.68,6.36,1.13,756.94,100.0,0,normal
2026-08-12 07:12:10.718701,24.11,77.14,26.18,6.24,0.78,895.34,100.0,0,normal
2026-05-28 19:12:10.612219,19.98,74.76,23.77,5.92,0.51,730.91,100.0,0,normal
2026-12-16 07:12:10.903203,23.81,82.38,23.0,5.71,1.13,720.12,100.0,0,normal
2026-07-12 20:12:10.676683,22.32,70.71,24.29,6.13,0.88,770.15,100.0,0,normal
2027-06-19 16:12:11.178890,19.11,71.16,25.7,5.92,0.94,712.45,100.0,0,normal
2027-05-04 01:12:11.106598,22.4,74.14,25.39,6.14,0.01,619.89,100.0,0,normal
2026-12-04 10:12:10.885724,18.05,78.83,25.88,6.22,0.67,632.61,100.0,0,normal
2026-06-27 12:12:10.656032,21.71,72.8,24.87,6.43,0.66,498.0,40.0,0,normal
2026-07-20 16:12:10.687587,26.06,65.0,23.0,6.52,0.7,538.94,40.0,0,normal
2027-05-21 00:12:11.132064,21.97,70.24,23.26,6.5,1.13,1016.77,100.0,0,normal
2027-03-04 05:12:11.015893,24.86,73.93,25.15,5.57,0.74,705.72,100.0,0,normal
2026-12-01 12:12:10.881076,22.32,70.06,23.31,6.79,0.34,663.9,100.0,0,normal
2026-12-19 17:12:10.908270,30.0,69.41,25.61,6.28,0.59,1022.03,100.0,0,normal
2027-01-18 00:12:10.950610,22.79,69.11,25.6,6.12,1.05,281.48,40.0,0,normal
2027-06-06 16:12:11.157289,21.8,76.05,24.18,6.41,0.61,356.99,40.0,0,normal
2027-04-04 06:12:11.063746,18.09,71.79,24.5,6.29,0.44,658.11,100.0,0,normal
2027-04-21 21:12:11.089267,20.1,71.67,23.74,5.78,1.08,523.56,40.0,0,normal
2027-04-10 04:12:11.072262,19.33,76.07,24.28,6.4,0.82,721.3,100.0,0,normal
2027-06-19 03:12:11.177905,23.08,81.81,25.12,6.41,0.7,329.05,40.0,0,normal
2026-09-18 01:12:10.769915,26.43,74.59,23.87,6.64,0.71,564.74,40.0,0,normal
2026-08-07 14:12:10.712086,21.48,71.86,26.28,6.08,0.54,817.26,100.0,0,normal
2026-09-09 20:12:10.757774,23.65,79.68,24.57,5.88,0.8,503.45,40.0,0,normal
2026-10-10 01:12:10.802349,23.18,76.8,23.98,6.25,1.12,712.54,100.0,0,normal
2026-05-22 15:12:11.202068,11.03,75.0,25.0,6.15,0.75,600.0,60.0,1,low_temp
2026-06-01 16:12:11.204244,23.5,75.0,25.0,6.15,7.84,600.0,11.24,1,high_salinity
2027-04-24 00:12:11.092373,24.83,65.0,25.49,6.8,0.74,17.3,0.0,0,normal
2027-05-04 17:12:11.107654,21.65,77.18,24.89,5.91,0.15,737.47,100.0,0,normal
2027-03-28 23:12:11.053296,24.87,76.75,25.28,6.3,1.47,585.1,40.0,0,normal
2027-03-04 23:12:11.016891,25.02,81.89,24.51,6.19,0.93,910.92,100.0,0,normal
2026-12-05 06:12:10.886881,28.32,70.0,23.0,5.76,0.76,504.48,40.0,0,normal
2026-10-07 20:12:10.798905,26.44,71.16,23.0,6.29,0.53,614.19,100.0,0,normal
2027-06-01 04:12:11.149518,25.68,75.49,25.29,6.05,0.43,447.9,40.0,0,normal
2027-05-16 17:12:11.124715,23.73,80.71,24.45,6.17,0.41,1181.49,100.0,0,normal
2027-02-12 21:12:10.987085,20.15,80.74,25.55,5.97,0.79,523.25,40.0,0,normal
2027-05-04 16:12:11.107599,20.39,72.27,24.93,6.67,0.77,466.79,40.0,0,normal
2027-06-20 06:12:11.179685,25.26,81.52,25.99,5.69,0.78,759.59,100.0,0,normal
2027-03-12 05:12:11.028611,18.75,80.75,26.49,5.95,0.98,524.77,40.0,0,normal
2026-08-17 09:12:10.725682,27.13,80.05,25.05,6.44,0.29,210.31,40.0,0,normal
2026-08-13 12:12:10.720442,17.71,71.64,25.26,5.64,0.76,277.08,40.0,0,normal
2027-05-07 05:12:11.111293,19.22,85.0,27.0,6.08,0.84,489.97,40.0,0,normal
2027-05-21 16:12:11.132989,24.24,77.46,24.69,5.69,0.7,239.37,40.0,0,normal
2026-12-02 21:12:10.883269,24.45,66.91,25.67,6.04,0.54,597.6,40.0,0,normal
2026-12-17 02:12:10.904412,23.29,67.86,25.7,6.38,0.64,319.72,40.0,0,normal
2027-03-29 06:12:11.053672,24.88,85.0,24.96,5.96,0.19,441.98,40.0,0,normal
2026-06-13 19:12:10.636758,29.2,79.58,25.38,5.96,0.84,616.45,100.0,0,normal
2026-07-21 10:12:10.688760,24.0,82.0,25.21,6.2,0.98,439.68,40.0,0,normal
2026-11-04 03:12:10.838410,20.61,68.2,26.79,6.16,0.75,874.05,100.0,0,normal
2027-03-05 13:12:11.017686,21.24,71.84,25.76,6.22,0.74,880.5,100.0,0,normal
2026-09-07 19:12:10.755081,28.47,70.91,24.28,6.23,0.21,756.64,100.0,0,normal
2026-08-09 05:12:10.714342,22.82,70.99,27.0,5.88,0.99,337.93,40.0,0,normal
2026-11-01 09:12:10.834479,25.62,76.06,23.0,6.08,0.96,749.52,100.0,0,normal
2026-09-13 22:12:10.764295,20.81,78.72,25.41,5.94,0.18,967.78,100.0,0,normal
2027-02-01 05:12:10.969481,23.73,77.5,24.68,6.12,0.85,432.1,40.0,0,normal
2027-02-12 14:12:10.986700,30.0,74.97,25.36,6.2,0.39,420.84,40.0,0,normal
2026-08-08 14:12:10.713513,21.94,83.67,25.06,6.1,1.2,554.64,40.0,0,normal
2026-06-20 19:12:11.204873,23.5,75.0,25.0,6.15,8.42,600.0,3.12,1,high_salinity
2027-01-16 03:12:10.948123,23.55,79.29,26.02,5.93,0.67,594.88,40.0,0,normal
2027-05-18 01:12:11.127110,24.02,84.18,24.18,5.89,0.17,679.63,100.0,0,normal
2027-01-22 11:12:10.956503,21.87,73.47,24.64,5.86,0.85,594.46,40.0,0,normal
2026-08-17 10:12:10.725736,19.32,73.08,24.81,6.58,0.5,602.28,100.0,0,normal
2027-06-12 23:12:11.167098,22.36,83.42,24.85,5.91,0.77,615.55,100.0,0,normal
2027-01-14 05:12:10.945284,30.0,74.46,23.39,5.9,0.76,468.78,40.0,0,normal
2026-06-11 20:12:10.633913,23.87,75.72,25.33,6.36,0.45,334.08,40.0,0,normal
2027-01-11 09:12:10.941544,27.33,77.06,24.7,6.23,0.69,616.87,100.0,0,normal
2026-06-25 21:12:10.653869,21.79,71.51,25.58,6.17,1.07,408.55,40.0,0,normal
2026-10-13 16:12:10.807722,21.83,72.64,23.58,5.73,0.72,497.71,40.0,0,normal
2026-12-03 18:12:10.884487,20.59,72.06,24.16,6.14,1.12,733.7,100.0,0,normal
2027-02-07 17:12:10.979237,21.45,76.22,25.69,6.32,1.2,580.28,40.0,0,normal
2027-05-27 01:12:11.141492,20.49,78.62,25.7,6.3,1.12,688.81,100.0,0,normal
2026-08-20 12:12:10.729841,21.88,84.19,24.51,5.61,0.75,889.89,100.0,0,normal
2027-06-10 13:12:11.163397,26.74,65.25,26.09,5.95,1.07,711.41,100.0,0,normal
2027-01-13 15:12:10.944519,24.63,68.76,25.14,5.62,1.1,444.48,40.0,0,normal
2027-06-08 14:12:11.160511,18.63,75.22,27.0,6.02,0.78,684.14,100.0,0,normal
2026-06-07 15:12:10.627651,24.01,76.16,23.97,6.38,0.5,653.8,100.0,0,normal
2026-08-13 19:12:10.720821,23.83,73.65,23.0,6.36,0.87,769.29,100.0,0,normal
2026-12-23 07:12:10.913177,18.69,67.13,26.06,5.71,1.23,462.76,40.0,0,normal
2027-01-21 16:12:10.955451,25.41,74.37,24.4,6.45,0.86,950.68,100.0,0,normal
2026-06-08 13:12:11.205207,23.5,75.0,25.0,4.06,0.75,600.0,0.0,1,ph_acidic
2026-07-14 12:12:10.678896,25.3,75.83,27.0,6.57,0.66,594.37,40.0,0,normal
2027-05-06 12:12:11.110327,30.0,78.6,23.76,6.22,1.14,804.36,100.0,0,normal
2026-09-01 01:12:10.746153,24.99,76.98,24.65,6.2,0.77,529.6,40.0,0,normal
2026-11-15 09:12:10.856421,20.73,75.26,24.49,6.74,0.06,225.99,40.0,0,normal
2026-08-06 13:12:10.710656,22.79,65.0,24.64,6.18,0.18,415.19,40.0,0,normal
2026-06-02 13:12:11.201939,8.5,75.0,25.0,6.15,0.75,600.0,60.0,1,low_temp
2026-07-03 12:12:10.664023,22.0,77.34,26.09,6.43,0.9,944.98,100.0,0,normal
2026-12-19 03:12:10.907457,17.0,78.32,25.05,5.85,1.21,892.03,100.0,0,normal
2026-07-16 07:12:10.681284,22.03,77.44,25.17,5.85,0.26,641.79,100.0,0,normal
2027-05-16 22:12:11.125012,25.99,70.49,25.34,6.33,1.24,830.94,100.0,0,normal
2026-06-10 20:12:10.632261,24.01,79.04,26.57,6.13,1.42,380.49,40.0,0,normal
2026-09-16 03:12:10.767392,22.22,77.13,24.58,6.17,0.0,735.7,100.0,0,normal
2027-05-16 14:12:11.124548,25.67,76.15,23.04,6.23,0.79,566.17,40.0,0,normal
2026-07-29 20:12:10.700393,19.56,78.27,23.0,6.06,0.99,637.97,100.0,0,normal
2026-05-24 06:12:11.202088,14.02,75.0,25.0,6.15,0.75,600.0,60.0,1,low_temp
2026-07-09 18:12:10.672594,27.58,74.2,25.63,6.49,0.7,578.86,40.0,0,normal
2026-09-04 09:12:10.750571,24.39,66.48,25.82,6.17,0.93,493.57,40.0,0,normal
2026-07-11 07:12:10.674644,20.16,69.73,25.06,6.28,0.49,536.33,40.0,0,normal
2027-02-06 17:12:10.977642,19.96,66.11,24.22,5.85,1.28,568.19,40.0,0,normal
2027-04-17 04:12:11.082563,21.81,70.07,26.08,5.97,1.11,353.05,40.0,0,normal
2027-01-04 22:12:10.932445,18.38,75.97,24.66,6.22,0.57,1224.0,100.0,0,normal
2027-06-16 21:12:11.173744,24.75,71.9,25.94,6.59,0.56,896.64,100.0,0,normal
2026-06-09 00:12:10.629569,26.88,75.06,25.16,6.41,0.81,693.28,100.0,0,normal
2027-04-09 15:12:11.071539,20.58,74.56,24.03,5.97,1.11,696.18,100.0,0,normal
2026-06-27 04:12:10.655598,20.44,67.8,25.73,6.14,0.87,466.75,40.0,0,normal
2026-09-22 23:12:10.777179,25.15,77.08,25.34,5.93,0.66,520.52,40.0,0,normal
2026-12-26 05:12:10.917118,24.36,85.0,25.05,6.09,0.62,544.22,40.0,0,normal
2026-12-20 06:12:10.909022,25.59,83.06,24.68,6.8,0.6,706.07,100.0,0,normal
2027-01-03 10:12:10.930391,25.72,84.23,25.59,6.12,0.73,448.92,40.0,0,normal
2026-06-13 14:12:10.636485,23.81,76.79,24.59,6.42,1.17,1009.87,100.0,0,normal
2026-12-24 12:12:10.914756,19.36,80.73,25.1,5.87,0.19,950.11,100.0,0,normal
2026-07-08 05:12:10.670421,23.69,71.09,23.59,6.25,0.9,957.97,100.0,0,normal
2026-06-23 22:12:11.205020,23.5,75.0,25.0,4.52,0.75,600.0,60.0,1,ph_acidic
2026-11-25 14:12:10.872336,22.2,85.0,25.27,6.37,0.86,517.09,40.0,0,normal
2027-02-10 19:12:10.984043,23.61,72.66,25.33,6.18,0.67,283.22,40.0,0,normal
2027-06-14 19:12:11.169593,22.66,84.0,23.1,6.07,0.25,797.21,100.0,0,normal
2026-10-10 07:12:10.802936,23.44,85.0,24.66,6.68,0.66,551.17,40.0,0,normal
2026-10-31 01:12:10.832535,22.33,73.59,26.61,5.5,1.34,717.45,100.0,0,normal
2026-09-22 11:12:10.776521,29.68,74.15,27.0,6.39,0.58,167.62,40.0,0,normal
2026-11-11 04:12:10.849698,24.74,66.1,25.12,6.4,1.5,435.89,40.0,0,normal
2026-10-04 20:12:10.794562,20.68,66.85,23.8,5.88,0.98,319.19,40.0,0,normal
2027-02-08 15:12:10.980702,18.38,71.31,25.6,5.87,1.29,192.9,40.0,0,normal
2027-01-28 11:12:10.964440,22.79,76.52,26.24,6.21,0.71,586.45,40.0,0,normal
2027-04-16 20:12:11.082096,22.77,80.72,24.09,6.21,0.61,548.37,40.0,0,normal
2026-06-04 16:12:11.206009,23.5,75.0,25.0,6.15,0.75,1.36,0.0,1,low_light
2026-09-06 16:12:10.753606,29.46,71.74,24.57,6.25,1.02,432.91,40.0,0,normal
2026-09-16 06:12:10.767555,17.43,71.66,25.17,6.31,0.9,830.91,100.0,0,normal
2026-11-03 00:12:10.836700,17.0,67.99,24.64,6.51,0.67,877.01,100.0,0,normal
2026-09-21 20:12:10.775371,20.89,71.8,24.2,6.25,0.81,671.19,100.0,0,normal
2027-02-22 20:12:11.001549,20.83,75.56,24.23,6.36,0.18,618.28,100.0,0,normal
2026-12-23 15:12:10.913607,22.78,72.85,25.03,5.96,0.54,414.68,40.0,0,normal
2027-03-03 02:12:11.014138,22.56,77.34,24.77,6.62,0.71,738.56,100.0,0,normal
2027-05-02 16:12:11.104547,24.37,73.65,25.36,5.77,0.38,609.28,100.0,0,normal
2026-10-18 11:12:10.814908,20.25,77.33,24.39,6.21,0.77,713.38,100.0,0,normal
2027-06-10 10:12:11.163224,25.71,68.25,25.2,6.22,0.96,413.77,40.0,0,normal
2027-04-19 18:12:11.086441,22.91,82.0,24.51,6.23,1.17,505.31,40.0,0,normal
2026-09-05 20:12:10.752513,24.15,69.37,24.26,5.99,0.73,897.37,100.0,0,normal
2026-09-08 15:12:10.756183,28.19,76.37,26.99,6.12,1.28,683.63,100.0,0,normal
2026-10-01 23:12:10.790230,20.45,77.96,23.79,5.53,0.88,702.86,100.0,0,normal
2027-04-11 00:12:11.073524,17.0,77.6,25.98,5.96,0.56,535.36,40.0,0,normal
2027-04-05 11:12:11.065568,28.39,66.07,24.01,5.9,1.05,614.7,100.0,0,normal
2026-12-17 21:12:10.905547,29.29,75.66,24.86,5.76,1.04,472.9,40.0,0,normal
2026-07-06 01:12:10.667382,22.86,76.97,26.37,6.09,0.68,584.08,40.0,0,normal
2026-11-16 12:12:10.858043,28.09,82.95,25.27,6.26,0.6,440.91,40.0,0,normal
2027-04-20 02:12:11.086899,24.98,71.89,24.31,6.53,0.66,569.3,40.0,0,normal
2027-03-13 06:12:11.030215,19.62,75.64,23.4,6.34,1.05,556.68,40.0,0,normal
2026-08-16 22:12:10.725092,24.76,77.39,24.42,6.33,0.73,540.0,40.0,0,normal
2027-02-10 10:12:10.983555,27.83,71.03,24.75,6.45,1.1,565.79,40.0,0,normal
2026-09-01 05:12:10.746386,25.34,77.51,25.72,5.92,1.02,748.93,100.0,0,normal
2026-12-14 23:12:10.901180,24.49,79.24,24.93,5.95,0.78,592.74,40.0,0,normal
2026-08-14 08:12:10.721559,26.65,71.22,23.97,6.09,0.57,572.01,40.0,0,normal
2027-04-23 05:12:11.091154,23.56,83.4,24.03,6.2,1.17,898.07,100.0,0,normal
2027-05-31 09:12:11.148422,19.7,79.15,25.73,5.91,1.12,640.69,100.0,0,normal
2027-05-20 04:12:11.130826,25.85,66.65,23.36,6.15,0.73,478.74,40.0,0,normal
2027-03-23 02:12:11.045060,17.42,85.0,26.79,6.16,0.94,696.89,100.0,0,normal
2026-05-31 11:12:10.616709,24.38,82.81,25.19,6.08,0.19,851.2,100.0,0,normal
2026-07-03 06:12:10.663698,17.0,72.58,24.9,5.88,0.93,522.27,40.0,0,normal
2027-02-24 08:12:11.003920,25.48,73.72,25.53,6.03,0.25,857.58,100.0,0,normal
2026-08-10 10:12:10.715953,22.17,73.89,24.29,6.3,0.93,433.8,40.0,0,normal
2026-07-04 12:12:10.665344,19.28,76.64,25.75,6.41,1.25,392.05,40.0,0,normal
2026-12-26 20:12:10.918177,26.7,71.14,25.08,6.28,0.63,663.52,100.0,0,normal
2026-07-19 13:12:10.685775,23.05,79.18,24.15,5.77,0.64,599.37,40.0,0,normal
2026-08-20 20:12:10.730414,26.4,85.0,24.2,6.3,0.61,775.52,100.0,0,normal
2026-06-20 02:12:10.645904,24.85,79.45,24.36,6.11,0.15,395.84,40.0,0,normal
2026-07-07 21:12:10.669991,23.77,85.0,26.22,6.14,1.01,883.9,100.0,0,normal
2027-03-25 11:12:11.048221,25.91,75.5,25.37,5.69,0.24,404.87,40.0,0,normal
2026-10-31 08:12:10.833091,22.3,77.56,24.15,5.87,1.42,481.89,40.0,0,normal
2027-04-29 07:12:11.099684,21.08,71.29,24.42,6.31,0.98,636.07,100.0,0,normal
2026-12-20 23:12:10.910049,21.84,68.79,23.96,6.13,1.0,314.32,40.0,0,normal
2026-08-04 03:12:10.707455,28.41,76.28,25.35,6.65,0.53,738.15,100.0,0,normal
2027-06-02 20:12:11.151798,20.9,73.88,23.0,5.92,0.91,607.87,100.0,0,normal
2026-09-08 19:12:10.756415,17.0,76.69,26.83,6.63,0.67,1019.69,100.0,0,normal
2027-03-17 12:12:11.036358,22.73,80.61,27.0,6.27,0.72,455.05,40.0,0,normal
2027-04-01 09:12:11.058650,24.25,75.01,25.97,6.15,0.76,793.53,100.0,0,normal
2027-04-03 21:12:11.063216,22.39,69.88,25.91,6.06,1.12,212.53,40.0,0,normal
2026-10-14 10:12:10.809015,24.15,74.82,25.23,6.56,0.0,393.3,40.0,0,normal
2027-05-01 01:12:11.102106,23.31,75.32,24.04,6.15,1.11,681.04,100.0,0,normal
2026-07-04 06:12:10.665020,20.34,73.36,26.03,6.36,0.6,569.28,40.0,0,normal
2027-01-30 22:12:10.967776,21.0,78.38,25.95,5.6,0.15,956.17,100.0,0,normal
2026-08-24 01:12:10.734779,20.83,79.64,24.72,6.15,0.94,459.92,40.0,0,normal
2027-04-28 02:12:11.098075,20.0,76.72,23.8,5.98,0.95,578.73,40.0,0,normal
2026-09-07 22:12:10.755257,21.68,69.09,25.98,6.22,0.56,864.35,100.0,0,normal
2026-06-04 02:12:10.621944,22.29,73.76,23.75,6.15,0.9,641.92,100.0,0,normal
2026-09-09 10:12:10.757218,20.75,77.55,26.51,6.49,0.65,334.1,40.0,0,normal
2026-08-25 02:12:10.736165,22.41,76.67,25.46,5.55,1.32,624.92,100.0,0,normal
2027-02-26 22:12:11.007686,25.55,75.01,23.38,6.2,0.54,749.38,100.0,0,normal
2026-09-23 04:12:10.777473,28.57,75.47,25.15,6.43,1.31,382.7,40.0,0,normal
2026-09-05 04:12:10.751619,25.94,75.75,23.97,5.72,0.32,826.46,100.0,0,normal
2027-01-06 17:12:10.935054,23.34,67.85,25.1,6.07,0.78,797.42,100.0,0,normal
2026-12-21 21:12:10.911281,30.0,72.48,24.69,6.41,0.68,566.65,40.0,0,normal
2026-08-20 00:12:10.729195,23.6,67.63,27.0,5.82,0.94,440.84,40.0,0,normal
2027-03-13 01:12:11.029932,24.19,75.88,24.55,6.26,0.5,760.43,100.0,0,normal
2026-09-29 18:12:10.787183,22.49,76.04,24.88,6.71,0.59,684.11,100.0,0,normal
2027-06-04 05:12:11.153756,22.61,82.28,25.19,5.99,0.92,527.26,40.0,0,normal
2027-01-20 19:12:10.954277,23.38,70.6,25.75,5.65,0.94,505.37,40.0,0,normal
2026-06-25 20:12:11.205295,23.5,75.0,25.0,4.6,0.75,600.0,60.0,1,ph_acidic
2027-02-14 14:12:10.989534,29.55,72.0,25.62,6.65,0.49,839.61,100.0,0,normal
2026-11-03 08:12:10.837346,21.12,67.8,25.34,5.94,1.35,848.94,100.0,0,normal
2026-07-20 13:12:10.687389,28.2,75.48,26.45,6.03,0.91,689.41,100.0,0,normal
2027-05-07 20:12:11.112255,17.3,78.56,23.93,6.5,0.7,778.04,100.0,0,normal
2026-09-04 01:12:10.750126,21.32,70.89,25.81,6.57,0.48,810.61,100.0,0,normal
2027-04-13 11:12:11.077241,25.28,71.88,24.98,5.81,0.84,475.02,40.0,0,normal
2026-12-15 02:12:10.901357,24.69,73.57,24.19,6.29,0.61,527.26,40.0,0,normal
2026-08-07 08:12:10.711711,24.63,75.48,25.01,6.33,0.51,640.55,100.0,0,normal
2027-05-16 15:12:11.124605,22.07,73.51,26.16,5.95,1.14,559.81,40.0,0,normal
2027-01-10 11:12:10.940326,23.66,73.4,24.53,6.16,1.04,668.91,100.0,0,normal
2027-06-10 01:12:11.162717,18.67,72.29,24.79,6.44,0.64,962.4,100.0,0,normal
2026-05-24 10:12:11.205325,23.5,75.0,25.0,5.17,0.75,600.0,60.0,1,ph_acidic
2026-06-09 17:12:10.630519,26.18,77.31,25.17,6.1,0.55,744.66,100.0,0,normal
2027-04-07 21:12:11.069115,24.01,78.71,24.02,6.24,0.78,692.9,100.0,0,normal
2026-07-14 13:12:10.678950,23.11,80.67,23.15,6.01,0.58,442.9,40.0,0,normal
2027-01-26 20:12:10.962278,27.95,69.8,27.0,6.43,0.56,382.15,40.0,0,normal
2027-04-16 01:12:11.080861,28.48,76.87,24.01,5.89,1.23,709.42,100.0,0,normal
2026-10-24 08:12:10.823064,22.42,85.0,24.54,5.89,0.72,163.99,40.0,0,normal
2027-03-24 10:12:11.046847,20.69,73.85,25.81,6.79,0.6,454.6,40.0,0,normal
2026-06-06 02:12:10.624842,17.0,72.96,24.47,5.91,0.75,542.07,40.0,0,normal
2027-02-07 16:12:10.979183,21.51,76.54,25.33,6.15,0.82,725.15,100.0,0,normal
2026-12-25 23:12:10.916762,22.73,79.88,25.44,6.34,0.43,436.89,40.0,0,normal
2027-05-29 12:12:11.145300,22.39,71.69,25.7,6.79,0.85,682.32,100.0,0,normal
2027-03-22 00:12:11.042681,26.87,76.31,23.49,6.68,0.69,645.82,100.0,0,normal
2027-05-27 09:12:11.141967,22.61,69.75,24.73,6.52,0.27,643.76,100.0,0,normal
2027-03-31 23:12:11.058111,24.53,79.34,25.91,6.21,0.73,339.19,40.0,0,normal
2027-02-06 12:12:10.977338,26.41,77.01,26.39,6.38,1.0,645.01,100.0,0,normal
2027-01-23 23:12:10.958493,22.42,67.62,24.63,6.04,0.6,585.83,40.0,0,normal
2026-12-22 14:12:10.912232,24.49,70.79,25.3,6.46,0.98,610.74,100.0,0,normal
2026-09-01 13:12:10.746823,21.61,67.67,25.86,6.17,0.17,469.67,40.0,0,normal
2026-05-22 23:12:10.601942,28.38,66.58,25.36,6.24,0.95,461.4,40.0,0,normal
2026-08-16 03:12:10.724041,25.31,71.48,25.6,5.99,0.73,515.99,40.0,0,normal
2026-07-29 22:12:10.700500,21.74,65.84,24.53,6.02,0.72,138.4,40.0,0,normal
2026-06-20 07:12:10.646174,24.6,71.73,23.98,5.81,0.85,426.51,40.0,0,normal
2027-05-10 16:12:11.116359,27.37,79.97,25.66,5.98,0.41,729.38,100.0,0,normal
2026-09-13 08:12:10.763510,21.37,76.85,25.5,6.37,0.94,505.29,40.0,0,normal
2026-07-18 09:12:10.684175,25.54,67.4,24.52,6.08,0.66,1024.65,100.0,0,normal
2026-08-01 21:12:10.704429,22.03,72.4,25.38,5.63,0.41,474.44,40.0,0,normal
2026-09-01 21:12:10.747279,20.39,79.52,24.17,6.11,0.9,385.85,40.0,0,normal
2026-10-25 11:12:10.824547,26.34,80.59,24.81,6.23,0.35,710.63,100.0,0,normal
2026-08-26 22:12:10.739423,20.85,76.7,24.99,6.3,0.83,555.37,40.0,0,normal
2026-06-10 05:12:10.631328,25.64,81.57,24.41,5.75,0.7,439.21,40.0,0,normal
2026-12-23 04:12:10.913017,23.19,76.64,24.27,6.54,0.97,510.96,40.0,0,normal
2026-11-12 08:12:10.851641,19.42,84.41,25.82,6.09,0.87,86.6,40.0,0,normal
2027-01-07 07:12:10.935842,26.47,68.04,25.22,6.09,0.52,529.24,40.0,0,normal
2026-11-08 03:12:10.844475,21.98,79.75,26.09,6.2,0.64,566.84,40.0,0,normal
2026-07-22 23:12:10.690806,23.3,76.82,25.31,6.16,1.01,354.12,40.0,0,normal
2026-10-22 07:12:10.820285,26.82,76.77,25.29,6.32,0.17,335.68,40.0,0,normal
2026-06-02 19:12:10.620156,23.51,71.13,25.04,6.6,0.85,607.33,100.0,0,normal
2027-02-20 04:12:10.997701,20.73,73.06,25.7,6.68,0.67,454.7,40.0,0,normal
2026-11-27 23:12:10.875885,23.5,65.91,24.31,6.21,0.88,620.22,100.0,0,normal
2026-11-17 13:12:10.860132,20.48,75.35,24.96,6.22,0.52,851.35,100.0,0,normal
2027-02-24 13:12:11.004217,23.56,75.88,23.38,5.86,1.28,637.15,100.0,0,normal
2026-12-10 18:12:10.895091,21.67,67.46,23.9,5.5,0.49,463.47,40.0,0,normal
2026-10-16 10:12:10.811876,22.24,70.71,24.17,6.48,1.07,936.24,100.0,0,normal
2026-10-30 05:12:10.831415,21.56,77.88,27.0,6.17,0.45,678.57,100.0,0,normal
2027-03-09 20:12:11.024888,17.74,77.61,24.01,6.08,1.33,154.56,40.0,0,normal
2026-09-06 14:12:10.753499,22.67,72.55,24.54,6.35,0.42,376.86,40.0,0,normal
2026-07-18 01:12:10.683704,26.13,75.82,24.69,6.44,0.76,1023.16,100.0,0,normal
2027-06-20 11:12:11.179971,22.98,78.47,24.97,5.81,0.63,874.77,100.0,0,normal
2027-05-19 01:12:11.129028,24.93,77.34,25.98,6.11,0.54,515.95,40.0,0,normal
2026-06-15 22:12:10.640240,19.33,82.41,26.21,6.16,0.18,647.54,100.0,0,normal
2026-11-19 08:12:10.863226,23.63,80.85,23.86,6.07,0.77,678.85,100.0,0,normal
2027-02-10 11:12:10.983613,24.57,71.83,24.2,5.94,0.69,667.7,100.0,0,normal
2027-05-30 22:12:11.147619,25.59,80.42,23.0,6.0,0.53,687.41,100.0,0,normal
2027-02-11 20:12:10.985528,20.47,83.56,25.65,6.61,1.01,676.01,100.0,0,normal
2026-12-06 07:12:10.888269,22.37,72.56,24.38,5.5,1.09,604.57,100.0,0,normal
2026-06-17 23:12:10.643018,29.92,74.34,26.1,5.95,0.99,592.63,40.0,0,normal
2027-02-11 22:12:10.985644,21.62,75.63,24.38,5.96,0.71,735.65,100.0,0,normal
2027-03-31 16:12:11.057340,21.82,70.53,24.54,6.11,1.24,617.8,100.0,0,normal
2026-05-31 04:12:11.203380,23.5,75.0,17.41,6.15,1.93,600.0,47.02,1,drought
2027-01-28 00:12:10.963830,20.0,68.6,25.94,6.19,0.55,578.87,40.0,0,normal
2027-04-18 08:12:11.084248,22.52,75.65,24.43,6.56,0.47,1041.54,100.0,0,normal
2027-03-16 14:12:11.035135,20.49,72.38,26.27,6.33,1.4,407.29,40.0,0,normal
2026-10-13 13:12:10.807559,19.31,76.57,25.36,5.96,0.75,787.04,100.0,0,normal
2027-04-11 19:12:11.074603,23.7,76.42,25.47,5.94,0.09,664.66,100.0,0,normal
2027-04-07 18:12:11.068867,25.76,78.48,25.1,5.92,1.02,205.42,40.0,0,normal
2026-09-23 15:12:10.778078,22.22,73.28,23.01,5.91,0.54,958.7,100.0,0,normal
2027-06-17 21:12:11.175691,18.68,71.67,25.22,6.06,1.19,189.12,40.0,0,normal
2026-12-11 04:12:10.895697,21.87,75.84,25.11,5.88,0.97,491.57,40.0,0,normal
2026-09-05 01:12:10.751458,25.02,69.86,24.87,5.72,0.73,276.54,40.0,0,normal
2027-05-23 01:12:11.135110,27.31,75.2,25.75,5.89,0.77,674.82,100.0,0,normal
2026-12-30 14:12:10.924862,19.27,77.45,24.87,6.07,1.23,262.39,40.0,0,normal
2026-07-26 08:12:10.695698,29.49,69.29,26.55,5.5,0.18,619.26,100.0,0,normal
2026-05-25 21:12:11.206856,33.65,75.0,11.95,6.15,2.57,600.0,0.0,1,combined_stress
2026-11-07 11:12:10.843536,19.75,75.29,24.11,6.17,0.86,862.35,100.0,0,normal
2026-11-04 05:12:10.838535,25.32,79.37,25.9,5.72,0.97,566.02,40.0,0,normal
2027-03-11 00:12:11.026828,22.74,69.76,24.1,6.23,1.03,538.96,40.0,0,normal
2026-08-20 01:12:10.729248,22.75,75.48,23.7,5.88,0.12,490.21,40.0,0,normal
2026-06-19 14:12:10.645226,22.1,71.42,25.23,6.58,0.63,692.98,100.0,0,normal
2027-04-03 19:12:11.063100,20.89,76.09,25.34,6.63,0.74,554.42,40.0,0,normal
2027-04-11 06:12:11.073889,21.73,76.67,23.0,6.7,0.6,780.88,100.0,0,normal
2026-10-04 04:12:10.793668,24.72,77.95,25.95,6.07,0.37,435.24,40.0,0,normal
2027-01-20 13:12:10.953953,25.74,80.09,24.54,6.45,0.14,742.77,100.0,0,normal
2027-04-27 10:12:11.097143,26.26,66.6,25.36,6.6,0.93,779.16,100.0,0,normal
2026-09-01 14:12:10.746877,29.34,70.06,25.4,6.57,0.77,851.15,100.0,0,normal
2026-11-08 04:12:10.844535,21.77,75.5,25.77,6.08,0.74,391.22,40.0,0,normal
2026-09-17 06:12:10.768866,22.77,77.44,25.83,5.85,0.34,662.82,100.0,0,normal
2026-10-23 02:12:10.821377,24.36,80.21,24.37,6.2,0.55,686.98,100.0,0,normal
2027-03-15 01:12:11.032918,23.52,75.8,24.84,6.78,0.69,443.1,40.0,0,normal
2027-02-07 04:12:10.978389,23.05,68.49,25.75,6.37,0.97,719.96,100.0,0,normal
2026-12-13 22:12:10.899554,20.46,79.13,24.41,5.85,0.49,584.69,40.0,0,normal
2027-01-24 19:12:10.959598,20.54,71.66,24.22,6.11,0.79,557.78,40.0,0,normal
2026-11-29 00:12:10.877408,27.97,70.34,25.57,5.84,0.85,869.56,100.0,0,normal
2027-01-18 01:12:10.950663,24.46,77.87,23.55,5.87,0.77,643.66,100.0,0,normal
2026-11-06 09:12:10.841589,29.42,71.79,24.53,6.21,0.09,532.31,40.0,0,normal
2026-08-22 23:12:10.733349,29.58,68.21,25.66,6.1,0.73,462.37,40.0,0,normal
2027-04-02 10:12:11.060840,20.27,76.9,24.26,6.23,0.84,631.25,100.0,0,normal
2026-06-30 00:12:10.659372,29.72,71.84,26.12,6.26,0.12,1011.95,100.0,0,normal
2026-08-26 17:12:10.739136,25.59,77.98,26.67,6.04,0.51,506.77,40.0,0,normal
2026-12-11 07:12:10.895868,19.89,80.91,25.24,5.75,0.5,679.58,100.0,0,normal
2026-06-12 18:12:10.635174,21.17,81.56,26.73,6.58,0.83,161.01,40.0,0,normal
2026-06-12 19:12:10.635228,23.36,68.5,23.47,6.06,0.55,526.12,40.0,0,normal
2026-12-30 18:12:10.925087,22.92,81.91,24.3,6.38,1.02,502.23,40.0,0,normal
2026-06-27 20:12:11.205403,23.5,75.0,25.0,5.16,0.75,600.0,60.0,1,ph_acidic
2026-10-09 00:12:10.800458,23.18,70.24,25.12,6.2,0.67,388.88,40.0,0,normal
2026-07-15 16:12:10.680453,22.46,75.21,25.57,6.39,0.65,839.08,100.0,0,normal
2026-11-04 00:12:10.838248,17.84,76.92,26.65,6.41,0.95,607.22,100.0,0,normal
2027-02-16 15:12:10.992412,22.26,74.67,24.58,6.06,0.39,672.6,100.0,0,normal
2026-06-02 05:12:11.201471,33.32,44.32,25.0,6.15,0.75,600.0,42.0,1,high_temp
2026-08-01 13:12:10.703992,20.76,68.31,24.92,6.5,0.91,560.65,40.0,0,normal
2026-06-23 13:12:10.650594,24.04,68.67,26.76,6.3,0.81,371.09,40.0,0,normal
2027-06-02 09:12:11.151175,24.39,69.9,24.96,5.68,0.48,836.08,100.0,0,normal
2027-05-18 04:12:11.127282,26.94,71.16,24.53,5.98,0.58,673.59,100.0,0,normal
2027-01-10 16:12:10.940608,23.66,84.54,25.44,6.46,0.23,566.45,40.0,0,normal
2027-01-26 03:12:10.961344,27.45,69.94,24.9,6.41,0.38,840.76,100.0,0,normal
2026-06-18 04:12:10.643345,21.21,74.49,25.92,6.09,0.91,368.54,40.0,0,normal
2026-10-25 04:12:10.824169,22.21,65.0,23.78,6.16,0.87,870.14,100.0,0,normal
2026-08-21 13:12:10.731358,22.95,77.44,25.54,5.82,0.73,569.4,40.0,0,normal
2027-06-15 19:12:11.171607,25.18,74.77,24.93,6.3,0.28,271.6,40.0,0,normal
2026-06-06 10:12:10.625838,24.39,80.56,23.56,5.81,0.32,712.33,100.0,0,normal
2026-06-08 01:12:11.205482,23.5,75.0,25.0,8.22,0.75,600.0,60.0,1,ph_alkaline
2026-05-25 17:12:11.201349,32.31,58.64,25.0,6.15,0.75,600.0,42.0,1,high_temp
2026-11-13 15:12:10.853807,26.04,73.57,23.72,5.66,0.66,80.65,40.0,0,normal
2026-06-06 18:12:10.626327,23.39,73.45,25.86,5.83,0.83,968.29,100.0,0,normal
2027-06-19 12:12:11.178654,22.49,76.93,25.95,6.27,0.39,318.89,40.0,0,normal
2026-08-22 09:12:10.732570,27.11,68.59,25.3,6.18,0.22,530.31,40.0,0,normal
2027-05-18 16:12:11.128489,29.99,72.14,24.61,6.16,0.28,751.58,100.0,0,normal
2026-07-28 06:12:10.698295,28.37,66.57,24.47,6.58,0.77,724.34,100.0,0,normal
2027-03-08 20:12:11.023496,20.59,78.66,24.35,5.5,1.12,341.21,40.0,0,normal
2027-04-01 14:12:11.058939,24.88,70.73,25.2,5.5,0.99,590.41,40.0,0,normal
2026-08-06 04:12:10.710169,22.99,77.01,24.81,6.63,0.68,687.94,100.0,0,normal
2026-10-20 09:12:10.817603,25.36,69.97,26.22,6.28,0.63,739.72,100.0,0,normal
2026-07-01 03:12:10.660869,27.15,71.06,23.92,5.97,0.9,787.47,100.0,0,normal
2026-09-23 18:12:10.778240,23.2,69.01,24.69,6.15,0.37,659.37,100.0,0,normal
2027-02-21 07:12:10.999351,24.44,67.85,26.26,5.95,0.83,639.11,100.0,0,normal
2026-06-19 01:12:11.203014,23.5,75.0,17.97,6.15,1.74,600.0,48.31,1,drought
2026-08-29 01:12:10.742206,22.51,70.87,24.94,5.68,0.76,227.05,40.0,0,normal
2027-04-29 22:12:11.100505,20.1,71.05,25.27,6.02,0.82,783.84,100.0,0,normal
2026-06-06 00:12:10.624731,23.3,73.41,25.38,6.1,0.98,770.52,100.0,0,normal
2026-10-29 00:12:10.829654,30.0,77.82,25.2,5.83,0.94,901.18,100.0,0,normal
2027-04-27 22:12:11.097854,30.0,84.64,25.65,6.8,1.0,581.89,40.0,0,normal
2026-07-12 23:12:10.676849,27.46,73.8,25.54,5.74,0.75,545.33,40.0,0,normal
2027-03-30 17:12:11.055711,25.51,73.94,24.99,6.38,0.76,723.14,100.0,0,normal
2027-05-04 19:12:11.107762,26.9,68.23,24.31,6.29,0.7,399.54,40.0,0,normal
2027-02-17 08:12:10.993642,22.84,66.69,23.48,6.1,0.93,634.14,100.0,0,normal
2026-12-20 00:12:10.908661,25.68,76.35,24.62,5.93,0.75,534.86,40.0,0,normal
2026-10-22 23:12:10.821210,27.17,75.73,24.78,6.04,1.03,640.92,100.0,0,normal
2026-07-26 14:12:10.696054,19.41,66.15,26.24,6.35,0.57,400.02,40.0,0,normal
2027-02-07 18:12:10.979291,24.69,66.1,25.1,6.31,0.76,452.67,40.0,0,normal
2027-01-03 16:12:10.930733,25.21,77.08,26.73,6.29,0.81,355.89,40.0,0,normal
2026-09-06 00:12:10.752727,24.65,74.27,24.06,5.5,0.82,410.23,40.0,0,normal
2026-10-11 16:12:10.804887,23.04,76.54,26.16,6.08,0.37,490.15,40.0,0,normal
2026-08-14 22:12:10.722340,25.07,69.88,26.77,6.17,1.34,574.31,40.0,0,normal
2027-06-11 01:12:11.164064,21.31,75.04,25.61,6.27,0.81,1009.91,100.0,0,normal
2026-06-23 05:12:10.650133,23.56,80.16,24.29,5.76,1.18,716.59,100.0,0,normal
2027-01-01 05:12:10.927291,21.88,67.04,23.2,6.16,1.11,854.39,100.0,0,normal
2026-06-24 11:12:11.201570,35.89,45.51,25.0,6.15,0.75,600.0,0.0,1,high_temp
2026-10-17 11:12:10.813427,24.62,71.11,25.35,5.93,1.03,572.21,40.0,0,normal
2026-06-14 11:12:10.637838,18.93,75.24,25.81,5.98,0.8,722.94,100.0,0,normal
2027-02-24 12:12:11.004160,25.42,81.56,24.89,5.84,1.08,773.2,100.0,0,normal
2026-09-05 03:12:10.751566,26.08,80.51,25.5,6.28,0.62,408.79,40.0,0,normal
2027-01-06 15:12:10.934943,21.12,65.0,25.66,5.96,0.67,944.27,100.0,0,normal
2026-12-30 03:12:10.924011,22.62,65.0,24.66,5.52,0.76,281.3,40.0,0,normal
2027-04-24 06:12:11.092696,30.0,73.22,24.97,5.64,0.93,494.29,40.0,0,normal
2026-11-26 20:12:10.874183,23.81,75.39,26.16,6.03,0.49,339.35,40.0,0,normal
2026-07-30 19:12:10.701661,25.04,67.26,23.93,5.89,1.12,652.18,100.0,0,normal
2027-03-26 04:12:11.049257,25.03,65.0,23.0,6.2,0.33,796.09,100.0,0,normal
2026-06-06 06:12:10.625349,27.51,83.06,26.47,6.09,0.22,511.98,40.0,0,normal
2027-04-20 22:12:11.088017,22.6,80.87,25.16,6.36,0.26,540.84,40.0,0,normal
2027-04-15 17:12:11.080421,22.64,73.44,24.52,5.99,0.21,739.59,100.0,0,normal
2026-11-18 08:12:10.861584,20.09,71.71,24.46,6.1,0.85,648.63,100.0,0,normal
2026-06-19 21:12:11.206549,34.04,75.0,12.08,6.15,3.41,600.0,0.0,1,combined_stress
2026-05-28 04:12:10.611392,23.81,71.23,24.21,5.95,0.22,956.56,100.0,0,normal
2026-07-30 13:12:10.701337,26.1,76.3,25.08,6.52,0.85,306.43,40.0,0,normal
2026-09-27 17:12:10.784263,20.69,79.08,24.62,6.05,1.33,383.27,40.0,0,normal
2027-05-25 10:12:11.138718,24.8,78.86,24.61,5.5,0.81,752.48,100.0,0,normal
2027-04-05 19:12:11.066033,17.0,73.27,24.02,6.28,0.53,713.76,100.0,0,normal
2026-06-08 00:12:10.628171,20.84,85.0,26.04,5.84,0.45,202.85,40.0,0,normal
2026-06-25 10:12:11.201818,11.4,75.0,25.0,6.15,0.75,600.0,60.0,1,low_temp
2027-04-11 13:12:11.074271,28.77,77.22,25.04,5.78,0.42,510.08,40.0,0,normal
2026-10-13 01:12:10.806883,24.25,72.54,25.58,6.14,0.74,215.73,40.0,0,normal
2027-02-03 19:12:10.973455,25.24,69.26,23.35,6.24,0.8,600.57,100.0,0,normal
2026-11-12 07:12:10.851576,23.32,80.88,25.71,5.98,1.26,512.38,40.0,0,normal
2026-10-18 01:12:10.814343,26.1,74.87,25.31,6.25,0.59,573.41,40.0,0,normal
2026-10-05 08:12:10.795371,24.54,83.89,26.14,6.48,0.75,477.0,40.0,0,normal
2026-12-13 21:12:10.899498,23.37,75.07,25.56,6.12,0.5,239.67,40.0,0,normal
2026-07-04 00:12:10.664688,19.8,77.69,24.57,6.45,1.25,780.86,100.0,0,normal
2026-06-11 03:12:11.206047,23.5,75.0,25.0,6.15,0.75,11.45,0.0,1,low_light
2027-02-05 15:12:10.975895,27.06,77.39,25.84,5.88,0.92,799.71,100.0,0,normal
2027-02-20 17:12:10.998552,22.22,74.57,26.05,6.25,1.07,137.69,40.0,0,normal
2027-05-28 00:12:11.143110,22.8,75.28,25.19,6.24,0.77,599.04,40.0,0,normal
2026-06-30 09:12:11.204621,23.5,75.0,25.0,6.15,8.17,600.0,6.57,1,high_salinity
2027-02-26 05:12:11.006599,23.55,75.2,24.31,5.75,0.79,574.26,40.0,0,normal
2027-04-21 11:12:11.088732,25.62,70.48,25.54,6.25,0.55,603.86,100.0,0,normal
2027-04-22 10:12:11.090092,23.89,76.1,25.46,6.27,0.89,769.27,100.0,0,normal
2026-06-26 16:12:10.654928,22.07,76.23,23.8,6.38,1.37,273.71,40.0,0,normal
2026-11-01 15:12:10.834803,18.14,80.04,24.48,6.13,0.57,818.2,100.0,0,normal
2027-05-13 01:12:11.119568,19.55,72.08,25.22,5.85,0.42,343.49,40.0,0,normal
2026-05-25 07:12:10.605411,22.51,75.0,24.08,6.67,0.15,535.47,40.0,0,normal
2027-03-13 09:12:11.030383,18.6,66.13,24.63,6.59,0.72,310.07,40.0,0,normal
2026-08-23 16:12:10.734292,18.97,76.83,25.56,6.12,1.06,843.16,100.0,0,normal
2027-05-01 05:12:11.102351,25.04,81.39,23.0,6.23,0.3,714.11,100.0,0,normal
2026-11-05 19:12:10.840791,21.62,73.95,23.42,6.63,0.89,806.23,100.0,0,normal
2026-06-22 04:12:11.206134,23.5,75.0,25.0,6.15,0.75,8.89,0.0,1,low_light
2026-06-06 01:12:11.201605,12.89,75.0,25.0,6.15,0.75,600.0,60.0,1,low_temp
2027-06-13 05:12:11.167460,21.05,71.41,25.16,6.11,0.93,890.85,100.0,0,normal
2026-06-20 19:12:10.646835,24.49,75.85,26.0,6.4,0.83,789.45,100.0,0,normal
2027-03-28 12:12:11.052612,21.89,75.8,23.02,6.29,0.78,605.04,100.0,0,normal
2026-06-23 21:12:10.651040,23.78,81.38,25.94,6.1,0.92,432.06,40.0,0,normal
2026-08-25 00:12:10.736058,21.19,76.12,24.29,6.06,0.7,717.59,100.0,0,normal
2026-11-08 16:12:10.845322,22.25,78.78,23.54,6.15,0.77,496.56,40.0,0,normal
2026-10-31 10:12:10.833204,24.02,72.2,26.47,6.14,0.69,535.65,40.0,0,normal
2027-06-12 15:12:11.166569,19.06,75.34,26.09,6.79,0.49,463.23,40.0,0,normal
2027-03-17 02:12:11.035802,25.88,76.13,25.45,6.02,0.52,810.76,100.0,0,normal
2027-06-04 02:12:11.153593,24.89,74.09,24.74,6.12,1.05,508.37,40.0,0,normal
2027-06-19 18:12:11.178999,23.46,73.75,27.0,6.29,1.3,295.46,40.0,0,normal
2026-10-20 08:12:10.817545,23.04,78.54,23.89,6.16,0.24,500.35,40.0,0,normal
2027-05-16 06:12:11.124084,24.61,75.85,24.76,6.26,0.73,493.07,40.0,0,normal
2027-03-22 02:12:11.042789,19.24,81.9,25.79,5.72,0.33,835.06,100.0,0,normal
2027-02-07 09:12:10.978683,21.47,77.37,25.49,5.53,0.49,542.44,40.0,0,normal
2026-06-08 17:12:10.629162,17.0,69.35,26.25,5.91,1.27,422.15,40.0,0,normal
2026-06-07 09:12:10.627281,17.0,81.11,23.42,5.94,0.65,564.73,40.0,0,normal
2026-10-02 00:12:10.790302,24.0,65.88,24.44,5.91,0.92,633.36,100.0,0,normal
2026-05-22 17:12:10.601587,23.44,65.0,23.94,6.34,0.99,493.97,40.0,0,normal
2027-02-10 00:12:10.982986,27.1,76.11,25.38,5.93,0.66,669.24,100.0,0,normal
2026-11-13 01:12:10.852950,21.16,75.67,25.25,6.1,1.36,286.86,40.0,0,normal
2026-09-10 09:12:10.758522,20.76,67.4,24.84,6.57,1.33,823.9,100.0,0,normal
2026-08-31 21:12:10.745938,20.57,71.32,24.12,6.16,0.33,323.68,40.0,0,normal
2027-02-25 02:12:11.005057,21.5,70.1,23.0,6.59,0.8,480.86,40.0,0,normal
2027-02-02 21:12:10.972065,24.59,76.45,25.95,6.16,0.53,575.74,40.0,0,normal
2026-09-07 10:12:10.754602,25.02,71.85,26.62,6.73,1.02,498.76,40.0,0,normal
2026-10-14 14:12:10.809267,20.93,74.85,25.16,6.15,0.41,612.19,100.0,0,normal
2027-01-28 21:12:10.964989,22.83,73.45,23.55,6.04,0.56,533.39,40.0,0,normal
2026-07-21 20:12:10.689300,20.75,78.26,24.76,6.3,0.83,626.07,100.0,0,normal
2026-10-27 13:12:10.827499,24.81,70.72,24.93,6.35,0.58,238.37,40.0,0,normal
2026-06-29 19:12:11.205098,23.5,75.0,25.0,4.73,0.75,600.0,60.0,1,ph_acidic
2027-03-26 03:12:11.049142,18.1,65.0,25.12,5.82,0.5,803.89,100.0,0,normal
2026-12-09 16:12:10.893401,24.86,68.36,25.51,6.24,0.81,301.69,40.0,0,normal
2027-04-24 21:12:11.093603,29.18,74.57,25.07,5.54,1.4,523.95,40.0,0,normal
2026-10-28 20:12:10.829440,25.94,81.48,24.16,6.27,0.81,727.1,100.0,0,normal
2027-06-13 23:12:11.168474,28.0,74.39,23.0,6.5,0.82,823.74,100.0,0,normal
2027-01-13 20:12:10.944786,22.12,78.15,25.19,6.02,0.52,413.1,40.0,0,normal
2027-05-21 10:12:11.132643,25.75,75.85,24.67,5.96,0.27,475.86,40.0,0,normal
2027-01-19 20:12:10.953010,22.29,74.88,26.83,6.16,0.88,511.31,40.0,0,normal
2026-05-26 11:12:11.203928,23.5,75.0,29.71,6.15,0.75,600.0,50.0,1,overwater
2026-12-04 21:12:10.886371,25.0,77.21,24.7,5.69,0.61,597.54,40.0,0,normal
2027-05-21 21:12:11.133284,23.43,77.51,25.08,6.39,0.76,314.45,40.0,0,normal
2027-01-22 08:12:10.956315,24.83,68.14,25.66,5.68,0.41,501.45,40.0,0,normal
2026-08-28 04:12:10.741064,30.0,80.21,26.77,6.62,0.72,360.28,40.0,0,normal
2027-01-28 13:12:10.964549,24.1,77.96,24.76,6.8,0.46,680.07,100.0,0,normal
2026-12-07 23:12:10.890808,24.87,65.0,24.65,6.35,1.12,622.5,100.0,0,normal
2026-08-31 19:12:10.745831,27.64,84.87,25.08,5.91,1.31,614.1,100.0,0,normal
2027-05-17 03:12:11.125289,24.0,76.77,25.49,6.5,0.7,347.74,40.0,0,normal
2026-11-29 09:12:10.877911,22.43,67.79,24.68,6.25,0.86,661.31,100.0,0,normal
2027-05-22 10:12:11.134251,25.89,78.5,24.17,5.85,0.52,582.91,40.0,0,normal
2026-06-10 09:12:10.631603,26.06,73.47,24.31,6.44,1.06,548.71,40.0,0,normal
2026-05-28 20:12:10.612273,22.69,69.53,23.93,5.91,0.98,838.73,100.0,0,normal
2027-06-11 19:12:11.165407,26.22,67.29,26.67,5.75,0.5,389.64,40.0,0,normal
2027-06-18 23:12:11.177683,24.05,76.04,25.55,6.25,0.58,549.37,40.0,0,normal
2027-05-07 03:12:11.111184,20.69,76.32,25.58,6.74,0.84,1049.59,100.0,0,normal
2026-06-15 22:12:11.204255,23.5,75.0,25.0,6.15,7.24,600.0,19.67,1,high_salinity
2027-06-20 20:12:11.180477,22.16,82.31,24.27,6.14,0.5,890.77,100.0,0,normal
2027-03-25 13:12:11.048329,19.71,72.93,24.76,5.69,0.66,547.33,40.0,0,normal
2027-02-22 13:12:11.001171,21.6,73.82,25.27,6.67,0.9,219.04,40.0,0,normal
2026-06-01 02:12:10.617689,23.72,72.04,24.86,6.73,0.89,729.11,100.0,0,normal
2026-08-13 18:12:10.720766,26.81,73.88,24.2,6.19,0.95,884.25,100.0,0,normal
2027-02-10 21:12:10.984151,23.82,76.88,25.93,5.62,0.82,611.14,100.0,0,normal
2026-09-27 13:12:10.784047,22.85,73.86,24.74,6.38,1.1,498.28,40.0,0,normal
2027-02-04 17:12:10.974675,24.99,69.17,25.92,6.38,0.6,1033.75,100.0,0,normal
2026-06-28 13:12:10.657450,23.36,74.0,24.88,6.5,0.6,566.91,40.0,0,normal
2027-01-07 23:12:10.936966,21.8,66.85,25.31,6.28,0.42,665.66,100.0,0,normal
2027-01-27 08:12:10.962942,25.95,71.11,25.04,6.08,0.0,559.3,40.0,0,normal
2027-04-05 07:12:11.065280,26.97,79.84,25.47,6.38,0.19,538.84,40.0,0,normal
2027-03-01 02:12:11.011104,25.82,76.68,25.02,6.24,1.5,552.36,40.0,0,normal
2027-05-23 15:12:11.135911,19.07,69.57,23.82,5.87,0.69,721.25,100.0,0,normal
2027-04-10 07:12:11.072429,25.65,77.61,26.74,6.42,0.05,716.16,100.0,0,normal
2026-12-09 14:12:10.893287,23.34,70.02,23.65,6.6,0.7,530.53,40.0,0,normal
2026-08-25 14:12:10.737617,21.7,65.0,25.25,6.06,0.29,628.59,100.0,0,normal
2027-02-18 21:12:10.995890,21.87,73.22,24.33,6.58,0.88,669.42,100.0,0,normal
2027-04-16 03:12:11.080988,24.59,70.75,24.65,6.64,0.91,739.12,100.0,0,normal
2027-04-19 07:12:11.085829,22.7,74.33,23.5,6.54,0.91,804.5,100.0,0,normal
2026-11-24 18:12:10.871179,23.08,79.95,23.63,6.25,0.62,528.53,40.0,0,normal
2026-12-28 23:12:10.922320,23.98,78.89,26.34,6.4,1.03,338.62,40.0,0,normal
2026-11-29 22:12:10.878659,22.8,77.16,27.0,6.68,1.04,765.71,100.0,0,normal
2026-10-23 21:12:10.822441,20.14,82.69,25.28,6.67,0.9,235.06,40.0,0,normal
2027-06-03 21:12:11.153310,22.03,85.0,25.07,6.49,1.44,883.15,100.0,0,normal
2027-02-01 21:12:10.970496,24.08,67.45,25.08,5.67,0.75,584.39,40.0,0,normal
2026-08-03 13:12:10.706664,25.08,80.87,24.92,6.57,0.94,718.19,100.0,0,normal
2027-02-20 23:12:10.998913,24.07,81.69,25.38,6.23,1.22,164.28,40.0,0,normal
2026-07-25 14:12:10.694594,21.0,77.23,26.03,6.12,0.5,567.18,40.0,0,normal
2026-09-25 06:12:10.780635,22.4,80.76,27.0,6.04,0.48,547.24,40.0,0,normal
2027-05-17 11:12:11.125882,18.3,75.75,27.0,5.83,0.55,796.35,100.0,0,normal
2027-02-08 11:12:10.980250,21.57,78.58,25.11,5.95,1.05,789.77,100.0,0,normal
2027-02-23 15:12:11.002756,24.21,78.72,24.89,6.21,0.11,698.8,100.0,0,normal
2027-02-22 03:12:11.000468,18.77,76.9,25.43,6.0,1.36,824.51,100.0,0,normal
2026-08-15 05:12:10.722715,22.64,76.48,24.89,6.42,0.92,764.65,100.0,0,normal
2026-06-23 00:12:10.649840,29.8,73.5,24.46,5.95,0.55,750.77,100.0,0,normal
2027-01-14 06:12:10.945337,22.95,81.37,26.13,5.85,0.84,857.51,100.0,0,normal
2027-04-14 23:12:11.079249,22.1,81.46,24.61,6.56,1.03,641.15,100.0,0,normal
2027-04-11 20:12:11.074657,21.98,75.36,25.42,5.94,0.67,529.87,40.0,0,normal
2026-07-23 21:12:10.692289,23.93,67.85,24.33,5.95,0.8,704.4,100.0,0,normal
2027-03-19 07:12:11.038979,21.81,85.0,24.95,5.5,0.48,429.76,40.0,0,normal
2027-04-14 10:12:11.078517,20.7,68.34,25.52,6.11,0.84,382.47,40.0,0,normal
2026-10-06 15:12:10.797303,21.17,81.68,25.17,6.24,0.33,378.22,40.0,0,normal
2026-11-26 06:12:10.873252,21.75,81.02,26.87,6.17,1.2,516.76,40.0,0,normal
2026-11-13 20:12:10.854106,23.15,77.07,25.19,6.07,0.44,306.02,40.0,0,normal
2027-06-04 04:12:11.153702,28.88,79.24,23.96,5.77,0.83,585.5,40.0,0,normal
2027-04-19 19:12:11.086494,27.13,72.34,25.67,5.66,0.18,549.1,40.0,0,normal
2026-10-06 05:12:10.796727,22.73,72.52,24.39,6.17,0.72,580.8,40.0,0,normal
2026-06-25 04:12:10.652891,27.55,65.0,25.03,5.79,0.97,358.0,40.0,0,normal
2026-07-19 12:12:10.685719,22.46,73.32,23.0,5.5,0.4,855.51,100.0,0,normal
2026-07-18 15:12:10.684537,20.25,72.35,25.2,5.81,0.39,649.46,100.0,0,normal
2026-08-19 13:12:10.728571,21.68,78.43,24.09,5.83,0.6,520.5,40.0,0,normal
2027-03-06 17:12:11.020055,27.82,67.54,25.38,6.55,0.68,383.6,40.0,0,normal
2027-01-13 08:12:10.944137,21.4,75.63,23.93,6.71,0.59,837.17,100.0,0,normal
2026-07-29 07:12:10.699669,20.54,73.4,23.91,6.51,0.53,499.53,40.0,0,normal
2027-01-22 12:12:10.956557,20.52,72.08,25.17,5.84,0.79,668.73,100.0,0,normal
2027-03-27 12:12:11.051286,19.9,83.89,25.48,6.54,0.95,697.98,100.0,0,normal
2026-06-16 09:12:10.640880,18.72,72.82,24.83,5.74,0.55,492.35,40.0,0,normal
2027-03-05 20:12:11.018197,23.13,76.08,23.0,6.31,0.54,554.22,40.0,0,normal
2026-06-07 16:12:10.627709,27.81,79.02,23.56,6.47,0.0,485.68,40.0,0,normal
2027-03-20 00:12:11.039932,21.08,71.8,24.95,6.06,0.8,304.62,40.0,0,normal
2027-02-12 23:12:10.987218,20.89,76.91,25.44,6.42,0.64,686.32,100.0,0,normal
2026-06-27 19:12:10.656447,22.45,78.17,25.2,5.53,0.72,297.3,40.0,0,normal
2026-10-17 14:12:10.813592,18.34,71.73,25.63,5.68,0.76,517.76,40.0,0,normal
2026-11-16 14:12:10.858349,29.0,76.03,24.94,6.8,0.04,890.48,100.0,0,normal
2026-07-10 04:12:10.673162,23.4,74.17,26.51,5.93,1.31,482.26,40.0,0,normal
2027-01-04 01:12:10.931266,21.88,75.52,25.08,5.92,0.91,647.62,100.0,0,normal
2026-11-14 21:12:10.855533,21.93,69.69,25.34,5.71,1.26,585.6,40.0,0,normal
2026-12-25 11:12:10.916090,23.72,73.9,26.54,5.92,0.01,433.82,40.0,0,normal
2026-11-03 17:12:10.837867,23.77,75.04,24.77,6.24,0.68,564.26,40.0,0,normal
2026-08-18 19:12:10.727551,22.71,78.19,25.91,6.25,0.67,903.38,100.0,0,normal
2026-12-19 15:12:10.908158,21.84,74.53,25.6,6.06,1.03,381.36,40.0,0,normal
2026-06-10 01:12:10.630952,26.05,79.33,23.0,6.69,0.06,716.19,100.0,0,normal
2027-01-09 15:12:10.939230,21.36,69.12,26.25,6.8,0.87,839.28,100.0,0,normal
2026-12-23 16:12:10.913661,24.91,70.25,25.13,6.09,0.82,777.87,100.0,0,normal
2026-08-11 07:12:10.717114,27.26,77.49,24.89,5.71,1.04,748.63,100.0,0,normal
2026-12-31 21:12:10.926651,26.22,70.48,25.09,6.19,0.83,797.13,100.0,0,normal
2026-06-19 18:12:10.645469,22.63,76.67,25.15,6.05,0.53,776.73,100.0,0,normal
2027-05-25 18:12:11.139231,22.56,75.74,24.39,6.22,0.84,163.03,40.0,0,normal
2027-02-17 22:12:10.994431,22.32,77.69,24.78,5.87,0.64,472.18,40.0,0,normal
2026-06-11 08:12:11.204853,23.5,75.0,25.0,6.15,5.76,600.0,40.39,1,high_salinity
2027-02-16 09:12:10.992067,21.39,77.35,23.7,5.5,1.27,267.94,40.0,0,normal
2027-03-06 10:12:11.019522,26.44,77.0,24.28,6.27,1.31,541.47,40.0,0,normal
2026-08-11 10:12:10.717275,24.77,83.03,25.14,6.56,0.49,448.26,40.0,0,normal
2027-04-05 03:12:11.065062,26.67,71.84,24.17,5.78,0.63,626.26,100.0,0,normal
2027-01-11 21:12:10.942210,23.36,67.05,25.75,6.1,0.77,435.42,40.0,0,normal
2027-03-16 03:12:11.034343,19.81,70.87,26.63,6.38,0.37,367.49,40.0,0,normal
2027-05-07 22:12:11.112366,22.67,77.47,24.87,6.36,0.58,668.47,100.0,0,normal
2027-02-21 11:12:10.999567,21.84,79.15,24.69,6.07,0.69,809.85,100.0,0,normal
2026-09-11 23:12:10.761217,24.44,80.39,26.57,6.14,0.38,798.08,100.0,0,normal
2027-05-13 21:12:11.120682,24.44,73.08,24.18,5.78,1.12,877.44,100.0,0,normal
2026-10-02 10:12:10.790963,28.02,70.69,23.73,6.7,0.11,334.04,40.0,0,normal
2026-11-19 06:12:10.863116,25.34,71.25,23.71,6.15,0.96,279.83,40.0,0,normal
2026-11-10 11:12:10.848271,24.58,78.77,24.83,6.29,0.79,554.71,40.0,0,normal
2026-08-08 13:12:10.713459,23.72,65.43,26.06,6.13,0.65,845.0,100.0,0,normal
2027-05-16 21:12:11.124956,26.97,67.83,23.55,6.02,0.6,387.37,40.0,0,normal
2026-11-24 22:12:10.871424,23.9,72.94,24.39,6.32,0.8,913.56,100.0,0,normal
2026-09-02 23:12:10.748705,24.73,68.09,24.23,6.47,0.23,833.96,100.0,0,normal
2027-01-24 20:12:10.959651,19.51,77.58,25.57,6.47,0.31,520.58,40.0,0,normal
2026-09-25 13:12:10.781281,22.56,73.43,26.1,6.05,0.76,538.39,40.0,0,normal
2027-01-17 18:12:10.950268,20.7,81.45,24.59,6.17,1.18,449.65,40.0,0,normal
2026-10-19 04:12:10.815923,28.47,71.95,26.13,6.01,0.63,545.86,40.0,0,normal
2026-06-26 06:12:10.654363,26.56,77.59,24.51,6.15,0.26,314.79,40.0,0,normal
2026-06-13 15:12:10.636540,29.23,70.54,23.17,5.83,0.89,599.36,40.0,0,normal
2026-10-24 05:12:10.822873,23.13,72.55,24.89,6.8,0.95,607.03,100.0,0,normal
2026-11-12 12:12:10.851902,20.1,80.04,25.15,6.13,0.88,673.43,100.0,0,normal
2026-10-22 08:12:10.820341,25.34,69.74,23.02,5.97,0.67,532.89,40.0,0,normal
2027-05-27 17:12:11.142619,20.92,79.4,23.79,6.79,0.97,674.38,100.0,0,normal
2027-04-19 00:12:11.085149,21.41,77.81,26.01,5.76,0.72,573.68,40.0,0,normal
2027-05-10 11:12:11.116059,19.27,65.17,25.1,6.06,1.11,567.56,40.0,0,normal
2027-01-30 04:12:10.966767,25.39,75.59,24.38,6.3,0.57,514.81,40.0,0,normal
2027-03-23 21:12:11.046117,23.84,75.03,26.38,6.21,0.83,362.03,40.0,0,normal
2027-04-29 15:12:11.100130,23.06,85.0,26.1,6.04,0.58,338.35,40.0,0,normal
2027-03-19 23:12:11.039879,27.22,82.95,25.91,6.39,0.37,570.29,40.0,0,normal
2027-06-01 05:12:11.149577,21.72,77.94,24.39,6.05,0.12,831.66,100.0,0,normal
2027-05-02 08:12:11.104091,24.91,72.66,25.17,5.71,0.0,249.72,40.0,0,normal
2027-03-15 10:12:11.033401,22.97,75.23,25.8,6.39,0.49,620.89,100.0,0,normal
2026-09-22 13:12:10.776634,19.63,71.64,24.96,5.92,0.53,579.08,40.0,0,normal
2027-04-02 00:12:11.059839,24.91,72.13,24.27,6.21,0.82,554.86,40.0,0,normal
2026-09-04 10:12:10.750630,22.82,70.04,25.12,6.12,0.99,729.36,100.0,0,normal
2027-03-21 13:12:11.042068,29.97,76.26,25.75,6.29,1.14,591.9,40.0,0,normal
2027-01-17 13:12:10.949997,27.27,75.85,25.74,5.9,0.81,808.27,100.0,0,normal
2026-07-04 17:12:10.665631,25.18,68.57,23.39,6.21,1.14,460.25,40.0,0,normal
2027-03-11 14:12:11.027788,22.01,74.18,23.73,6.09,0.98,497.79,40.0,0,normal
2026-08-11 17:12:10.717660,22.65,69.68,24.41,5.92,0.82,742.74,100.0,0,normal
2026-09-04 11:12:10.750688,22.65,76.44,24.16,6.39,1.1,593.92,40.0,0,normal
2027-05-13 08:12:11.119982,28.59,74.36,23.3,6.26,1.05,811.83,100.0,0,normal
2027-04-03 20:12:11.063161,18.71,75.94,26.06,6.48,0.35,327.44,40.0,0,normal
2027-02-17 21:12:10.994377,19.62,73.14,23.66,6.21,0.93,247.3,40.0,0,normal
2026-05-31 22:12:10.617443,24.37,65.0,24.1,6.3,0.39,594.09,40.0,0,normal
2026-12-12 22:12:10.898164,20.76,73.15,24.66,6.23,0.17,795.59,100.0,0,normal
2027-02-16 00:12:10.991567,23.29,68.79,24.63,6.25,1.13,667.0,100.0,0,normal
2026-07-08 06:12:10.670475,25.27,69.72,23.48,6.52,0.72,438.36,40.0,0,normal
2027-03-08 17:12:11.023336,22.16,65.0,25.86,5.77,1.06,526.46,40.0,0,normal
2027-01-22 22:12:10.957095,26.11,75.32,24.64,5.83,0.96,661.39,100.0,0,normal
2027-06-03 07:12:11.152504,20.54,73.88,25.13,5.91,0.65,383.76,40.0,0,normal
2026-11-15 12:12:10.856601,24.22,65.0,25.33,6.05,0.78,812.43,100.0,0,normal
2026-06-10 03:12:11.202531,23.5,75.0,12.52,6.15,3.48,600.0,0.0,1,drought
2027-03-08 06:12:11.022496,21.53,73.98,24.58,6.47,0.22,819.16,100.0,0,normal
2026-05-26 19:12:11.206493,33.58,75.0,11.58,6.15,3.7,600.0,0.0,1,combined_stress
2026-06-24 01:12:10.651288,29.92,71.54,24.1,6.01,1.06,480.51,40.0,0,normal
2026-08-12 18:12:10.719314,22.03,73.1,26.25,6.3,0.93,280.4,40.0,0,normal
2027-01-12 17:12:10.943315,27.27,85.0,25.12,6.21,0.49,463.55,40.0,0,normal
2027-05-21 01:12:11.132119,24.97,73.57,25.09,5.97,0.17,602.0,100.0,0,normal
2027-04-17 16:12:11.083203,21.78,74.01,25.76,6.69,0.82,752.65,100.0,0,normal
2027-01-31 02:12:10.967990,17.81,77.04,24.55,6.69,0.91,562.63,40.0,0,normal
2027-01-23 04:12:10.957443,21.31,77.14,25.05,5.89,1.25,601.82,100.0,0,normal
2027-03-25 06:12:11.047944,23.96,65.81,24.88,6.08,0.26,510.84,40.0,0,normal
2027-05-04 20:12:11.107815,24.0,77.67,24.65,6.55,0.92,758.48,100.0,0,normal
2026-09-23 03:12:10.777417,19.27,77.37,24.92,6.31,0.53,456.62,40.0,0,normal
2027-05-26 03:12:11.139720,21.66,76.54,25.04,6.21,0.83,563.45,40.0,0,normal
2027-06-13 11:12:11.167785,18.9,65.15,24.16,6.33,1.03,535.08,40.0,0,normal
2027-02-26 02:12:11.006429,27.86,81.72,25.93,6.33,0.76,567.15,40.0,0,normal
2027-04-13 19:12:11.077684,22.96,73.0,24.15,6.25,1.21,575.75,40.0,0,normal
2027-01-07 05:12:10.935728,20.76,85.0,25.22,5.89,0.75,954.59,100.0,0,normal
2027-05-20 07:12:11.131086,22.05,65.26,25.11,5.88,0.68,302.37,40.0,0,normal
2027-04-29 09:12:11.099794,26.07,68.12,25.08,6.39,0.06,653.32,100.0,0,normal
2027-05-22 04:12:11.133669,22.77,84.12,24.16,6.23,0.66,480.41,40.0,0,normal
2027-05-15 09:12:11.122840,21.1,66.4,25.02,6.15,0.99,311.08,40.0,0,normal
2027-03-16 23:12:11.035636,27.28,75.72,25.07,6.0,0.67,289.75,40.0,0,normal
2026-11-01 08:12:10.834425,22.64,82.77,25.2,5.88,1.12,424.96,40.0,0,normal
2026-09-29 19:12:10.787237,24.44,69.67,25.23,6.42,0.61,404.25,40.0,0,normal
2027-06-18 06:12:11.176610,24.28,73.11,23.74,6.52,0.18,400.78,40.0,0,normal
2026-06-05 18:12:11.205977,23.5,75.0,25.0,7.44,0.75,600.0,60.0,1,ph_alkaline
2027-01-18 06:12:10.950930,19.88,76.31,24.74,6.34,0.46,524.83,40.0,0,normal
2026-11-07 18:12:10.843972,21.47,68.6,25.35,6.3,1.03,518.27,40.0,0,normal
2026-10-06 00:12:10.796266,26.54,82.08,26.05,5.9,1.01,679.61,100.0,0,normal
2026-10-03 14:12:10.792613,26.38,72.95,26.57,6.37,0.35,1030.56,100.0,0,normal
2026-08-06 03:12:10.710113,21.14,81.43,23.86,6.15,0.37,321.75,40.0,0,normal
2027-01-08 05:12:10.937288,24.16,74.8,25.64,6.4,0.39,526.27,40.0,0,normal
2026-06-15 18:12:10.640018,24.92,79.42,23.0,5.64,0.98,805.48,100.0,0,normal
2026-09-12 14:12:10.762048,19.97,76.08,24.68,6.0,0.72,318.27,40.0,0,normal
2026-11-10 10:12:10.848215,23.62,65.0,26.19,6.11,0.64,533.83,40.0,0,normal
2026-06-14 09:12:10.637724,25.63,71.07,25.73,6.01,0.46,736.88,100.0,0,normal
2027-03-26 15:12:11.049875,17.26,66.19,26.02,6.5,0.94,854.36,100.0,0,normal
2027-05-23 20:12:11.136195,25.53,72.04,27.0,6.34,0.73,844.11,100.0,0,normal
2027-05-06 08:12:11.110108,24.87,71.21,25.54,5.91,0.0,751.77,100.0,0,normal
2026-06-01 04:12:10.617800,21.05,68.36,23.84,6.15,0.44,538.66,40.0,0,normal
2027-03-20 21:12:11.041179,23.66,74.65,24.32,6.71,0.65,477.66,40.0,0,normal
2027-01-03 12:12:10.930506,23.89,74.81,25.79,5.62,0.87,183.49,40.0,0,normal
2026-11-22 22:12:10.868599,23.12,73.92,24.84,6.22,0.79,634.05,100.0,0,normal
2027-05-03 13:12:11.105951,27.07,68.9,26.26,6.21,1.09,543.68,40.0,0,normal
2027-04-24 19:12:11.093496,23.98,83.84,24.08,6.15,1.16,554.61,40.0,0,normal
2026-06-07 22:12:10.628050,18.8,72.34,25.29,5.88,0.59,545.06,40.0,0,normal
2026-07-21 03:12:10.688198,19.62,81.68,24.06,6.17,0.42,550.99,40.0,0,normal
2026-06-01 22:12:10.618823,28.96,76.57,25.55,6.11,1.26,1138.78,100.0,0,normal
2026-11-21 15:12:10.866630,27.82,81.5,27.0,5.89,0.7,626.02,100.0,0,normal
2027-04-05 02:12:11.065008,23.05,79.36,25.05,5.92,0.69,710.05,100.0,0,normal
2026-06-20 00:12:11.201143,36.71,42.89,25.0,6.15,0.75,600.0,0.0,1,high_temp
2026-07-31 10:12:10.702490,26.89,78.61,25.11,5.75,0.79,421.07,40.0,0,normal
2026-05-30 00:12:11.205305,23.5,75.0,25.0,4.74,0.75,600.0,60.0,1,ph_acidic
2026-08-01 22:12:10.704484,25.99,72.1,25.24,6.44,0.53,364.09,40.0,0,normal
2027-05-31 16:12:11.148812,26.51,78.25,25.14,5.99,0.93,863.5,100.0,0,normal
2026-12-13 11:12:10.898931,22.07,82.1,24.19,5.68,0.3,446.94,40.0,0,normal
2027-01-25 11:12:10.960476,19.87,85.0,25.07,6.6,0.82,503.52,40.0,0,normal
2026-09-03 01:12:10.748813,26.25,75.64,23.59,6.13,0.71,565.38,40.0,0,normal
2027-06-01 12:12:11.149985,19.33,78.1,25.26,6.37,0.61,1025.98,100.0,0,normal
2027-03-05 17:12:11.017943,23.75,66.79,24.84,5.53,0.66,398.71,40.0,0,normal
2027-01-31 11:12:10.968490,29.17,74.89,25.28,6.34,1.04,942.46,100.0,0,normal
2027-04-28 14:12:11.098736,24.28,73.62,26.61,6.11,0.69,569.47,40.0,0,normal
2026-06-05 05:12:10.623467,21.59,73.98,23.95,6.24,1.03,389.69,40.0,0,normal
2026-08-30 09:12:10.743963,24.98,79.43,24.33,5.7,0.67,993.33,100.0,0,normal
2026-07-27 18:12:10.697607,24.77,76.67,23.55,6.08,0.72,902.42,100.0,0,normal
2026-07-01 18:12:11.205285,23.5,75.0,25.0,4.75,0.75,600.0,60.0,1,ph_acidic
2027-05-29 00:12:11.144563,21.7,78.04,24.27,5.76,0.82,890.07,100.0,0,normal
2027-01-17 23:12:10.950555,27.02,77.19,25.31,5.79,0.72,234.09,40.0,0,normal
2026-11-28 17:12:10.876994,25.29,70.18,25.28,5.5,0.75,701.01,100.0,0,normal
2027-04-19 04:12:11.085367,26.65,77.15,26.04,6.29,0.72,429.32,40.0,0,normal
2026-10-24 06:12:10.822926,19.65,77.17,26.52,6.43,0.7,863.0,100.0,0,normal
2026-09-05 13:12:10.752104,25.22,75.16,24.89,6.59,0.37,664.04,100.0,0,normal
2026-09-15 02:12:10.765936,24.17,72.39,25.21,6.14,0.54,860.4,100.0,0,normal
2026-07-24 12:12:10.693124,21.41,65.0,25.46,5.91,1.3,552.47,40.0,0,normal
2027-04-08 14:12:11.070161,26.9,76.14,24.66,6.63,0.09,471.91,40.0,0,normal
2026-09-03 12:12:10.749425,23.02,65.0,24.36,6.41,0.25,483.48,40.0,0,normal
2026-09-17 00:12:10.768544,25.76,76.7,24.5,6.02,0.84,399.8,40.0,0,normal
2026-07-03 05:12:10.663640,26.13,68.26,25.61,6.09,0.87,770.22,100.0,0,normal
2026-12-28 01:12:10.921028,26.34,74.13,27.0,6.35,0.51,719.06,100.0,0,normal
2026-12-12 00:12:10.896868,18.98,81.75,26.62,6.2,1.18,812.5,100.0,0,normal
2026-08-03 15:12:10.706772,23.61,66.48,25.9,6.03,0.4,717.49,100.0,0,normal
2026-11-27 16:12:10.875349,29.77,75.59,26.36,6.23,0.46,612.62,100.0,0,normal
2027-03-14 18:12:11.032393,26.82,73.53,24.22,6.25,0.62,772.37,100.0,0,normal
2027-02-18 22:12:10.995944,27.89,75.49,25.96,6.24,0.86,729.43,100.0,0,normal
2026-11-06 06:12:10.841394,23.77,80.3,25.26,6.25,0.99,910.63,100.0,0,normal
2027-05-01 12:12:11.102890,21.85,72.29,24.72,6.23,0.56,750.81,100.0,0,normal
2026-05-28 05:12:10.611445,27.15,76.94,25.24,6.03,0.69,463.5,40.0,0,normal
2026-06-02 22:12:10.620322,21.5,71.64,24.74,6.18,0.48,678.65,100.0,0,normal
2027-04-12 01:12:11.074947,28.05,74.99,24.0,5.99,0.53,885.07,100.0,0,normal
2026-06-19 13:12:11.202579,23.5,75.0,12.51,6.15,2.34,600.0,0.0,1,drought
2026-06-06 04:12:10.625156,26.24,79.65,27.0,6.32,0.1,470.25,40.0,0,normal
2026-12-31 16:12:10.926356,18.61,70.58,25.21,6.02,0.44,478.78,40.0,0,normal
2026-06-11 08:12:11.206095,23.5,75.0,25.0,6.15,0.75,6.53,0.0,1,low_light
2027-05-26 11:12:11.140668,20.81,70.61,25.68,6.33,0.79,711.12,100.0,0,normal
2027-06-19 19:12:11.179052,30.0,78.13,25.36,6.2,0.27,769.0,100.0,0,normal
2026-12-04 22:12:10.886425,21.09,79.28,26.37,5.82,1.02,730.28,100.0,0,normal
2027-03-21 00:12:11.041343,23.92,78.94,23.89,6.11,0.76,853.45,100.0,0,normal
2027-02-28 03:12:11.009619,22.83,75.05,24.51,6.66,1.0,260.62,40.0,0,normal
2026-11-23 04:12:10.868936,25.96,71.52,24.71,6.44,0.77,668.56,100.0,0,normal
2027-03-28 07:12:11.052345,17.0,78.63,25.18,6.52,0.93,611.0,100.0,0,normal
2026-05-31 21:12:10.617385,18.1,84.85,24.91,6.38,0.81,508.39,40.0,0,normal
2027-04-08 06:12:11.069701,22.71,69.35,25.02,5.85,0.82,274.74,40.0,0,normal
2026-06-15 03:12:11.201828,14.6,75.0,25.0,6.15,0.75,600.0,60.0,1,low_temp
2026-09-05 19:12:10.752460,25.72,71.04,24.81,6.1,0.99,276.39,40.0,0,normal
2027-03-14 20:12:11.032509,24.35,77.36,26.58,6.14,0.76,887.4,100.0,0,normal
2027-05-05 03:12:11.108198,23.53,79.33,24.57,6.53,1.17,567.62,40.0,0,normal
2026-05-22 20:12:11.201998,8.53,75.0,25.0,6.15,0.75,600.0,60.0,1,low_temp
2027-01-07 00:12:10.935448,18.04,75.95,23.3,6.35,0.91,598.64,40.0,0,normal
2026-06-28 22:12:11.202108,8.02,75.0,25.0,6.15,0.75,600.0,60.0,1,low_temp
2026-09-27 12:12:10.783992,18.26,73.33,24.27,5.91,0.79,270.46,40.0,0,normal
2026-09-22 08:12:10.776054,22.59,79.21,23.4,5.8,1.26,838.93,100.0,0,normal
2026-08-17 15:12:10.726004,22.69,81.74,25.59,5.79,1.07,931.29,100.0,0,normal
2026-06-17 09:12:10.642237,25.45,79.25,24.62,6.18,1.23,883.44,100.0,0,normal
2027-03-01 22:12:11.012233,22.59,71.77,24.33,6.2,0.4,1096.15,100.0,0,normal
2026-09-02 22:12:10.748650,23.03,72.55,26.02,6.12,0.53,334.63,40.0,0,normal
2026-09-10 02:12:10.758096,22.91,79.51,24.43,5.57,0.46,259.12,40.0,0,normal
2027-05-10 20:12:11.116579,28.74,65.85,23.27,6.12,0.99,833.28,100.0,0,normal
2027-05-07 23:12:11.112420,21.01,77.14,26.0,6.5,1.25,774.15,100.0,0,normal
2027-05-09 22:12:11.115110,27.64,77.59,25.24,6.14,0.61,741.4,100.0,0,normal
2026-11-13 12:12:10.853620,24.84,65.0,24.65,6.56,1.16,625.6,100.0,0,normal
2026-10-30 11:12:10.831740,26.66,80.2,24.26,6.66,0.38,514.71,40.0,0,normal
2026-09-16 10:12:10.767769,27.32,71.14,23.0,6.42,1.38,661.21,100.0,0,normal
2027-05-01 10:12:11.102620,20.06,77.36,25.64,6.14,0.74,704.92,100.0,0,normal
2026-06-13 02:12:11.204777,23.5,75.0,25.0,6.15,1.75,600.0,96.52,1,high_salinity
2027-03-27 11:12:11.051231,21.02,70.8,26.57,6.09,0.46,611.28,100.0,0,normal
2027-05-15 08:12:11.122786,25.07,75.51,23.87,6.17,0.0,598.31,40.0,0,normal
2027-06-12 00:12:11.165696,19.59,67.6,24.83,5.61,0.65,416.03,40.0,0,normal
2026-08-02 08:12:10.705056,26.44,70.78,25.4,5.95,0.83,795.79,100.0,0,normal
2027-03-26 06:12:11.049369,22.0,70.12,24.67,5.98,0.63,404.37,40.0,0,normal
2026-11-15 08:12:10.856332,27.43,75.75,24.3,6.08,1.15,421.18,40.0,0,normal
2027-05-02 06:12:11.103984,25.59,69.09,26.07,5.88,0.41,445.29,40.0,0,normal
2026-09-02 04:12:10.747656,26.83,73.11,25.62,6.02,0.53,424.38,40.0,0,normal
2026-06-04 20:12:11.206563,33.89,75.0,11.82,6.15,3.05,600.0,0.0,1,combined_stress
2026-10-23 18:12:10.822280,19.9,68.82,26.22,6.17,0.76,391.22,40.0,0,normal
2027-05-31 00:12:11.147860,24.64,71.74,24.73,6.16,0.71,500.72,40.0,0,normal
2026-08-05 05:12:10.708902,24.81,74.0,24.19,6.02,1.05,430.94,40.0,0,normal
2026-06-20 12:12:10.646459,22.49,70.01,25.05,6.3,0.72,637.19,100.0,0,normal
2027-06-08 21:12:11.161179,29.76,78.45,24.55,5.5,0.9,611.43,100.0,0,normal
2026-12-24 06:12:10.914435,25.7,67.75,25.23,5.94,0.45,747.62,100.0,0,normal
2027-01-05 01:12:10.932606,26.21,66.45,24.75,6.49,0.78,819.55,100.0,0,normal
2026-05-25 01:12:10.605052,25.79,69.84,25.28,5.6,0.59,699.3,100.0,0,normal
2027-04-13 20:12:11.077738,19.24,70.17,23.8,6.2,1.04,438.88,40.0,0,normal
2026-12-20 14:12:10.909469,24.34,72.55,24.12,5.9,0.72,771.22,100.0,0,normal
2027-02-27 21:12:11.009269,25.77,78.41,23.64,6.2,1.12,550.45,40.0,0,normal
2026-07-07 22:12:10.670044,22.65,76.45,24.16,6.34,0.52,832.69,100.0,0,normal
2026-07-12 18:12:10.676575,21.45,82.14,24.89,6.28,0.79,482.81,40.0,0,normal
2027-04-30 19:12:11.101780,25.22,78.45,24.91,6.09,0.94,50.67,40.0,0,normal
2026-08-27 22:12:10.740734,22.65,74.61,27.0,5.5,1.06,285.57,40.0,0,normal
2027-02-21 03:12:10.999133,18.53,78.34,24.6,6.34,0.75,637.52,100.0,0,normal
2027-02-28 13:12:11.010152,24.63,70.94,24.41,5.99,0.73,526.75,40.0,0,normal
2026-11-19 15:12:10.863648,25.14,80.6,26.56,6.24,0.49,771.67,100.0,0,normal
2026-07-17 00:12:10.682231,17.45,80.62,24.72,6.59,1.29,438.05,40.0,0,normal
2026-06-15 21:12:11.206725,34.38,75.0,12.8,6.15,2.17,600.0,0.0,1,combined_stress
2027-05-18 13:12:11.128075,24.34,78.74,25.99,6.34,0.57,350.43,40.0,0,normal
2026-06-16 08:12:11.201725,13.18,75.0,25.0,6.15,0.75,600.0,60.0,1,low_temp
2027-02-23 05:12:11.002054,23.09,85.0,25.12,5.91,0.59,521.23,40.0,0,normal
2026-07-06 21:12:10.668527,25.21,79.21,24.23,6.79,0.51,802.88,100.0,0,normal
2027-03-23 08:12:11.045382,25.36,73.48,24.47,5.97,0.98,595.94,40.0,0,normal
2027-04-04 15:12:11.064234,25.37,78.4,24.13,6.44,0.95,1129.89,100.0,0,normal
2026-07-02 04:12:10.662240,30.0,80.21,24.76,6.21,0.17,300.85,40.0,0,normal
2026-09-17 21:12:10.769699,27.12,85.0,24.25,6.25,0.92,328.65,40.0,0,normal
2026-06-17 07:12:10.642131,18.43,85.0,24.87,6.17,0.92,558.4,40.0,0,normal
2026-07-13 02:12:10.677013,22.2,76.56,24.67,5.88,0.9,591.27,40.0,0,normal
2026-10-01 12:12:10.789637,24.64,73.89,24.56,6.59,0.58,774.92,100.0,0,normal
2026-06-11 03:12:10.632722,22.33,78.47,24.62,5.57,0.99,287.42,40.0,0,normal
2026-09-25 17:12:10.781515,24.79,74.29,25.17,6.61,1.12,752.67,100.0,0,normal
2026-12-16 19:12:10.903928,25.83,74.81,25.86,5.78,0.11,747.84,100.0,0,normal
2027-05-20 13:12:11.131456,17.62,79.98,24.87,5.5,0.94,895.06,100.0,0,normal
2027-03-09 17:12:11.024662,24.05,70.68,25.11,6.3,0.13,584.07,40.0,0,normal
2026-10-05 10:12:10.795479,22.97,75.57,24.76,6.25,0.53,496.96,40.0,0,normal
2027-03-19 04:12:11.038690,22.98,83.99,23.41,6.25,1.28,539.51,40.0,0,normal
2026-10-22 12:12:10.820558,23.6,75.49,24.78,5.62,0.68,830.83,100.0,0,normal
2027-02-24 03:12:11.003642,25.73,75.87,25.42,6.04,0.77,725.11,100.0,0,normal
2027-03-01 16:12:11.011879,25.38,76.92,25.22,6.8,0.63,959.71,100.0,0,normal
2026-05-25 09:12:11.203824,23.5,75.0,28.1,6.15,0.75,600.0,50.0,1,overwater
2026-07-15 21:12:10.680722,18.55,70.92,24.71,6.31,0.95,701.23,100.0,0,normal
2026-10-03 10:12:10.792299,23.43,76.92,25.08,6.31,0.64,265.49,40.0,0,normal
2026-07-05 17:12:10.666950,23.57,65.25,25.32,6.42,1.05,578.73,40.0,0,normal
2026-12-08 16:12:10.891972,23.51,85.0,26.56,5.93,1.32,594.65,40.0,0,normal
2027-05-09 09:12:11.114407,21.38,76.89,24.53,6.09,0.9,1015.34,100.0,0,normal
2027-01-16 17:12:10.948897,19.12,77.42,25.35,6.0,1.17,649.83,100.0,0,normal
2027-06-06 23:12:11.157668,23.05,77.22,26.36,5.91,0.68,549.98,40.0,0,normal
2026-11-30 09:12:10.879352,20.3,71.24,24.58,5.65,0.52,698.61,100.0,0,normal
2026-09-28 02:12:10.784902,24.96,68.21,24.84,6.54,0.98,734.28,100.0,0,normal
2027-03-04 06:12:11.015948,21.06,80.61,25.16,6.0,0.48,654.97,100.0,0,normal
2026-07-15 05:12:10.679833,23.8,74.69,24.23,6.06,0.97,994.98,100.0,0,normal
2027-03-21 14:12:11.042121,23.85,76.04,26.87,5.9,0.69,595.8,40.0,0,normal
2027-02-07 21:12:10.979477,20.04,76.29,26.19,6.45,0.88,692.03,100.0,0,normal
2027-01-06 00:12:10.934061,20.78,82.81,25.57,5.84,0.97,357.43,40.0,0,normal
2026-12-28 12:12:10.921646,23.93,71.57,23.57,6.04,0.77,767.44,100.0,0,normal
2026-08-04 23:12:10.708554,20.51,71.02,24.22,6.17,0.86,150.86,40.0,0,normal
2026-12-24 20:12:10.915210,20.01,70.21,25.36,6.03,1.03,758.75,100.0,0,normal
2027-04-29 20:12:11.100398,22.09,67.12,25.82,5.91,1.33,1013.73,100.0,0,normal
2026-12-18 08:12:10.906297,28.35,75.26,25.63,5.87,0.82,400.11,40.0,0,normal
2027-02-14 10:12:10.989320,23.96,76.89,25.54,5.95,0.45,839.48,100.0,0,normal
2027-04-24 18:12:11.093442,26.22,68.58,25.72,5.83,0.83,642.77,100.0,0,normal
2026-08-28 08:12:10.741294,19.71,79.23,23.0,6.37,0.69,671.01,100.0,0,normal
2027-06-16 18:12:11.173581,21.94,80.75,25.51,5.88,1.03,316.75,40.0,0,normal
2026-10-21 07:12:10.818853,17.0,74.76,25.75,6.28,0.79,556.15,40.0,0,normal
2027-03-11 21:12:11.028165,25.72,72.03,26.14,6.71,0.69,495.47,40.0,0,normal
2026-07-14 15:12:10.679073,21.42,76.09,25.0,5.78,1.02,517.55,40.0,0,normal
2027-06-06 04:12:11.156419,25.0,67.81,26.21,6.12,0.88,804.61,100.0,0,normal
2026-11-23 06:12:10.869064,27.3,65.0,23.0,5.64,0.65,495.17,40.0,0,normal
2026-08-19 02:12:10.727931,22.91,69.13,26.18,6.34,1.06,520.21,40.0,0,normal
2027-02-28 20:12:11.010731,21.13,69.64,24.6,6.24,0.79,492.35,40.0,0,normal
2026-05-30 21:12:11.203970,23.5,75.0,28.31,6.15,0.75,600.0,50.0,1,overwater
2027-05-11 12:12:11.117473,24.44,69.94,24.28,5.77,0.63,1060.43,100.0,0,normal
2027-05-30 13:12:11.147130,19.21,65.0,24.53,5.76,0.73,751.41,100.0,0,normal
2027-03-05 07:12:11.017323,17.37,75.49,24.77,6.07,1.04,214.98,40.0,0,normal
2027-05-13 23:12:11.120792,24.2,73.55,25.17,6.41,0.93,725.93,100.0,0,normal
2027-03-16 00:12:11.034183,17.0,79.99,23.86,6.25,0.56,338.0,40.0,0,normal
2026-07-01 04:12:10.660924,21.49,81.06,26.0,6.78,1.35,339.14,40.0,0,normal
2027-01-27 13:12:10.963220,25.44,77.75,25.54,6.38,1.02,810.43,100.0,0,normal
2026-12-11 11:12:10.896096,20.88,73.99,23.0,5.81,0.88,669.76,100.0,0,normal
2026-05-27 21:12:10.611007,30.0,77.57,24.54,6.14,0.18,575.46,40.0,0,normal
2027-06-02 06:12:11.151009,21.08,71.09,24.42,6.26,1.09,1086.84,100.0,0,normal
2027-03-07 01:12:11.020771,27.31,71.6,25.51,5.81,0.95,690.54,100.0,0,normal
2027-02-18 15:12:10.995503,21.62,72.58,23.0,5.91,1.01,838.8,100.0,0,normal
2026-12-26 12:12:10.917499,27.31,80.18,25.33,6.37,0.53,603.05,100.0,0,normal
2026-11-22 16:12:10.868229,25.1,72.18,25.97,5.9,0.06,660.88,100.0,0,normal
2026-06-07 23:12:10.628107,25.03,72.45,26.71,5.9,0.94,780.64,100.0,0,normal
2027-04-29 05:12:11.099560,27.72,73.25,23.97,6.45,0.89,810.34,100.0,0,normal
2027-05-05 22:12:11.109262,19.45,79.06,26.64,5.98,0.79,437.97,40.0,0,normal
2027-05-16 09:12:11.124262,24.77,81.07,24.92,5.86,0.6,559.75,40.0,0,normal
2027-04-30 03:12:11.100788,22.33,79.03,25.18,6.77,0.87,585.77,40.0,0,normal
2026-11-21 08:12:10.866183,25.68,80.27,24.8,6.0,0.73,810.12,100.0,0,normal
2026-12-26 21:12:10.918246,22.78,75.5,24.88,6.24,0.96,1012.08,100.0,0,normal
2026-05-22 12:12:10.601309,30.0,81.22,24.44,6.41,0.77,628.2,100.0,0,normal
2026-12-06 09:12:10.888379,26.52,79.42,23.76,6.04,0.56,741.82,100.0,0,normal
2026-07-10 02:12:10.673037,21.26,71.84,25.93,6.25,0.7,196.97,40.0,0,normal
2026-09-18 08:12:10.770307,17.65,70.21,26.0,5.79,0.39,469.69,40.0,0,normal
2027-02-15 16:12:10.991101,22.59,70.88,23.36,6.05,1.13,556.31,40.0,0,normal
2027-02-05 13:12:10.975773,21.27,70.98,26.34,5.92,0.96,551.3,40.0,0,normal
2026-09-23 14:12:10.778024,25.55,67.23,25.61,6.14,0.63,729.24,100.0,0,normal
2027-03-14 14:12:11.032178,26.15,85.0,23.7,6.43,1.12,609.75,100.0,0,normal
2027-03-10 03:12:11.025426,26.83,70.47,24.15,6.17,0.3,596.89,40.0,0,normal
2027-06-02 22:12:11.151925,25.75,74.16,25.98,6.4,0.07,641.18,100.0,0,normal
2026-07-21 01:12:10.688088,18.43,76.67,23.36,6.32,0.26,531.5,40.0,0,normal
2026-05-31 08:12:11.203917,23.5,75.0,34.91,6.15,0.75,600.0,0.0,1,overwater
2026-09-18 20:12:10.771095,22.47,82.56,25.88,6.66,1.23,978.18,100.0,0,normal
2027-06-05 00:12:11.154878,22.59,74.05,23.5,6.08,0.65,437.89,40.0,0,normal
2027-05-23 02:12:11.135166,21.97,79.15,25.39,6.16,0.3,525.91,40.0,0,normal
2027-03-19 09:12:11.039090,17.0,73.93,25.13,6.39,0.92,190.91,40.0,0,normal
2026-10-24 07:12:10.822980,23.56,72.63,24.96,6.2,1.34,806.0,100.0,0,normal
2026-09-14 13:12:10.765219,23.27,72.93,26.16,5.73,0.47,533.86,40.0,0,normal
2026-06-09 23:12:10.630843,23.64,78.81,26.59,5.97,0.72,568.11,40.0,0,normal
2027-04-28 06:12:11.098289,17.0,72.73,25.26,6.1,0.87,649.75,100.0,0,normal
2026-07-18 00:12:10.683649,23.25,71.52,26.3,6.0,0.78,796.41,100.0,0,normal
2026-10-23 17:12:10.822226,28.81,66.37,26.16,6.0,1.12,431.87,40.0,0,normal
2026-06-13 13:12:11.205165,23.5,75.0,25.0,4.46,0.75,600.0,60.0,1,ph_acidic
2026-07-18 21:12:10.684877,24.47,85.0,25.97,6.18,0.93,697.73,100.0,0,normal
2026-07-02 17:12:10.662972,25.06,71.52,25.99,6.3,0.48,488.33,40.0,0,normal
2027-04-10 10:12:11.072597,22.07,72.0,24.34,6.02,1.11,598.25,40.0,0,normal
2026-10-17 02:12:10.812883,29.33,77.03,25.55,6.11,0.32,648.56,100.0,0,normal
2026-11-09 11:12:10.846783,19.98,73.59,24.87,6.07,0.7,887.69,100.0,0,normal
2026-07-30 12:12:10.701284,23.67,79.23,23.63,5.5,0.26,299.99,40.0,0,normal
2026-10-01 06:12:10.789311,25.36,77.61,24.21,5.88,0.43,470.59,40.0,0,normal
2027-06-17 11:12:11.175113,26.57,77.15,27.0,6.47,1.31,367.53,40.0,0,normal
2026-06-11 09:12:10.633065,22.2,80.23,24.05,6.08,0.89,708.53,100.0,0,normal
2026-10-03 15:12:10.792669,29.61,79.31,25.38,6.44,1.07,423.26,40.0,0,normal
2026-10-28 13:12:10.829050,20.06,79.07,27.0,6.74,1.14,642.74,100.0,0,normal
2027-05-17 09:12:11.125619,21.71,72.84,25.48,6.26,0.0,560.92,40.0,0,normal
2026-12-25 01:12:10.915475,20.29,72.93,26.27,6.37,0.82,973.02,100.0,0,normal
2027-04-14 01:12:11.078009,21.1,69.65,26.13,6.19,1.24,516.62,40.0,0,normal
2027-01-14 17:12:10.945947,21.96,73.82,25.15,6.37,0.68,541.47,40.0,0,normal
2026-06-16 10:12:11.202432,23.5,75.0,11.86,6.15,2.75,600.0,0.0,1,drought
2027-04-25 22:12:11.094970,25.02,70.13,24.65,5.99,0.75,538.14,40.0,0,normal
2026-06-20 08:12:10.646227,23.27,77.8,25.03,6.02,0.44,842.53,100.0,0,normal
2026-12-20 18:12:10.909737,20.79,71.79,24.45,6.28,0.67,1075.72,100.0,0,normal
2027-05-27 11:12:11.142079,24.27,79.19,23.9,6.1,0.99,531.13,40.0,0,normal
2026-10-06 04:12:10.796671,24.84,69.69,23.98,5.88,1.19,843.1,100.0,0,normal
2027-04-25 14:12:11.094540,20.11,71.51,25.08,6.41,1.02,350.98,40.0,0,normal
2026-06-26 20:12:11.202333,23.5,75.0,14.07,6.15,2.65,600.0,41.92,1,drought
2027-06-01 19:12:11.150374,25.69,66.39,26.5,6.58,0.48,630.9,100.0,0,normal
2026-12-12 14:12:10.897715,23.49,70.2,23.79,6.43,0.72,532.43,40.0,0,normal
2026-11-23 01:12:10.868767,26.24,85.0,26.15,6.17,0.71,735.74,100.0,0,normal
2026-07-02 03:12:10.662186,26.75,66.26,24.81,6.01,0.49,707.72,100.0,0,normal
2027-06-10 18:12:11.163667,22.32,77.82,25.07,6.14,0.69,615.55,100.0,0,normal
2027-06-03 12:12:11.152787,30.0,71.47,24.27,6.41,0.62,504.09,40.0,0,normal
2027-04-08 02:12:11.069480,20.15,82.08,26.05,6.34,0.69,916.67,100.0,0,normal
2027-02-06 18:12:10.977696,22.29,74.75,23.62,6.68,0.98,647.36,100.0,0,normal
2027-01-30 18:12:10.967550,21.77,65.79,23.0,6.13,0.8,412.0,40.0,0,normal
2026-12-26 07:12:10.917226,19.97,78.93,25.79,5.97,0.89,458.86,40.0,0,normal
2026-07-10 23:12:10.674204,23.67,72.58,25.5,6.37,0.32,789.17,100.0,0,normal
2027-06-03 20:12:11.153255,19.84,76.32,26.05,5.96,0.64,388.84,40.0,0,normal
2027-03-31 08:12:11.056795,21.71,73.76,27.0,6.46,0.62,474.58,40.0,0,normal
2027-03-01 21:12:11.012176,17.98,76.37,24.79,6.23,0.3,674.68,100.0,0,normal
2027-05-03 17:12:11.106167,24.49,78.84,24.14,5.96,0.82,500.03,40.0,0,normal
2027-03-17 00:12:11.035692,24.02,82.91,23.29,6.59,0.46,683.5,100.0,0,normal
2026-11-24 07:12:10.870541,21.22,81.15,24.43,6.13,0.73,376.71,40.0,0,normal
2026-06-28 04:12:10.656948,20.48,72.15,26.85,6.09,0.85,552.58,40.0,0,normal
2026-08-12 02:12:10.718386,24.96,78.83,24.26,5.82,0.76,836.58,100.0,0,normal
2027-01-16 22:12:10.949164,25.08,77.15,26.5,6.32,0.81,395.73,40.0,0,normal
2027-02-18 00:12:10.994540,25.5,81.52,25.38,6.07,0.75,544.13,40.0,0,normal
2027-02-08 07:12:10.980035,17.32,77.74,24.87,6.33,0.97,315.93,40.0,0,normal
2027-04-03 12:12:11.062473,27.14,76.37,24.77,6.06,0.66,682.92,100.0,0,normal
2026-10-04 10:12:10.793994,23.36,65.54,24.5,6.18,1.02,123.31,40.0,0,normal
2027-02-19 19:12:10.997182,24.47,74.44,23.33,6.09,1.19,855.43,100.0,0,normal
2027-02-22 15:12:11.001283,22.64,65.0,24.08,5.6,1.03,908.78,100.0,0,normal
2027-03-24 08:12:11.046739,29.38,65.07,25.89,6.52,1.0,885.17,100.0,0,normal
2027-06-08 02:12:11.159349,23.56,84.31,26.13,6.13,0.33,193.55,40.0,0,normal
2027-03-29 10:12:11.053887,18.94,74.15,24.26,6.14,0.6,111.57,40.0,0,normal
2027-06-09 10:12:11.161907,22.4,77.44,25.45,6.11,0.69,152.81,40.0,0,normal
2027-05-18 07:12:11.127468,20.28,72.91,24.84,5.89,1.24,205.5,40.0,0,normal
2026-07-12 16:12:10.676458,25.27,71.44,24.93,6.49,0.6,644.64,100.0,0,normal
2026-08-25 10:12:10.736615,30.0,76.37,27.0,6.13,0.62,519.56,40.0,0,normal
2026-09-13 05:12:10.763345,23.97,72.15,26.44,6.51,1.02,909.57,100.0,0,normal
2026-11-29 02:12:10.877520,23.0,68.03,25.56,6.29,0.94,346.05,40.0,0,normal
2026-07-12 06:12:10.675899,21.78,80.0,26.8,6.28,0.75,363.33,40.0,0,normal
2027-03-08 21:12:11.023550,20.67,74.04,23.21,5.97,0.9,734.3,100.0,0,normal
2026-12-23 19:12:10.913836,26.23,76.03,25.06,5.91,0.66,897.24,100.0,0,normal
2026-11-16 22:12:10.859266,21.32,72.5,24.62,5.89,0.48,684.74,100.0,0,normal
2026-07-05 03:12:10.666169,24.85,69.06,25.06,6.8,0.96,801.8,100.0,0,normal
2027-02-06 23:12:10.977968,22.29,73.56,25.21,6.25,0.33,247.14,40.0,0,normal
2026-06-02 18:12:10.620100,27.44,78.29,23.03,6.04,0.51,600.39,100.0,0,normal
2026-07-01 09:12:10.661193,23.35,72.89,23.0,6.34,1.21,811.74,100.0,0,normal
2026-11-02 18:12:10.836353,25.92,76.65,27.0,5.67,0.11,455.62,40.0,0,normal
2026-08-10 20:12:10.716495,24.36,75.98,26.35,6.16,0.95,383.8,40.0,0,normal
2027-05-09 14:12:11.114679,24.11,69.94,23.1,6.5,0.99,520.27,40.0,0,normal
2026-07-14 03:12:10.678406,26.12,77.32,23.99,6.0,1.34,729.2,100.0,0,normal
2026-06-16 20:12:10.641526,18.65,74.19,25.77,6.41,0.65,722.96,100.0,0,normal
2027-05-21 12:12:11.132765,19.15,65.56,24.57,6.21,0.58,439.82,40.0,0,normal
2026-08-02 15:12:10.705438,25.37,74.42,26.09,6.23,0.68,884.84,100.0,0,normal
2026-07-18 23:12:10.684991,30.0,75.91,24.64,5.85,0.63,780.38,100.0,0,normal
2026-08-21 20:12:10.731840,30.0,73.36,27.0,6.46,0.3,362.59,40.0,0,normal
2026-10-17 17:12:10.813764,23.1,74.5,24.01,6.2,0.91,431.2,40.0,0,normal
2027-01-31 21:12:10.969038,25.67,65.0,26.33,6.39,0.57,704.53,100.0,0,normal
2026-06-26 13:12:11.206358,33.12,75.0,15.81,6.15,3.39,600.0,22.08,1,combined_stress
2027-01-29 05:12:10.965434,20.73,72.92,24.19,6.19,0.52,723.75,100.0,0,normal
2026-10-01 11:12:10.789584,21.1,76.98,25.18,6.67,0.55,633.31,100.0,0,normal
2026-10-02 01:12:10.790359,24.25,78.21,23.01,6.04,0.77,864.36,100.0,0,normal
2027-01-31 04:12:10.968097,21.08,79.62,24.46,6.17,0.58,674.42,100.0,0,normal
2027-03-10 22:12:11.026712,19.25,69.89,25.07,5.9,0.36,693.49,100.0,0,normal
2026-06-15 00:12:10.638681,23.87,76.64,23.91,5.65,0.32,881.07,100.0,0,normal
2027-02-23 09:12:11.002267,23.19,79.87,26.44,6.78,0.64,583.97,40.0,0,normal
2027-03-14 12:12:11.032069,20.33,81.16,24.88,5.99,1.12,620.54,100.0,0,normal
2027-05-23 16:12:11.135968,23.24,72.9,25.93,5.86,0.75,397.45,40.0,0,normal
2027-02-07 13:12:10.979022,28.34,72.75,26.56,5.83,0.19,651.97,100.0,0,normal
2027-05-31 06:12:11.148255,24.07,81.22,24.8,6.38,0.86,759.44,100.0,0,normal
2027-01-22 18:12:10.956880,24.92,67.86,24.82,6.43,0.58,606.0,100.0,0,normal
2027-01-15 13:12:10.947226,26.1,81.57,24.73,6.42,0.31,422.15,40.0,0,normal
2026-06-02 06:12:10.619387,26.63,76.28,26.06,5.95,0.48,675.87,100.0,0,normal
2026-06-17 06:12:10.642077,19.8,75.79,25.49,6.02,0.75,697.11,100.0,0,normal
2026-09-27 10:12:10.783885,20.89,79.1,25.98,6.24,0.48,553.41,40.0,0,normal
2026-10-13 11:12:10.807444,28.49,75.89,25.39,6.25,0.84,296.33,40.0,0,normal
2027-02-13 23:12:10.988694,22.94,66.91,24.01,6.07,0.84,593.92,40.0,0,normal
2027-06-13 21:12:11.168358,22.32,81.22,24.14,5.6,0.41,898.16,100.0,0,normal
2027-03-12 07:12:11.028720,26.1,72.46,25.85,5.99,0.99,536.48,40.0,0,normal
2026-06-17 11:12:11.203708,23.5,75.0,34.7,6.15,0.75,600.0,0.0,1,overwater
2027-01-08 00:12:10.937020,29.35,70.69,25.69,6.2,0.93,533.54,40.0,0,normal
2026-11-19 13:12:10.863537,24.92,82.27,25.23,6.02,0.7,1024.26,100.0,0,normal
2026-08-18 02:12:10.726615,25.84,73.84,23.67,6.23,0.82,680.79,100.0,0,normal
2027-04-29 12:12:11.099967,21.97,72.49,23.0,6.03,0.79,694.1,100.0,0,normal
2026-10-03 01:12:10.791795,21.05,77.15,24.01,6.54,0.63,813.78,100.0,0,normal
2026-10-27 23:12:10.828064,19.05,80.19,26.47,5.87,0.55,988.24,100.0,0,normal
2027-05-03 18:12:11.106222,20.1,76.44,24.57,6.26,0.67,544.55,40.0,0,normal
2027-05-14 19:12:11.122056,22.44,72.37,24.41,5.91,0.85,763.39,100.0,0,normal
2026-08-24 23:12:10.736003,28.73,79.13,25.37,6.03,0.55,496.44,40.0,0,normal
2026-11-29 16:12:10.878329,20.83,77.33,25.05,6.22,0.75,445.39,40.0,0,normal
2026-05-22 14:12:10.601422,26.79,72.47,25.19,6.08,0.76,411.9,40.0,0,normal
2027-06-10 07:12:11.163059,26.86,77.13,26.29,6.46,0.64,383.91,40.0,0,normal
2026-07-24 14:12:10.693233,24.31,76.49,24.78,6.27,0.31,638.88,100.0,0,normal
2026-08-28 14:12:10.741617,24.03,70.78,23.44,6.59,0.62,682.51,100.0,0,normal
2026-12-01 17:12:10.881398,23.48,80.0,23.15,6.27,0.87,241.33,40.0,0,normal
2026-06-06 15:12:10.626156,20.54,72.29,25.96,5.88,0.48,519.62,40.0,0,normal
2027-05-11 23:12:11.118105,21.5,71.11,25.5,6.17,1.18,657.58,100.0,0,normal
2027-02-15 22:12:10.991458,19.65,73.64,25.07,5.73,0.86,824.16,100.0,0,normal
2026-06-12 22:12:10.635405,24.12,76.8,25.46,6.44,0.99,162.11,40.0,0,normal
2027-03-05 08:12:11.017395,23.6,73.92,24.77,5.86,0.62,333.88,40.0,0,normal
2026-10-18 16:12:10.815273,28.11,72.63,23.94,5.75,0.22,419.33,40.0,0,normal
2027-04-16 09:12:11.081312,22.12,72.52,24.91,6.02,0.9,939.39,100.0,0,normal
2026-09-22 07:12:10.776000,26.77,72.35,25.73,5.83,0.59,330.77,40.0,0,normal
2026-06-13 02:12:10.635655,21.3,78.47,24.1,6.76,1.02,810.81,100.0,0,normal
2026-10-23 19:12:10.822334,23.46,80.85,24.02,5.79,0.68,496.32,40.0,0,normal
2026-12-05 05:12:10.886826,17.0,76.71,24.36,6.45,1.09,513.93,40.0,0,normal
2026-07-19 03:12:10.685224,23.53,80.7,24.41,6.24,0.73,129.97,40.0,0,normal
2027-01-11 16:12:10.941941,22.24,69.29,23.67,5.53,1.17,719.2,100.0,0,normal
2027-02-19 12:12:10.996808,23.1,76.94,25.55,5.87,0.9,729.13,100.0,0,normal
2026-12-04 00:12:10.884820,23.09,74.19,24.09,6.38,0.3,785.84,100.0,0,normal
2026-08-01 09:12:10.703758,22.31,69.38,24.19,5.77,0.52,501.41,40.0,0,normal
2026-06-29 13:12:11.204001,23.5,75.0,28.74,6.15,0.75,600.0,50.0,1,overwater
2026-06-30 20:12:10.660483,30.0,76.91,23.82,5.96,0.46,432.05,40.0,0,normal
2027-02-24 04:12:11.003697,21.96,69.82,26.55,6.34,0.55,380.18,40.0,0,normal
2026-10-12 22:12:10.806572,23.69,70.11,25.95,6.18,0.86,489.95,40.0,0,normal
2026-08-16 08:12:10.724312,22.01,71.24,25.16,6.36,0.58,606.01,100.0,0,normal
2026-06-24 18:12:11.203845,23.5,75.0,28.57,6.15,0.75,600.0,50.0,1,overwater
2026-05-28 15:12:10.612005,22.12,78.95,24.55,6.75,0.42,517.47,40.0,0,normal
2027-03-09 22:12:11.025151,23.4,77.92,26.2,6.21,0.52,828.59,100.0,0,normal
2026-06-05 17:12:10.624339,20.11,75.18,26.27,6.41,1.24,569.49,40.0,0,normal
2027-01-30 07:12:10.966938,21.98,74.47,23.78,6.49,0.76,825.53,100.0,0,normal
2027-02-05 21:12:10.976506,21.37,85.0,26.06,5.83,0.96,955.33,100.0,0,normal
2026-09-20 17:12:10.773732,19.68,65.0,26.06,5.81,0.38,554.27,40.0,0,normal
2026-12-01 13:12:10.881134,23.14,72.3,25.24,6.64,0.98,566.09,40.0,0,normal
2026-06-18 14:12:10.643903,19.96,81.17,24.83,6.51,0.94,652.85,100.0,0,normal
2027-03-12 02:12:11.028433,18.85,70.58,24.03,5.75,0.95,454.26,40.0,0,normal
2026-10-21 18:12:10.819541,21.71,73.34,25.12,5.84,0.61,330.64,40.0,0,normal
2027-04-19 12:12:11.086100,20.57,69.17,24.49,6.1,0.39,289.66,40.0,0,normal
2026-06-03 19:12:10.621541,23.84,72.35,25.79,6.72,0.94,783.42,100.0,0,normal
2026-12-07 15:12:10.890311,22.17,76.55,25.65,6.09,0.81,591.53,40.0,0,normal
2026-08-28 05:12:10.741118,19.45,66.38,25.82,6.33,0.48,953.32,100.0,0,normal
2026-08-10 08:12:10.715823,23.78,74.1,23.89,5.58,0.94,475.26,40.0,0,normal
2027-06-14 17:12:11.169485,28.49,70.09,24.72,6.34,0.67,629.22,100.0,0,normal
2026-10-11 20:12:10.805105,23.07,80.86,25.7,6.18,0.86,587.38,40.0,0,normal
2026-10-20 15:12:10.817925,22.44,65.0,25.24,6.01,0.53,390.29,40.0,0,normal
2026-07-13 19:12:10.677949,25.29,67.72,25.94,6.46,0.24,815.87,100.0,0,normal
2026-07-26 01:12:10.695221,20.43,79.57,26.42,6.68,0.89,895.24,100.0,0,normal
2027-03-17 04:12:11.035910,25.18,79.7,26.94,6.28,1.4,509.36,40.0,0,normal
2026-11-09 06:12:10.846393,30.0,73.82,24.33,5.71,0.34,460.1,40.0,0,normal
2027-04-14 20:12:11.079070,24.42,73.74,26.94,6.63,0.0,559.1,40.0,0,normal
2026-12-12 09:12:10.897364,22.09,70.61,25.17,6.5,0.77,670.92,100.0,0,normal
2027-03-21 23:12:11.042627,29.33,79.44,27.0,5.74,0.36,817.06,100.0,0,normal
2026-06-12 11:12:10.634791,26.22,85.0,26.73,5.62,0.76,557.71,40.0,0,normal
2026-06-28 07:12:10.657110,24.17,65.0,26.72,5.77,0.86,931.73,100.0,0,normal
2026-05-22 22:12:10.601885,25.14,69.61,23.78,6.01,1.13,727.1,100.0,0,normal
2026-06-28 12:12:10.657381,23.27,71.13,27.0,5.98,1.19,407.72,40.0,0,normal
2026-05-30 16:12:10.615596,28.77,79.75,23.81,5.96,0.18,581.45,40.0,0,normal
2026-06-10 03:12:10.631187,23.56,73.8,25.23,5.93,0.53,427.12,40.0,0,normal
2026-08-31 07:12:10.745169,23.25,76.45,23.0,6.27,0.93,654.78,100.0,0,normal
2027-05-08 19:12:11.113622,25.34,72.77,24.07,6.46,0.15,523.18,40.0,0,normal
2026-10-10 06:12:10.802875,20.63,76.46,24.22,6.1,0.78,752.74,100.0,0,normal
2026-11-01 00:12:10.833986,25.31,75.63,24.27,5.6,0.58,561.9,40.0,0,normal
2027-01-01 08:12:10.927461,23.15,66.44,25.36,6.02,1.14,796.63,100.0,0,normal
2026-06-14 01:12:10.637139,20.32,82.13,24.26,6.1,1.08,638.29,100.0,0,normal
2026-09-30 01:12:10.787584,25.44,70.37,25.44,6.39,0.45,304.46,40.0,0,normal
2027-03-06 06:12:11.019238,30.0,73.11,24.17,6.09,1.04,558.6,40.0,0,normal
2026-08-15 17:12:10.723392,26.88,72.89,25.93,6.26,0.9,474.92,40.0,0,normal
2026-08-10 06:12:10.715714,25.01,77.77,25.68,6.11,0.85,666.73,100.0,0,normal
2026-06-17 11:12:10.642344,24.4,69.21,24.22,6.38,0.58,678.2,100.0,0,normal
2027-01-30 11:12:10.967154,20.02,82.37,24.96,6.41,0.62,438.61,40.0,0,normal
2027-06-12 04:12:11.165918,22.51,74.53,23.98,6.49,0.67,409.34,40.0,0,normal
2026-06-11 14:12:11.203133,23.5,75.0,14.08,6.15,1.8,600.0,47.89,1,drought
2026-05-26 10:12:10.607798,25.84,73.68,25.97,6.22,1.19,608.99,100.0,0,normal
2026-09-25 18:12:10.781569,24.25,74.97,24.11,6.39,0.67,529.61,40.0,0,normal
2026-08-01 06:12:10.703597,22.43,70.65,25.83,6.44,0.53,550.67,40.0,0,normal
2026-05-25 18:12:10.606596,27.51,70.97,23.02,5.73,0.42,718.12,100.0,0,normal
2027-03-10 07:12:11.025648,19.34,72.35,25.35,6.4,0.42,801.3,100.0,0,normal
2026-10-01 07:12:10.789366,18.69,65.0,24.33,6.18,0.51,506.68,40.0,0,normal
2026-06-29 06:12:10.658372,26.73,67.67,23.41,6.02,0.91,958.73,100.0,0,normal
2027-04-13 10:12:11.077155,22.45,81.96,25.76,6.52,0.58,844.76,100.0,0,normal
2027-02-26 13:12:11.007201,18.01,74.29,25.75,5.99,1.22,625.27,100.0,0,normal
2026-08-11 06:12:10.717060,18.42,65.38,25.46,6.45,0.2,785.48,100.0,0,normal
2027-02-11 09:12:10.984903,25.35,74.89,24.62,6.23,1.06,823.01,100.0,0,normal
2026-05-22 02:12:10.600406,21.51,77.1,26.15,6.27,0.8,330.73,40.0,0,normal
2027-04-21 17:12:11.089052,24.61,74.23,24.34,6.08,0.73,848.78,100.0,0,normal
2027-01-29 00:12:10.965149,20.54,70.89,25.32,5.56,0.79,631.85,100.0,0,normal
2026-09-12 09:12:10.761776,25.98,79.33,25.55,5.95,0.63,735.78,100.0,0,normal
2026-06-19 08:12:11.204633,23.5,75.0,25.0,6.15,5.52,600.0,43.77,1,high_salinity
2026-09-28 22:12:10.786010,24.9,79.69,24.36,6.25,0.5,271.95,40.0,0,normal
2027-06-20 07:12:11.179740,24.81,80.71,24.78,5.83,1.07,659.92,100.0,0,normal
2026-10-25 19:12:10.825134,25.96,65.0,25.77,5.94,0.23,857.04,100.0,0,normal
2026-05-30 22:12:10.615965,24.97,67.65,23.48,6.79,0.83,705.86,100.0,0,normal
2026-06-23 11:12:10.650483,24.06,84.02,24.38,6.8,0.89,688.37,100.0,0,normal
2026-10-14 17:12:10.809427,19.8,66.21,24.8,6.39,0.54,224.73,40.0,0,normal
2027-05-24 07:12:11.137026,19.51,71.27,23.9,5.67,0.5,946.57,100.0,0,normal
2026-08-15 04:12:10.722662,24.34,73.11,26.38,6.22,0.78,492.24,40.0,0,normal
2027-01-02 21:12:10.929619,20.84,72.3,25.14,5.91,0.92,739.55,100.0,0,normal
2027-02-02 11:12:10.971456,23.26,77.81,23.7,5.53,0.65,538.33,40.0,0,normal
2027-05-05 06:12:11.108360,21.69,77.34,25.07,6.32,0.9,430.81,40.0,0,normal
2027-05-19 17:12:11.130009,26.09,81.84,23.64,6.17,1.16,521.78,40.0,0,normal
2027-05-09 18:12:11.114893,24.39,72.76,27.0,6.22,0.22,861.21,100.0,0,normal
2026-11-11 16:12:10.850444,20.17,70.65,26.05,6.52,0.77,498.29,40.0,0,normal
2026-10-26 21:12:10.826630,23.56,67.2,23.26,6.58,0.93,678.06,100.0,0,normal
2026-06-15 08:12:10.639164,26.25,71.03,23.51,5.9,0.76,677.81,100.0,0,normal
2026-06-02 13:12:11.205764,23.5,75.0,25.0,7.37,0.75,600.0,60.0,1,ph_alkaline
2026-06-21 21:12:11.206664,34.16,75.0,12.83,6.15,3.1,600.0,0.0,1,combined_stress
2026-05-26 21:12:10.608815,25.21,71.97,25.61,6.06,0.96,95.22,40.0,0,normal
2027-02-22 21:12:11.001602,23.45,77.37,23.84,6.34,0.39,989.35,100.0,0,normal
2027-06-02 07:12:11.151065,17.0,74.39,26.29,5.85,0.76,549.57,40.0,0,normal
2026-05-26 02:12:11.206153,23.5,75.0,25.0,6.15,0.75,7.74,0.0,1,low_light
2027-05-30 05:12:11.146689,25.01,72.54,26.68,6.01,0.79,484.02,40.0,0,normal
2026-08-03 12:12:10.706611,20.81,82.31,24.08,5.96,0.76,412.1,40.0,0,normal
2026-08-08 04:12:10.712924,18.61,74.29,23.25,6.32,0.38,660.88,100.0,0,normal
2026-10-03 09:12:10.792243,20.99,78.41,25.06,5.85,1.07,490.13,40.0,0,normal
2026-06-12 23:12:10.635480,27.27,79.24,25.83,5.62,0.99,716.05,100.0,0,normal
2027-04-08 22:12:11.070605,22.16,75.78,24.97,6.8,0.98,780.85,100.0,0,normal
2026-09-21 19:12:10.775317,22.6,84.42,24.48,6.49,1.06,509.9,40.0,0,normal
2026-11-24 10:12:10.870710,21.16,65.0,23.75,6.38,0.63,742.64,100.0,0,normal
2027-01-12 16:12:10.943261,25.38,79.77,24.85,6.15,0.29,948.33,100.0,0,normal
2027-01-29 12:12:10.965814,23.51,67.12,24.35,6.12,0.81,599.62,40.0,0,normal
2026-07-01 00:12:10.660699,25.6,76.12,24.58,6.16,1.02,655.92,100.0,0,normal
2027-02-10 07:12:10.983369,22.16,66.27,24.98,5.84,0.63,935.33,100.0,0,normal
2026-10-20 10:12:10.817657,22.97,73.74,25.8,5.69,1.0,753.12,100.0,0,normal
2026-07-04 19:12:10.665738,23.31,72.75,25.09,6.1,0.4,635.77,100.0,0,normal
2026-10-09 21:12:10.802106,26.35,76.16,25.49,6.22,0.92,566.66,40.0,0,normal
2026-10-22 05:12:10.820177,22.6,85.0,25.92,6.45,1.03,213.24,40.0,0,normal
2027-01-17 17:12:10.950213,22.41,69.19,25.11,6.31,1.08,820.74,100.0,0,normal
2027-06-02 19:12:11.151743,22.76,78.48,26.79,6.04,0.44,776.92,100.0,0,normal
2027-02-19 22:12:10.997379,20.19,83.24,24.37,5.99,0.6,528.82,40.0,0,normal
2026-12-23 20:12:10.913891,22.63,76.7,24.94,6.0,0.43,651.69,100.0,0,normal
2026-07-28 00:12:10.697968,21.07,76.94,24.35,5.82,1.04,337.1,40.0,0,normal
2026-10-19 11:12:10.816326,22.76,70.16,25.86,6.8,1.1,780.64,100.0,0,normal
2026-07-01 11:12:11.204032,23.5,75.0,34.77,6.15,0.75,600.0,0.0,1,overwater
2027-02-22 12:12:11.001117,27.29,73.57,24.88,6.27,0.74,481.52,40.0,0,normal
2026-06-21 04:12:11.206899,31.62,75.0,11.18,6.15,3.64,600.0,0.0,1,combined_stress
2026-06-24 00:12:10.651230,19.44,70.78,25.94,6.28,0.74,240.81,40.0,0,normal
2026-09-26 09:12:10.782405,28.01,77.05,24.7,6.05,1.01,716.04,100.0,0,normal
2026-08-12 13:12:10.719038,20.63,73.23,24.57,5.78,0.9,547.59,40.0,0,normal
2026-10-18 23:12:10.815656,24.55,81.83,25.73,6.78,0.81,854.93,100.0,0,normal
2026-06-29 22:12:10.659263,20.43,77.93,26.82,5.8,1.22,839.33,100.0,0,normal
2027-03-27 09:12:11.051116,21.02,73.09,23.0,5.65,0.76,632.99,100.0,0,normal
2027-01-11 11:12:10.941651,26.78,77.17,23.0,5.81,0.42,444.34,40.0,0,normal
2026-07-31 03:12:10.702112,24.19,72.08,25.34,6.23,1.29,671.69,100.0,0,normal
2026-11-12 04:12:10.851318,25.09,77.3,24.44,6.7,0.29,603.8,100.0,0,normal
2027-02-14 15:12:10.989587,20.35,76.68,25.5,5.93,0.29,715.28,100.0,0,normal
2026-11-09 13:12:10.846972,26.4,73.68,24.48,6.24,0.33,612.55,100.0,0,normal
2026-07-02 05:12:10.662294,24.35,73.54,25.91,6.02,0.47,798.17,100.0,0,normal
2026-09-19 17:12:10.772373,23.31,68.14,24.74,5.84,0.07,533.38,40.0,0,normal
2026-10-26 11:12:10.826064,26.15,76.33,24.8,6.05,1.03,458.27,40.0,0,normal
2027-01-12 19:12:10.943422,26.32,83.28,26.0,6.63,0.91,686.58,100.0,0,normal
2026-09-27 22:12:10.784649,19.97,72.11,25.78,5.78,0.78,611.53,100.0,0,normal
2026-09-30 12:12:10.788181,30.0,72.3,23.63,6.22,0.47,713.47,100.0,0,normal
2026-08-06 00:12:10.709950,19.1,78.4,24.54,6.63,0.28,416.36,40.0,0,normal
2026-05-29 22:12:11.202219,23.5,75.0,17.52,6.15,2.74,600.0,41.31,1,drought
2026-07-06 19:12:10.668394,27.37,70.0,24.73,6.44,0.26,213.99,40.0,0,normal
2026-09-17 13:12:10.769252,17.0,76.0,25.08,5.95,0.57,507.17,40.0,0,normal
2026-10-08 07:12:10.799518,24.05,71.32,24.2,5.73,0.63,990.42,100.0,0,normal
2026-05-23 15:12:10.602823,20.75,74.91,26.78,5.87,0.65,370.45,40.0,0,normal
2027-02-18 13:12:10.995396,23.98,77.2,26.28,6.27,0.95,711.24,100.0,0,normal
2027-06-15 10:12:11.171087,29.3,75.24,25.18,5.98,0.85,758.86,100.0,0,normal
2026-10-08 21:12:10.800293,24.97,76.08,25.9,6.8,0.77,340.78,40.0,0,normal
2027-04-12 14:12:11.075936,21.67,72.43,24.85,5.99,0.15,725.08,100.0,0,normal
2027-04-29 13:12:11.100022,23.69,71.16,24.22,6.26,1.27,278.45,40.0,0,normal
2027-06-10 09:12:11.163170,26.8,81.17,23.66,6.21,0.99,225.71,40.0,0,normal
2026-08-31 05:12:10.745059,22.87,72.98,23.85,6.39,0.66,728.02,100.0,0,normal
2026-12-18 04:12:10.906055,21.02,82.81,23.75,5.92,0.49,440.46,40.0,0,normal
2026-12-30 19:12:10.925154,25.78,65.25,23.5,5.74,0.65,396.8,40.0,0,normal
2026-12-08 12:12:10.891670,22.35,73.14,23.99,5.86,0.51,752.66,100.0,0,normal
2027-05-10 05:12:11.115514,26.62,70.47,24.27,6.12,0.16,426.17,40.0,0,normal
2026-06-19 15:12:10.645279,25.35,80.85,24.41,6.71,0.01,347.82,40.0,0,normal
2026-12-08 00:12:10.890865,20.01,72.88,25.15,6.18,1.28,1102.3,100.0,0,normal
2027-03-27 22:12:11.051860,20.78,79.37,23.88,5.67,0.96,584.51,40.0,0,normal
2026-08-28 02:12:10.740957,27.24,72.24,23.49,6.07,0.51,430.33,40.0,0,normal
2027-02-10 18:12:10.983989,21.65,72.22,25.86,6.4,0.74,597.16,40.0,0,normal
2026-11-28 10:12:10.876589,19.93,70.53,25.06,5.9,0.76,651.88,100.0,0,normal
2027-04-29 06:12:11.099613,23.68,71.46,26.03,5.68,0.89,151.08,40.0,0,normal
2026-09-13 17:12:10.763996,23.85,79.75,23.52,6.71,0.85,292.5,40.0,0,normal
2027-04-23 10:12:11.091555,18.56,74.79,23.65,6.27,0.25,509.88,40.0,0,normal
2026-07-04 09:12:10.665182,26.67,78.44,24.87,6.24,0.88,648.57,100.0,0,normal
2027-03-30 04:12:11.054884,20.97,76.78,25.27,6.24,0.78,856.31,100.0,0,normal
2026-07-13 18:12:10.677896,22.17,85.0,24.4,6.26,0.86,463.21,40.0,0,normal
2027-06-11 23:12:11.165641,23.89,72.0,24.0,6.51,0.86,157.94,40.0,0,normal
2027-03-12 04:12:11.028540,23.5,85.0,23.61,6.27,0.79,962.67,100.0,0,normal
2026-06-02 14:12:10.619829,24.08,71.66,26.56,5.81,0.8,766.0,100.0,0,normal
2026-12-19 21:12:10.908495,25.83,69.65,25.42,5.81,1.05,194.01,40.0,0,normal
2026-08-29 07:12:10.742543,30.0,81.36,25.69,6.08,1.09,1135.96,100.0,0,normal
2026-06-14 20:12:10.638402,27.36,77.14,27.0,6.13,1.45,761.0,100.0,0,normal
2026-07-20 20:12:10.687810,21.35,75.03,24.7,6.53,0.11,781.64,100.0,0,normal
2026-12-31 01:12:10.925494,25.38,72.04,25.22,6.62,0.97,773.46,100.0,0,normal
2027-01-03 22:12:10.931085,27.83,71.71,23.6,6.14,0.19,893.11,100.0,0,normal
2026-07-03 00:12:10.663352,25.19,79.37,23.0,6.24,0.68,543.62,40.0,0,normal
2026-11-27 08:12:10.874898,23.69,82.58,24.04,6.1,0.64,639.39,100.0,0,normal
2027-05-24 06:12:11.136969,21.14,74.23,24.82,5.59,1.08,339.87,40.0,0,normal
2026-08-16 01:12:10.723916,26.59,77.69,23.42,6.48,0.61,251.52,40.0,0,normal
2026-07-08 09:12:10.670663,25.67,78.11,26.52,5.98,0.32,375.99,40.0,0,normal
2026-12-30 16:12:10.924977,22.45,66.06,27.0,5.79,0.84,281.54,40.0,0,normal
2026-06-03 07:12:10.620821,22.28,74.04,25.72,6.45,0.98,496.26,40.0,0,normal
2026-08-30 04:12:10.743695,25.55,67.36,25.47,6.02,0.57,107.16,40.0,0,normal
2026-11-04 15:12:10.839091,21.84,68.02,26.51,6.09,0.77,311.23,40.0,0,normal
2026-10-24 22:12:10.823822,22.5,65.0,24.43,6.23,0.92,532.16,40.0,0,normal
2027-06-10 04:12:11.162894,23.47,77.99,23.59,6.58,1.02,544.67,40.0,0,normal
2026-09-12 08:12:10.761718,23.04,75.3,24.81,6.41,0.49,410.38,40.0,0,normal
2027-06-09 05:12:11.161621,18.68,77.98,24.13,5.96,0.86,357.92,40.0,0,normal
2026-12-22 15:12:10.912287,27.12,71.01,24.68,6.18,0.88,284.37,40.0,0,normal
2026-09-16 01:12:10.767282,24.63,71.21,23.7,6.75,0.99,524.4,40.0,0,normal
2026-06-14 05:12:10.637495,25.12,79.65,23.97,6.46,0.8,457.29,40.0,0,normal
2027-05-28 19:12:11.144218,22.24,74.8,24.59,6.18,0.18,598.83,40.0,0,normal
2026-12-07 20:12:10.890618,23.74,77.24,24.38,5.75,0.59,493.71,40.0,0,normal
2026-09-01 22:12:10.747334,22.76,76.04,25.13,6.15,0.7,520.19,40.0,0,normal
2026-10-24 19:12:10.823661,19.42,71.66,24.38,6.44,0.7,720.44,100.0,0,normal
2026-11-16 15:12:10.858408,21.25,71.6,26.23,6.29,1.39,650.76,100.0,0,normal
2026-09-07 13:12:10.754762,19.97,81.45,25.04,6.31,0.78,620.3,100.0,0,normal
2026-06-06 03:12:10.625070,22.96,72.12,24.45,6.04,0.5,724.31,100.0,0,normal
2027-03-06 13:12:11.019749,25.15,65.0,25.45,5.8,1.33,486.13,40.0,0,normal
2026-08-01 01:12:10.703330,22.81,76.72,24.43,5.5,0.75,729.91,100.0,0,normal
2026-08-19 04:12:10.728058,21.83,79.91,25.04,6.7,0.93,59.14,40.0,0,normal
2026-10-04 00:12:10.793451,27.08,78.12,25.27,6.09,0.92,783.57,100.0,0,normal
2026-08-29 08:12:10.742597,23.2,71.15,23.48,5.5,0.79,580.05,40.0,0,normal
2027-03-22 19:12:11.044002,26.01,68.13,23.97,6.41,0.56,608.57,100.0,0,normal
2026-11-17 16:12:10.860299,20.73,76.3,25.35,5.78,0.14,473.35,40.0,0,normal
2026-07-15 17:12:10.680507,20.65,76.22,25.13,5.91,0.7,567.79,40.0,0,normal
2026-11-01 19:12:10.835038,26.93,80.05,25.01,6.8,0.96,339.43,40.0,0,normal
2027-02-03 16:12:10.973274,20.75,77.16,25.27,5.88,0.88,491.73,40.0,0,normal
2026-07-27 08:12:10.697067,22.92,83.27,25.48,6.01,0.2,547.33,40.0,0,normal
2027-06-17 01:12:11.174294,30.0,71.65,25.5,5.98,0.48,656.75,100.0,0,normal
2026-08-20 03:12:10.729356,23.64,74.09,23.83,6.21,0.33,637.13,100.0,0,normal
2026-08-29 21:12:10.743320,21.63,85.0,25.91,6.02,0.73,446.06,40.0,0,normal
2026-06-04 06:12:10.622169,22.19,68.28,24.5,6.18,0.29,589.9,40.0,0,normal
2026-12-26 02:12:10.916957,26.3,73.35,24.47,6.06,0.78,532.16,40.0,0,normal
2026-12-19 05:12:10.907567,25.0,76.41,24.81,6.36,0.94,737.66,100.0,0,normal
2026-11-06 05:12:10.841340,29.68,83.24,24.96,5.97,1.12,1028.72,100.0,0,normal
2026-09-24 21:12:10.779928,24.31,77.2,23.0,6.01,1.37,640.39,100.0,0,normal
2027-04-29 21:12:11.100452,24.35,67.77,25.12,6.49,0.77,431.85,40.0,0,normal
2026-12-28 16:12:10.921907,28.42,82.08,24.92,6.51,0.38,607.5,100.0,0,normal
2026-11-03 13:12:10.837652,25.58,77.43,23.62,6.12,0.25,758.18,100.0,0,normal
2026-12-31 19:12:10.926521,28.27,81.52,25.14,5.89,0.83,668.95,100.0,0,normal
2026-11-10 06:12:10.847992,29.52,65.0,25.73,5.78,1.09,680.48,100.0,0,normal
2026-07-01 15:12:10.661536,27.84,82.26,24.62,5.79,1.18,764.8,100.0,0,normal
2027-03-21 20:12:11.042443,21.66,76.64,27.0,5.61,0.98,1109.4,100.0,0,normal
2026-06-30 19:12:10.660426,25.35,78.4,25.16,6.32,0.62,1067.91,100.0,0,normal
2027-06-13 16:12:11.168056,26.12,74.52,23.37,5.85,1.13,389.46,40.0,0,normal
2026-12-17 01:12:10.904356,17.0,77.62,27.0,6.53,0.67,688.81,100.0,0,normal
2026-06-06 00:12:11.203740,23.5,75.0,33.56,6.15,0.75,600.0,0.0,1,overwater
2027-03-30 03:12:11.054831,24.91,73.85,25.18,6.78,0.6,749.35,100.0,0,normal
2026-07-29 09:12:10.699778,22.39,69.07,24.28,6.22,0.97,633.87,100.0,0,normal
2026-07-14 19:12:10.679290,21.82,74.63,24.99,5.5,0.29,599.67,40.0,0,normal
2026-07-18 13:12:10.684429,22.12,84.32,26.62,5.9,1.06,650.78,100.0,0,normal
2026-08-10 14:12:10.716169,23.03,74.37,27.0,5.62,0.87,370.88,40.0,0,normal
2026-12-02 20:12:10.883212,22.3,74.22,24.21,6.08,1.08,601.86,100.0,0,normal
2026-06-28 05:12:10.657001,30.0,71.98,25.8,6.59,0.89,572.97,40.0,0,normal
2027-03-21 16:12:11.042228,23.52,79.82,24.85,6.34,1.5,552.1,40.0,0,normal
2026-12-11 05:12:10.895754,28.23,79.31,23.77,5.76,0.6,648.81,100.0,0,normal
2027-04-16 11:12:11.081423,27.11,77.44,26.02,6.45,0.61,646.32,100.0,0,normal
2027-04-28 11:12:11.098557,17.71,79.25,27.0,5.72,0.91,930.93,100.0,0,normal
2027-06-16 17:12:11.173525,25.51,65.64,23.46,6.15,0.78,668.76,100.0,0,normal
2026-09-01 19:12:10.747151,28.01,65.0,24.66,5.88,0.37,716.91,100.0,0,normal
2027-04-06 02:12:11.066419,21.96,85.0,26.5,5.92,1.13,707.99,100.0,0,normal
2026-08-09 18:12:10.715063,25.73,71.64,24.67,6.52,0.8,589.17,40.0,0,normal
2026-09-13 01:12:10.762856,24.58,71.17,24.91,5.75,1.27,602.1,100.0,0,normal
2026-06-21 07:12:10.647511,20.66,78.25,24.11,6.18,0.54,673.33,100.0,0,normal
2027-03-18 15:12:11.037969,26.63,68.63,26.11,6.17,0.48,342.26,40.0,0,normal
2027-04-30 14:12:11.101510,20.56,70.49,25.47,5.89,0.54,450.54,40.0,0,normal
2026-08-04 21:12:10.708447,22.7,81.22,25.23,6.8,1.13,402.97,40.0,0,normal
2026-10-29 06:12:10.829996,24.94,65.95,24.83,6.29,1.06,527.14,40.0,0,normal
2027-02-12 19:12:10.986977,30.0,66.49,23.76,6.33,0.49,716.18,100.0,0,normal
2026-06-30 01:12:10.659439,25.02,67.63,24.16,5.87,0.58,425.83,40.0,0,normal
2026-08-24 10:12:10.735294,30.0,75.55,23.73,6.2,1.14,729.57,100.0,0,normal
2026-06-25 09:12:10.653183,24.64,77.51,25.68,5.97,0.52,708.41,100.0,0,normal
2027-03-21 03:12:11.041506,19.52,85.0,27.0,6.17,1.08,336.69,40.0,0,normal
2026-07-18 22:12:10.684934,20.74,80.41,26.9,5.67,0.67,791.19,100.0,0,normal
2026-10-17 13:12:10.813537,23.29,82.88,24.85,6.09,0.02,997.31,100.0,0,normal
2027-01-03 06:12:10.930161,27.81,78.26,23.86,5.92,0.67,580.82,40.0,0,normal
2027-04-13 04:12:11.076691,29.3,68.98,25.87,6.19,0.72,575.34,40.0,0,normal
2027-01-14 03:12:10.945178,24.65,70.67,24.69,6.54,0.97,743.88,100.0,0,normal
2027-04-15 07:12:11.079846,22.53,77.13,24.62,5.92,0.88,849.23,100.0,0,normal
2026-08-07 21:12:10.712495,22.51,85.0,23.8,6.49,0.67,643.57,100.0,0,normal
2027-04-28 19:12:11.099003,22.81,70.94,25.55,6.18,0.82,165.93,40.0,0,normal
2027-03-29 23:12:11.054616,23.77,75.46,24.63,6.41,0.8,493.81,40.0,0,normal
2026-06-24 15:12:10.652126,20.55,70.56,24.93,6.14,1.29,472.02,40.0,0,normal
2026-12-08 06:12:10.891209,24.01,69.9,24.5,6.28,0.97,510.56,40.0,0,normal
2027-06-07 06:12:11.158067,26.32,79.08,26.17,5.73,0.47,388.81,40.0,0,normal
2027-03-31 00:12:11.056115,25.54,76.0,25.26,5.63,0.72,462.31,40.0,0,normal
2027-04-22 17:12:11.090490,20.02,65.72,26.91,5.57,0.73,239.8,40.0,0,normal
2026-11-25 07:12:10.871931,22.64,77.21,23.15,6.58,1.04,618.72,100.0,0,normal
2026-09-08 17:12:10.756306,27.78,75.7,23.34,6.55,0.47,723.47,100.0,0,normal
2027-05-27 18:12:11.142675,25.21,74.59,24.49,6.44,0.72,866.4,100.0,0,normal
2027-05-16 08:12:11.124197,22.23,72.55,25.18,5.93,1.07,375.21,40.0,0,normal
2027-04-13 09:12:11.077090,22.29,72.2,26.29,5.84,0.7,729.58,100.0,0,normal
2026-11-20 21:12:10.865477,18.38,80.78,25.13,6.29,0.68,278.25,40.0,0,normal
2026-05-28 02:12:10.611274,28.59,68.5,24.23,5.96,0.79,851.88,100.0,0,normal
2027-02-15 12:12:10.990884,21.99,70.22,25.09,6.45,1.01,371.88,40.0,0,normal
2026-08-14 18:12:10.722121,28.76,65.0,23.7,6.25,1.11,635.19,100.0,0,normal
2027-06-06 05:12:11.156472,18.19,69.69,24.74,6.45,1.3,943.02,100.0,0,normal
2026-07-09 14:12:10.672379,21.86,81.68,24.43,6.54,0.36,809.28,100.0,0,normal
2026-08-15 11:12:10.723066,24.77,71.77,24.7,6.57,0.7,530.26,40.0,0,normal
2026-10-25 17:12:10.824913,23.22,73.39,25.49,6.28,1.2,257.85,40.0,0,normal
2026-11-22 20:12:10.868486,24.7,74.48,24.3,6.61,0.45,797.03,100.0,0,normal
2026-10-11 23:12:10.805268,23.36,85.0,24.69,5.5,0.51,655.23,100.0,0,normal
2027-04-28 07:12:11.098343,21.23,70.19,26.92,6.36,1.09,677.48,100.0,0,normal
2027-05-21 15:12:11.132933,25.27,76.69,26.34,6.24,1.3,374.18,40.0,0,normal
2027-03-12 14:12:11.029294,26.47,71.05,25.92,6.26,0.69,376.4,40.0,0,normal
2026-11-19 18:12:10.863832,26.73,69.48,23.23,6.3,0.95,606.91,100.0,0,normal
2026-08-03 20:12:10.707076,24.1,66.35,25.9,6.2,0.94,343.56,40.0,0,normal
2026-10-15 08:12:10.810248,17.85,79.36,24.42,6.14,0.52,897.69,100.0,0,normal
2026-06-02 08:12:10.619497,19.45,74.96,24.28,6.26,1.05,645.0,100.0,0,normal
2027-05-08 13:12:11.113208,25.78,69.36,25.5,6.61,1.02,752.89,100.0,0,normal
2026-08-14 17:12:10.722065,25.88,77.66,25.41,6.32,1.23,367.35,40.0,0,normal
2026-06-01 18:12:11.202767,23.5,75.0,10.42,6.15,3.1,600.0,0.0,1,drought
2026-10-27 19:12:10.827846,23.23,72.48,25.09,6.51,0.84,873.05,100.0,0,normal
2026-11-19 03:12:10.862949,28.6,73.63,25.81,5.88,1.12,515.37,40.0,0,normal
2026-06-13 18:12:10.636703,25.61,75.01,24.82,6.56,0.84,471.22,40.0,0,normal
2026-10-04 02:12:10.793559,23.97,75.23,25.53,6.03,0.97,749.88,100.0,0,normal
2027-05-11 07:12:11.117203,24.59,73.14,24.98,6.61,0.93,474.29,40.0,0,normal
2026-06-21 10:12:11.205831,23.5,75.0,25.0,7.24,0.75,600.0,60.0,1,ph_alkaline
2027-04-02 05:12:11.060565,25.02,75.52,24.61,5.77,0.98,670.17,100.0,0,normal
2026-06-29 09:12:10.658553,23.78,67.23,24.68,6.43,1.26,656.42,100.0,0,normal
2027-06-05 20:12:11.155988,24.18,72.67,25.92,6.18,1.01,438.16,40.0,0,normal
2027-02-22 17:12:11.001390,24.19,73.93,25.74,6.63,1.34,644.35,100.0,0,normal
2027-04-07 15:12:11.068702,27.36,79.62,25.59,6.5,0.75,707.39,100.0,0,normal
2027-04-29 23:12:11.100559,17.9,70.7,25.31,5.65,0.44,484.47,40.0,0,normal
2027-03-14 23:12:11.032782,18.05,78.98,25.13,5.79,0.72,644.1,100.0,0,normal
2026-11-16 07:12:10.857745,30.0,81.15,25.15,6.8,0.93,757.55,100.0,0,normal
2026-09-23 08:12:10.777688,19.93,76.86,24.73,5.63,0.4,534.47,40.0,0,normal
2026-05-27 11:12:10.610435,25.82,74.31,25.1,6.2,0.81,517.51,40.0,0,normal
2027-04-19 13:12:11.086162,23.95,71.92,25.08,6.12,0.41,634.03,100.0,0,normal
2026-09-10 04:12:10.758213,26.09,70.91,24.37,5.84,0.47,840.09,100.0,0,normal
2027-03-15 11:12:11.033454,25.89,73.45,24.4,5.98,0.66,615.22,100.0,0,normal
2026-10-03 08:12:10.792190,25.77,71.96,24.7,6.19,1.28,615.07,100.0,0,normal
2027-04-07 14:12:11.068646,19.69,71.49,25.29,6.42,1.0,692.67,100.0,0,normal
2027-01-01 17:12:10.927963,27.97,80.14,25.79,6.27,1.15,192.51,40.0,0,normal
2026-06-16 15:12:10.641213,22.43,71.23,25.0,6.12,0.95,337.8,40.0,0,normal
2026-06-05 07:12:11.205657,23.5,75.0,25.0,7.91,0.75,600.0,60.0,1,ph_alkaline
2026-07-22 03:12:10.689702,20.58,74.44,24.92,6.25,1.25,601.58,100.0,0,normal
2026-11-25 10:12:10.872098,23.21,66.76,26.97,6.13,0.93,767.08,100.0,0,normal
2026-09-25 19:12:10.781625,23.99,80.38,23.29,6.3,1.01,268.32,40.0,0,normal
2026-08-30 20:12:10.744568,25.08,68.87,25.51,6.01,0.62,898.05,100.0,0,normal
2026-12-19 22:12:10.908551,25.0,74.47,23.45,6.31,0.46,908.17,100.0,0,normal
2026-10-06 07:12:10.796836,21.37,67.74,24.95,6.12,0.56,613.1,100.0,0,normal
2027-02-26 18:12:11.007471,22.23,65.0,25.36,6.52,0.75,990.94,100.0,0,normal
2026-07-23 13:12:10.691823,26.96,68.34,25.6,5.66,0.63,570.92,40.0,0,normal
2026-07-24 10:12:10.693011,24.34,65.0,24.95,6.52,0.42,301.65,40.0,0,normal
2027-06-05 19:12:11.155934,22.6,80.28,23.74,6.1,0.39,830.13,100.0,0,normal
2026-11-14 09:12:10.854873,26.33,78.5,26.43,6.61,0.81,570.4,40.0,0,normal
2027-04-07 07:12:11.068268,25.67,72.13,27.0,6.13,0.68,632.19,100.0,0,normal
2026-11-22 15:12:10.868169,18.96,78.37,23.94,5.5,0.45,886.42,100.0,0,normal
2026-06-07 07:12:10.627169,27.2,70.12,25.18,6.51,1.1,521.97,40.0,0,normal
2026-06-10 17:12:11.205226,23.5,75.0,25.0,4.34,0.75,600.0,60.0,1,ph_acidic
2027-03-14 21:12:11.032563,26.03,69.85,24.75,6.03,1.04,524.72,40.0,0,normal
2027-01-23 10:12:10.957770,27.91,77.1,25.56,6.25,1.5,657.07,100.0,0,normal
2027-05-15 01:12:11.122392,25.41,78.39,25.06,6.48,0.62,432.32,40.0,0,normal
2026-12-08 07:12:10.891338,21.85,75.06,23.15,6.8,0.58,940.79,100.0,0,normal
2027-05-30 00:12:11.146242,25.71,77.42,25.15,6.47,0.25,510.14,40.0,0,normal
2027-04-30 07:12:11.101021,23.75,74.74,25.58,6.73,0.15,365.92,40.0,0,normal
2027-04-22 05:12:11.089824,25.55,74.57,23.18,6.38,1.5,665.39,100.0,0,normal
2026-06-09 12:12:11.204310,23.5,75.0,25.0,6.15,3.76,600.0,68.3,1,high_salinity
2026-11-04 10:12:10.838821,30.0,72.14,25.41,6.42,1.05,789.36,100.0,0,normal
2026-05-24 11:12:11.201361,34.03,43.84,25.0,6.15,0.75,600.0,42.0,1,high_temp
2027-02-21 10:12:10.999513,22.17,72.94,24.97,6.47,0.58,421.85,40.0,0,normal
2026-12-29 16:12:10.923354,22.67,85.0,24.7,5.83,0.41,541.15,40.0,0,normal
2027-03-14 16:12:11.032286,20.7,67.34,23.17,6.49,0.79,495.36,40.0,0,normal
2026-08-30 22:12:10.744674,27.55,76.24,24.83,6.09,0.33,456.61,40.0,0,normal
2027-01-10 13:12:10.940446,22.86,74.07,24.86,6.8,0.83,158.71,40.0,0,normal
2026-08-02 23:12:10.705906,20.08,76.01,25.85,5.94,0.84,830.92,100.0,0,normal
2027-06-01 13:12:11.150040,21.81,81.12,24.18,6.19,1.28,668.79,100.0,0,normal
2026-06-07 17:12:11.203615,23.5,75.0,31.88,6.15,0.75,600.0,50.0,1,overwater
2026-06-05 03:12:10.623356,20.6,82.28,25.31,6.39,0.6,645.02,100.0,0,normal
2027-05-07 08:12:11.111454,26.91,76.95,27.0,6.39,0.59,510.49,40.0,0,normal
2026-07-16 22:12:10.682123,26.33,73.28,25.44,6.19,0.79,542.86,40.0,0,normal
2026-06-23 13:12:11.201276,35.36,50.42,25.0,6.15,0.75,600.0,0.0,1,high_temp
2027-04-19 15:12:11.086269,20.52,76.85,23.31,6.1,0.97,154.96,40.0,0,normal
2026-10-20 17:12:10.818049,21.14,72.07,24.25,6.61,1.02,770.3,100.0,0,normal
2026-06-04 18:12:10.622841,23.89,73.64,25.13,5.94,0.97,478.81,40.0,0,normal
2027-05-24 18:12:11.137698,22.25,74.49,25.48,6.02,0.23,377.59,40.0,0,normal
2026-09-24 05:12:10.778976,23.82,66.24,26.07,6.16,0.45,287.73,40.0,0,normal
2027-03-08 01:12:11.022224,22.08,76.85,23.0,6.21,0.43,909.81,100.0,0,normal
2026-11-08 11:12:10.844987,24.4,72.29,25.67,6.31,0.88,561.54,40.0,0,normal
2026-08-26 19:12:10.739259,20.68,72.49,25.34,6.41,1.03,346.56,40.0,0,normal
2027-02-23 20:12:11.003254,24.04,72.32,25.21,6.28,0.98,458.95,40.0,0,normal
2027-03-10 02:12:11.025373,25.55,75.76,25.3,6.47,0.31,491.88,40.0,0,normal
2026-11-12 22:12:10.852779,23.66,72.84,23.9,6.25,0.73,466.7,40.0,0,normal
2026-10-16 22:12:10.812578,20.88,83.96,25.53,5.52,0.34,165.33,40.0,0,normal
2027-05-05 12:12:11.108703,23.99,85.0,24.17,5.86,0.69,807.78,100.0,0,normal
2026-11-13 04:12:10.853129,25.71,71.68,24.67,6.23,0.38,376.5,40.0,0,normal
2027-06-13 20:12:11.168302,26.14,78.7,23.49,6.53,0.33,531.64,40.0,0,normal
2027-05-29 06:12:11.144962,25.65,73.89,27.0,6.07,1.03,506.4,40.0,0,normal
2027-02-03 18:12:10.973382,23.79,83.75,24.23,5.84,0.62,648.44,100.0,0,normal
2026-07-29 08:12:10.699724,21.96,67.64,24.99,6.3,0.53,477.71,40.0,0,normal
2026-05-24 13:12:10.604291,23.36,69.54,24.41,5.53,0.57,564.4,40.0,0,normal
2026-07-12 17:12:10.676521,22.19,72.36,24.28,6.12,1.5,978.01,100.0,0,normal
2027-01-17 01:12:10.949324,23.99,71.28,24.95,6.8,0.49,648.32,100.0,0,normal
2026-12-22 01:12:10.911499,24.59,72.41,25.11,5.85,1.21,411.71,40.0,0,normal
2026-08-27 16:12:10.740412,22.85,74.52,24.21,6.26,0.9,851.35,100.0,0,normal
2026-08-18 09:12:10.726991,22.89,71.78,24.54,6.33,0.66,468.6,40.0,0,normal
2026-07-24 13:12:10.693178,23.14,75.64,26.13,5.6,0.84,448.37,40.0,0,normal
2027-04-04 10:12:11.063964,25.57,74.74,24.83,5.5,0.62,582.45,40.0,0,normal
2026-05-28 10:12:10.611735,20.41,77.14,24.9,6.03,0.5,577.9,40.0,0,normal
2026-06-11 02:12:10.632665,27.24,65.0,25.39,6.29,0.79,677.73,100.0,0,normal
2027-02-01 03:12:10.969358,26.01,75.19,26.3,6.35,0.98,728.83,100.0,0,normal
2027-04-06 19:12:11.067593,25.31,73.89,25.05,6.13,1.05,610.08,100.0,0,normal
2027-03-13 22:12:11.031262,26.31,66.99,26.56,5.81,0.71,834.85,100.0,0,normal
2026-08-03 11:12:10.706557,24.39,77.66,24.15,6.22,0.73,535.11,40.0,0,normal
2027-04-08 12:12:11.070054,17.0,76.03,23.74,5.58,0.89,607.28,100.0,0,normal
2027-06-04 07:12:11.153889,26.34,70.94,23.93,6.29,0.48,691.64,100.0,0,normal
2027-03-29 16:12:11.054229,22.69,77.73,25.08,6.49,0.92,801.27,100.0,0,normal
2027-02-04 21:12:10.974892,26.74,71.98,25.82,5.96,0.78,841.46,100.0,0,normal
2026-12-10 06:12:10.894376,23.02,76.2,25.68,6.1,0.69,685.92,100.0,0,normal
2026-09-12 00:12:10.761289,27.56,75.79,26.23,6.21,0.86,530.12,40.0,0,normal
2027-02-27 23:12:11.009376,22.27,77.99,24.15,5.79,0.34,391.97,40.0,0,normal
2026-11-10 23:12:10.848964,19.69,65.0,25.14,6.63,0.5,341.89,40.0,0,normal
2026-07-16 14:12:10.681666,25.72,78.51,25.69,6.25,0.53,314.79,40.0,0,normal
2027-05-06 03:12:11.109825,30.0,69.86,25.49,6.32,1.19,938.12,100.0,0,normal
2027-06-17 03:12:11.174501,24.64,78.26,25.04,5.69,1.03,640.71,100.0,0,normal
2026-06-30 05:12:11.203500,23.5,75.0,28.82,6.15,0.75,600.0,50.0,1,overwater
2027-06-05 23:12:11.156150,27.56,76.59,25.73,5.8,0.93,558.2,40.0,0,normal
2026-10-29 11:12:10.830278,26.74,75.67,25.42,5.64,1.3,684.27,100.0,0,normal
2027-05-04 13:12:11.107405,21.79,67.57,24.11,6.37,0.48,788.56,100.0,0,normal
2026-11-09 21:12:10.847472,22.14,77.46,24.59,6.39,0.68,630.01,100.0,0,normal
2027-05-30 09:12:11.146914,21.89,71.06,24.97,5.5,1.1,601.67,100.0,0,normal
2026-12-07 13:12:10.890197,29.51,65.12,25.16,6.5,0.68,706.2,100.0,0,normal
2026-09-18 11:12:10.770599,25.26,75.78,25.7,6.03,0.91,948.9,100.0,0,normal
2026-07-18 19:12:10.684755,20.06,75.82,26.94,6.17,1.28,1097.76,100.0,0,normal
2027-01-24 14:12:10.959306,23.86,76.0,26.94,6.04,0.52,481.27,40.0,0,normal
2026-09-26 20:12:10.783112,24.28,74.0,25.6,5.99,0.87,857.17,100.0,0,normal
2027-06-03 08:12:11.152564,23.64,75.65,26.02,5.68,1.06,781.63,100.0,0,normal
2026-10-20 06:12:10.817435,21.79,68.94,26.61,5.87,0.11,416.48,40.0,0,normal
2027-06-19 21:12:11.179160,23.11,78.71,24.47,6.18,1.16,568.08,40.0,0,normal
2027-05-29 19:12:11.145687,20.74,69.69,25.81,5.96,0.33,636.19,100.0,0,normal
2026-09-25 05:12:10.780358,24.74,75.24,25.03,6.32,0.84,678.42,100.0,0,normal
2026-09-22 18:12:10.776907,26.83,71.59,23.88,6.68,0.27,452.13,40.0,0,normal
2027-05-17 07:12:11.125507,20.32,69.65,24.48,6.14,0.83,420.01,40.0,0,normal
2027-02-01 17:12:10.970124,29.18,75.01,26.02,6.03,1.09,162.37,40.0,0,normal
2027-05-23 18:12:11.136079,25.18,73.4,24.95,6.03,0.71,549.91,40.0,0,normal
2026-11-15 16:12:10.856841,21.79,81.47,23.26,6.11,0.38,518.65,40.0,0,normal
2026-06-17 22:12:10.642964,18.78,72.09,24.72,5.89,0.78,182.48,40.0,0,normal
2026-06-15 10:12:11.202605,23.5,75.0,10.01,6.15,2.38,600.0,0.0,1,drought
2026-08-16 11:12:10.724474,26.12,77.45,24.67,6.69,0.64,515.94,40.0,0,normal
2026-06-05 06:12:10.623522,27.45,73.56,23.55,6.12,1.08,301.46,40.0,0,normal
2027-04-22 02:12:11.089661,22.68,79.62,26.11,6.8,0.58,399.23,40.0,0,normal
2026-07-28 15:12:10.698780,26.25,78.43,26.46,5.88,0.65,17.3,0.0,0,normal
2027-03-15 14:12:11.033648,24.02,83.87,25.6,6.78,0.89,395.44,40.0,0,normal
2027-01-18 13:12:10.951306,22.39,85.0,26.17,6.55,0.73,646.15,100.0,0,normal
2027-03-17 09:12:11.036194,18.26,71.61,26.16,6.15,0.88,1026.62,100.0,0,normal
2027-04-30 01:12:11.100678,19.54,79.91,23.59,5.79,0.88,247.7,40.0,0,normal
2027-01-05 04:12:10.932766,23.49,75.14,26.66,6.01,0.52,761.5,100.0,0,normal
2027-06-11 10:12:11.164647,26.06,71.12,23.58,6.37,0.71,513.42,40.0,0,normal
2026-05-25 03:12:10.605166,20.07,74.8,24.35,6.41,1.05,430.76,40.0,0,normal
2027-05-16 18:12:11.124772,22.5,71.52,23.84,5.88,0.7,558.6,40.0,0,normal
2027-06-10 11:12:11.163286,23.69,76.04,25.43,6.41,0.84,392.74,40.0,0,normal
2026-08-15 12:12:10.723122,27.04,74.82,26.18,6.21,0.56,531.1,40.0,0,normal
2026-09-04 22:12:10.751298,26.74,75.1,24.74,6.2,0.97,864.71,100.0,0,normal
2026-07-15 06:12:10.679888,26.66,78.0,25.95,6.17,0.77,519.99,40.0,0,normal
2027-01-21 22:12:10.955776,26.89,83.61,24.71,5.5,0.61,693.82,100.0,0,normal
2027-03-25 01:12:11.047674,24.63,79.89,23.91,6.41,0.81,114.17,40.0,0,normal
2026-07-15 09:12:10.680064,26.77,69.15,23.38,5.92,0.62,664.88,100.0,0,normal
2027-05-08 05:12:11.112780,20.6,78.31,25.27,6.24,1.17,378.51,40.0,0,normal
2027-06-12 01:12:11.165751,21.21,70.73,26.81,6.28,0.58,615.49,100.0,0,normal
2026-09-07 08:12:10.754495,29.69,72.64,24.16,6.07,0.08,510.58,40.0,0,normal
2026-09-06 06:12:10.753051,27.9,74.41,25.2,5.91,0.96,310.34,40.0,0,normal
2026-10-01 19:12:10.790013,25.28,83.08,25.86,5.82,0.21,76.84,40.0,0,normal
2026-09-14 09:12:10.765004,28.6,68.92,25.1,6.24,0.39,685.9,100.0,0,normal
2026-12-09 08:12:10.892937,22.24,72.58,24.41,6.61,0.76,668.36,100.0,0,normal
2026-11-14 00:12:10.854335,28.19,74.71,26.99,6.2,0.72,511.96,40.0,0,normal
2026-07-01 01:12:11.202555,23.5,75.0,10.65,6.15,2.92,600.0,0.0,1,drought
2026-08-17 19:12:10.726239,22.19,74.04,25.55,6.46,0.84,437.04,40.0,0,normal
2026-09-10 16:12:10.758899,21.99,78.32,24.94,6.1,0.65,353.83,40.0,0,normal
2026-07-18 20:12:10.684821,21.67,67.85,23.9,6.4,0.43,466.59,40.0,0,normal
2027-05-29 01:12:11.144644,25.01,77.23,25.12,6.38,0.5,583.05,40.0,0,normal
2026-06-18 22:12:11.202705,23.5,75.0,15.62,6.15,3.12,600.0,38.64,1,drought
2027-03-13 04:12:11.030103,18.65,76.04,24.54,6.39,0.89,378.66,40.0,0,normal
2026-07-14 08:12:10.678678,25.21,73.27,26.3,6.17,0.93,495.44,40.0,0,normal
2026-06-24 13:12:10.652011,23.16,75.88,25.45,6.72,0.95,627.82,100.0,0,normal
2026-07-25 20:12:10.694924,27.25,78.13,24.63,6.02,0.93,868.58,100.0,0,normal
2027-06-21 04:12:11.180922,21.66,74.03,24.73,6.16,1.16,370.17,40.0,0,normal
2026-11-28 07:12:10.876421,23.72,77.34,26.78,6.13,0.87,531.42,40.0,0,normal
2026-06-07 08:12:11.202924,23.5,75.0,16.41,6.15,1.88,600.0,47.33,1,drought
2026-12-09 18:12:10.893538,24.14,75.21,24.4,5.77,0.19,634.63,100.0,0,normal
2026-10-18 19:12:10.815442,25.47,85.0,25.59,6.51,0.58,447.58,40.0,0,normal
2027-01-28 12:12:10.964495,24.86,74.31,24.58,6.29,0.62,617.14,100.0,0,normal
2027-03-03 13:12:11.014879,23.04,73.1,26.17,6.08,0.79,704.72,100.0,0,normal
2027-05-19 18:12:11.130065,18.55,65.0,23.0,5.57,0.97,182.71,40.0,0,normal
2026-11-12 02:12:10.851189,20.75,75.49,24.79,6.28,0.82,649.28,100.0,0,normal
2026-07-15 13:12:10.680291,28.39,74.8,25.43,6.32,0.73,575.51,40.0,0,normal
2026-10-12 21:12:10.806517,22.08,73.24,26.4,6.18,0.66,669.31,100.0,0,normal
2026-10-23 00:12:10.821266,21.65,73.26,24.81,6.41,1.14,507.88,40.0,0,normal
2026-11-14 19:12:10.855424,19.13,81.24,24.78,6.29,0.64,385.32,40.0,0,normal
2026-08-21 15:12:10.731465,22.04,70.92,24.9,6.34,0.69,404.25,40.0,0,normal
2026-11-22 10:12:10.867890,18.55,77.32,23.38,6.23,0.75,419.06,40.0,0,normal
2027-02-02 07:12:10.971197,23.43,72.21,23.0,5.96,0.6,180.64,40.0,0,normal
2026-06-30 08:12:10.659820,22.26,80.26,24.41,6.46,0.2,520.84,40.0,0,normal
2026-06-25 07:12:10.653063,21.34,73.39,26.78,6.3,0.9,412.18,40.0,0,normal
2026-12-16 14:12:10.903588,22.43,70.71,25.72,5.89,1.38,715.56,100.0,0,normal
2027-02-21 13:12:10.999677,22.31,77.57,23.0,6.47,0.94,510.33,40.0,0,normal
2027-05-05 05:12:11.108306,24.18,81.04,23.82,6.21,1.34,328.94,40.0,0,normal
2027-01-11 04:12:10.941273,19.69,72.96,26.04,5.99,0.84,788.15,100.0,0,normal
2026-11-27 12:12:10.875118,23.75,72.31,25.99,6.32,1.03,590.21,40.0,0,normal
2026-09-04 19:12:10.751122,24.87,72.27,24.93,6.37,0.79,480.57,40.0,0,normal
2026-12-25 00:12:10.915422,18.87,68.13,26.59,6.44,0.69,734.22,100.0,0,normal
2026-06-01 10:12:11.200910,36.92,40.36,25.0,6.15,0.75,600.0,0.0,1,high_temp
2027-06-01 07:12:11.149689,24.27,71.98,25.35,6.05,0.7,890.88,100.0,0,normal
2026-09-26 07:12:10.782284,23.24,71.97,25.25,6.03,1.07,576.46,40.0,0,normal
2026-10-22 04:12:10.820122,29.22,77.92,24.85,6.29,0.98,704.47,100.0,0,normal
2027-04-11 01:12:11.073581,25.27,75.11,24.83,6.57,0.77,599.76,40.0,0,normal
2027-03-18 19:12:11.038184,24.14,80.98,24.18,5.97,0.86,383.58,40.0,0,normal
2027-02-26 03:12:11.006490,24.73,85.0,23.88,6.34,0.69,668.61,100.0,0,normal
2026-10-06 13:12:10.797194,22.99,65.0,25.94,6.2,0.85,881.91,100.0,0,normal
2026-10-06 23:12:10.797735,20.02,77.4,25.43,6.45,0.34,891.67,100.0,0,normal
2027-03-18 22:12:11.038349,21.79,69.15,26.14,5.98,0.82,609.21,100.0,0,normal
2027-05-12 00:12:11.118160,24.45,70.49,24.26,5.99,0.82,473.29,40.0,0,normal
2027-01-25 03:12:10.960029,26.42,72.73,27.0,5.98,0.67,515.62,40.0,0,normal
2026-06-25 17:12:10.653652,21.06,69.74,24.74,6.01,0.87,461.67,40.0,0,normal
2026-10-13 07:12:10.807231,22.38,82.63,25.71,6.31,0.72,699.53,100.0,0,normal
2027-04-05 12:12:11.065623,17.0,65.7,25.55,5.9,0.73,456.76,40.0,0,normal
2026-05-24 07:12:10.603948,27.1,85.0,25.28,6.12,0.6,653.69,100.0,0,normal
2026-10-12 20:12:10.806462,20.3,81.49,25.88,6.27,0.87,620.12,100.0,0,normal
2027-02-08 18:12:10.981143,24.15,74.16,24.7,6.33,0.81,1011.54,100.0,0,normal
2026-07-22 18:12:10.690539,27.28,76.26,26.02,6.19,1.03,611.41,100.0,0,normal
2026-12-11 02:12:10.895575,22.01,72.11,23.87,6.05,0.76,397.73,40.0,0,normal
2027-04-21 23:12:11.089489,23.24,76.38,25.3,6.17,0.69,697.47,100.0,0,normal
2026-10-08 00:12:10.799133,21.76,70.03,26.3,5.78,0.74,476.76,40.0,0,normal
2027-01-27 17:12:10.963452,26.82,74.84,26.36,6.54,0.98,742.22,100.0,0,normal
2026-12-13 07:12:10.898703,18.92,72.52,24.98,6.28,0.93,369.39,40.0,0,normal
2027-01-18 14:12:10.951359,23.34,71.26,24.56,6.67,1.16,594.89,40.0,0,normal
2026-06-26 16:12:11.204956,23.5,75.0,25.0,6.15,3.93,600.0,65.93,1,high_salinity
2026-12-19 20:12:10.908439,23.3,75.08,26.23,6.13,0.52,510.81,40.0,0,normal
2027-02-22 22:12:11.001655,17.0,72.51,25.64,5.6,1.31,767.3,100.0,0,normal
2027-01-05 19:12:10.933754,22.9,70.25,26.25,6.18,1.08,318.54,40.0,0,normal
2026-06-23 01:12:10.649900,20.69,65.0,23.22,6.39,1.24,719.08,100.0,0,normal
2026-08-16 02:12:10.723971,24.99,79.21,24.88,6.11,0.52,551.06,40.0,0,normal
2027-06-21 18:12:11.181696,22.92,84.58,25.57,5.89,0.78,643.63,100.0,0,normal
2027-03-22 16:12:11.043838,21.9,74.58,24.74,6.01,0.97,317.06,40.0,0,normal
2027-05-10 06:12:11.115569,26.12,72.91,24.83,5.85,0.52,544.52,40.0,0,normal
2026-11-26 13:12:10.873678,21.98,75.23,24.63,6.27,0.97,523.07,40.0,0,normal
2026-09-12 06:12:10.761612,28.48,74.1,26.59,6.79,1.12,1057.45,100.0,0,normal
2026-08-16 16:12:10.724742,24.89,85.0,25.86,6.66,1.1,538.02,40.0,0,normal
2027-05-28 11:12:11.143754,21.15,73.32,23.67,6.46,0.91,393.93,40.0,0,normal
2026-06-30 16:12:10.660250,20.97,75.76,25.12,6.67,0.53,724.63,100.0,0,normal
2027-04-22 19:12:11.090601,24.11,82.31,24.84,5.87,0.82,590.89,40.0,0,normal
2026-09-02 11:12:10.748031,29.21,75.89,24.42,5.83,0.48,732.71,100.0,0,normal
2026-08-03 08:12:10.706393,22.54,68.13,25.98,6.0,1.01,736.89,100.0,0,normal
2026-11-22 07:12:10.867722,18.76,73.48,24.75,6.12,0.92,632.84,100.0,0,normal
2027-02-25 09:12:11.005467,17.0,78.4,23.0,6.05,0.74,686.02,100.0,0,normal
2026-12-23 23:12:10.914059,24.61,74.31,25.23,6.28,0.45,345.85,40.0,0,normal
2027-05-12 14:12:11.118949,29.48,70.2,26.27,6.01,0.74,547.95,40.0,0,normal
2026-10-23 06:12:10.821595,22.38,80.05,25.94,5.97,0.48,778.38,100.0,0,normal
2026-11-14 20:12:10.855479,20.7,75.08,24.92,6.08,0.98,731.61,100.0,0,normal
2026-06-19 17:12:10.645398,21.21,72.16,25.09,6.12,0.88,418.28,40.0,0,normal
2026-10-12 01:12:10.805377,27.07,67.89,25.57,5.92,1.0,491.53,40.0,0,normal
2026-12-14 01:12:10.899730,23.08,69.45,24.52,6.09,0.63,764.84,100.0,0,normal
2026-07-01 07:12:10.661085,17.0,76.4,24.63,6.08,0.97,349.07,40.0,0,normal
2027-06-21 02:12:11.180808,26.28,70.37,24.42,6.24,0.58,539.83,40.0,0,normal
2026-09-12 02:12:10.761397,21.85,72.99,26.65,6.01,0.57,458.36,40.0,0,normal
2026-12-06 06:12:10.888212,24.27,79.7,23.77,5.91,0.36,786.04,100.0,0,normal
2026-06-30 17:12:11.201288,34.94,50.85,25.0,6.15,0.75,600.0,42.0,1,high_temp
2027-02-09 09:12:10.981991,21.34,78.92,23.89,5.98,1.03,497.72,40.0,0,normal
2027-01-26 00:12:10.961184,22.43,83.21,23.58,5.81,0.4,303.3,40.0,0,normal
2026-10-17 21:12:10.813994,23.72,73.47,25.4,5.91,0.69,157.39,40.0,0,normal
2026-12-28 20:12:10.922143,24.73,76.18,25.5,5.85,0.45,634.5,100.0,0,normal
2026-08-12 23:12:10.719701,24.91,81.06,25.09,6.38,0.96,605.19,100.0,0,normal
2026-07-11 06:12:10.674591,23.61,78.25,23.29,6.07,0.8,497.23,40.0,0,normal
2026-12-15 04:12:10.901495,24.28,70.99,24.89,6.24,0.21,765.0,100.0,0,normal
2027-02-28 16:12:11.010314,29.59,79.17,24.17,6.14,0.74,296.94,40.0,0,normal
2026-10-19 01:12:10.815762,24.41,85.0,23.82,6.54,0.43,491.58,40.0,0,normal
2027-02-16 11:12:10.992196,20.65,70.42,23.61,6.7,1.16,712.82,100.0,0,normal
2027-05-15 18:12:11.123368,25.74,79.34,25.41,6.53,0.84,855.53,100.0,0,normal
2026-06-18 04:12:11.206480,33.18,75.0,12.14,6.15,2.89,600.0,0.0,1,combined_stress
2027-04-23 07:12:11.091261,18.93,75.97,24.95,6.03,1.04,595.63,40.0,0,normal
2027-05-14 10:12:11.121406,26.7,75.99,25.91,6.23,0.11,927.44,100.0,0,normal
2027-04-19 06:12:11.085755,24.14,69.13,25.39,6.61,0.63,386.09,40.0,0,normal
2026-07-28 18:12:10.698962,24.03,72.56,25.46,6.07,0.99,908.93,100.0,0,normal
2026-06-13 09:12:10.636193,28.27,76.95,26.42,6.36,0.55,807.49,100.0,0,normal
2027-05-22 07:12:11.134083,30.0,73.83,24.09,6.8,0.76,846.29,100.0,0,normal
2027-04-19 03:12:11.085313,21.5,71.0,23.47,5.98,0.23,602.9,100.0,0,normal
2026-11-13 13:12:10.853680,26.7,74.54,25.81,6.19,0.86,952.82,100.0,0,normal
2027-02-15 01:12:10.990161,20.99,72.24,23.7,6.42,0.56,473.67,40.0,0,normal
2026-10-15 04:12:10.810014,23.33,75.74,25.54,5.88,0.5,623.77,100.0,0,normal
2027-05-06 18:12:11.110680,25.89,75.9,24.77,6.29,0.77,364.73,40.0,0,normal
2027-03-14 09:12:11.031896,20.46,78.56,26.89,6.4,0.89,661.89,100.0,0,normal
2026-09-11 21:12:10.761109,26.57,71.39,23.79,6.46,0.6,821.35,100.0,0,normal
2026-12-17 16:12:10.905252,24.9,74.93,24.69,5.89,0.55,538.93,40.0,0,normal
2027-02-17 11:12:10.993805,21.93,82.18,23.72,5.89,0.64,523.05,40.0,0,normal
2026-12-02 07:12:10.882348,24.64,76.21,24.84,5.65,0.79,430.93,40.0,0,normal
2026-11-05 14:12:10.840429,25.56,78.89,25.1,5.97,0.82,513.5,40.0,0,normal
2026-08-07 07:12:10.711657,23.19,76.63,25.26,6.35,0.8,561.52,40.0,0,normal
2027-06-18 15:12:11.177217,24.39,81.33,24.58,6.59,0.52,735.6,100.0,0,normal
2026-09-18 17:12:10.770934,24.82,82.78,24.82,6.72,0.29,927.85,100.0,0,normal
2026-09-25 07:12:10.780692,24.16,72.15,24.65,6.16,0.47,486.86,40.0,0,normal
2026-07-29 14:12:10.700070,21.91,80.3,25.33,6.55,0.98,301.79,40.0,0,normal
2026-10-11 10:12:10.804528,23.74,79.07,23.09,6.46,0.64,657.41,100.0,0,normal
2026-10-13 21:12:10.808019,25.14,75.27,25.42,5.61,0.59,661.25,100.0,0,normal
2026-06-26 04:12:11.201373,37.44,56.5,25.0,6.15,0.75,600.0,0.0,1,high_temp
2026-08-04 17:12:10.708232,22.65,82.44,23.0,6.21,1.02,408.51,40.0,0,normal
2026-10-27 06:12:10.827123,24.53,71.67,23.9,6.28,0.32,427.33,40.0,0,normal
2026-10-09 09:12:10.801455,25.38,71.74,25.44,6.39,1.09,456.97,40.0,0,normal
2027-03-17 21:12:11.036861,22.96,72.56,25.87,6.36,0.59,409.94,40.0,0,normal
2026-06-25 23:12:11.202456,23.5,75.0,11.68,6.15,2.14,600.0,0.0,1,drought
2026-12-20 22:12:10.909993,23.04,77.76,23.4,5.98,0.78,997.45,100.0,0,normal
2027-01-28 01:12:10.963884,27.84,72.54,23.9,6.33,0.79,451.76,40.0,0,normal
2027-05-23 12:12:11.135744,21.48,85.0,25.51,6.19,0.78,1020.93,100.0,0,normal
2027-06-13 04:12:11.167406,22.91,76.88,26.45,6.26,0.68,332.67,40.0,0,normal
2026-05-27 07:12:10.609370,22.05,77.98,23.85,5.84,0.4,920.81,100.0,0,normal
2027-01-25 08:12:10.960298,27.45,77.12,23.0,6.67,1.0,498.8,40.0,0,normal
2026-10-30 13:12:10.831870,22.33,78.18,25.85,5.95,1.21,591.58,40.0,0,normal
2026-11-23 12:12:10.869428,25.6,74.0,24.53,6.01,0.83,803.73,100.0,0,normal
2027-03-15 20:12:11.033970,26.56,75.37,23.42,6.6,0.43,393.99,40.0,0,normal
2026-10-16 04:12:10.811545,26.89,67.83,24.85,5.81,0.98,1009.91,100.0,0,normal
2026-06-25 12:12:10.653357,30.0,84.14,23.31,5.9,0.8,485.67,40.0,0,normal
2027-04-11 15:12:11.074378,21.58,74.48,24.09,6.13,0.63,542.41,40.0,0,normal
2026-07-02 01:12:10.662079,29.63,83.04,26.21,6.07,0.98,228.41,40.0,0,normal
2027-04-11 08:12:11.074001,26.85,72.34,23.89,6.02,0.74,656.01,100.0,0,normal
2026-08-31 20:12:10.745885,20.84,76.0,26.82,6.22,0.72,898.65,100.0,0,normal
2027-05-13 11:12:11.120143,26.8,71.28,23.0,5.65,0.7,376.57,40.0,0,normal
2026-06-05 10:12:10.623743,24.11,85.0,25.72,6.52,0.34,577.82,40.0,0,normal
2026-06-24 23:12:10.652588,19.25,71.77,24.87,6.16,0.66,637.78,100.0,0,normal
2027-02-02 23:12:10.972311,20.96,82.99,25.58,6.01,1.22,891.31,100.0,0,normal
2027-01-17 20:12:10.950376,22.16,65.0,26.06,5.56,1.11,635.56,100.0,0,normal
2026-08-18 05:12:10.726775,26.74,83.39,24.77,6.42,0.9,366.02,40.0,0,normal
2026-06-24 02:12:10.651345,20.34,65.0,25.97,6.68,0.94,165.43,40.0,0,normal
2027-03-05 11:12:11.017580,22.72,65.0,25.82,6.18,1.33,646.17,100.0,0,normal
2026-09-10 11:12:10.758628,24.03,75.08,25.41,6.32,0.35,639.36,100.0,0,normal
2026-05-25 23:12:10.606995,25.49,76.67,25.44,6.23,0.84,425.72,40.0,0,normal
2026-11-14 02:12:10.854450,25.37,68.94,23.0,5.86,0.71,335.76,40.0,0,normal
2026-10-25 13:12:10.824655,17.0,69.42,24.32,6.52,0.15,867.81,100.0,0,normal
2026-09-19 12:12:10.772011,24.18,68.36,26.66,5.95,0.96,893.49,100.0,0,normal
2026-08-28 20:12:10.741935,21.94,77.11,24.26,6.17,0.53,881.65,100.0,0,normal
2027-06-17 02:12:11.174422,20.69,81.71,24.28,6.8,0.84,656.88,100.0,0,normal
2026-10-03 13:12:10.792558,22.49,72.95,24.64,6.29,0.52,709.98,100.0,0,normal
2027-04-14 16:12:11.078853,24.16,71.91,24.57,6.49,0.82,719.12,100.0,0,normal
2027-02-11 00:12:10.984413,25.68,67.97,24.09,5.85,0.81,474.64,40.0,0,normal
2027-06-09 02:12:11.161460,20.21,83.17,24.89,5.83,0.41,699.8,100.0,0,normal
2027-03-23 07:12:11.045329,29.84,74.61,25.27,6.2,0.71,82.5,40.0,0,normal
2027-01-28 05:12:10.964099,22.94,70.26,24.87,6.13,1.02,430.7,40.0,0,normal
2026-08-07 18:12:10.712329,26.15,78.79,24.65,5.8,0.49,670.14,100.0,0,normal
2026-11-30 05:12:10.879075,26.38,82.21,25.24,6.27,0.29,447.0,40.0,0,normal
2026-09-09 06:12:10.757002,21.4,76.75,24.06,5.88,0.83,471.57,40.0,0,normal
2026-08-23 12:12:10.734058,20.61,69.35,25.96,6.11,0.73,671.56,100.0,0,normal
2026-12-31 22:12:10.926706,24.06,68.03,24.53,6.36,0.8,383.2,40.0,0,normal
2026-08-27 09:12:10.740008,26.18,73.5,24.57,6.26,0.6,568.68,40.0,0,normal
2026-06-30 15:12:10.660197,21.36,75.83,24.81,5.97,0.9,478.21,40.0,0,normal
2026-07-07 17:12:10.669777,21.71,80.92,25.19,6.33,0.95,656.93,100.0,0,normal
2026-08-21 21:12:10.731895,23.7,73.61,25.26,5.86,1.02,196.88,40.0,0,normal
2026-06-08 12:12:10.628884,23.1,84.44,23.0,6.3,1.13,586.49,40.0,0,normal
2026-06-29 11:12:10.658663,26.29,80.13,23.69,6.52,1.3,719.27,100.0,0,normal
2027-05-18 06:12:11.127408,19.49,77.95,26.0,6.33,0.82,475.73,40.0,0,normal
2027-01-02 09:12:10.928904,23.9,74.43,26.04,5.91,0.62,789.76,100.0,0,normal
2027-01-18 05:12:10.950877,24.58,70.06,25.95,6.46,0.64,122.58,40.0,0,normal
2027-01-16 07:12:10.948338,23.29,67.77,24.22,6.5,0.67,724.33,100.0,0,normal
2027-04-06 12:12:11.066977,24.86,74.66,25.77,6.06,0.71,607.24,100.0,0,normal
2027-01-09 00:12:10.938379,21.03,71.07,24.64,6.61,1.04,668.3,100.0,0,normal
2027-04-26 00:12:11.095218,22.41,77.53,23.0,6.24,0.7,667.11,100.0,0,normal
2026-07-11 03:12:10.674418,24.82,75.15,25.74,6.35,1.19,687.07,100.0,0,normal
2027-01-17 06:12:10.949622,27.01,71.89,24.67,5.86,0.87,778.78,100.0,0,normal
2027-05-06 14:12:11.110440,20.02,71.2,24.18,6.27,0.78,515.14,40.0,0,normal
2026-08-12 03:12:10.718440,21.31,73.17,25.45,6.13,0.54,692.08,100.0,0,normal
2026-11-05 11:12:10.840259,25.53,85.0,24.31,5.91,1.03,471.38,40.0,0,normal
2026-10-22 16:12:10.820779,25.65,72.32,24.89,6.09,0.88,447.58,40.0,0,normal
2026-08-13 06:12:10.720114,20.29,78.19,23.81,6.0,1.08,597.36,40.0,0,normal
2026-11-06 02:12:10.841175,23.13,69.7,27.0,5.5,1.08,668.63,100.0,0,normal
2026-07-13 01:12:10.676958,22.46,79.73,24.85,5.87,1.19,292.53,40.0,0,normal
2026-08-21 09:12:10.731146,29.33,76.81,25.5,6.69,0.45,330.0,40.0,0,normal
2026-09-12 01:12:10.761344,24.04,79.86,23.93,6.01,1.05,296.01,40.0,0,normal
2026-08-21 07:12:10.731038,23.04,75.07,25.98,6.51,0.75,421.13,40.0,0,normal
2026-12-02 15:12:10.882901,18.01,78.96,25.33,6.11,0.99,482.04,40.0,0,normal
2026-12-22 07:12:10.911840,20.49,70.71,25.25,6.11,1.23,519.89,40.0,0,normal
2027-01-26 09:12:10.961684,25.94,68.51,24.86,6.13,1.02,516.03,40.0,0,normal
2027-02-19 14:12:10.996916,18.52,77.35,24.87,5.98,0.83,408.18,40.0,0,normal
2027-04-12 05:12:11.075417,20.29,76.1,25.54,6.17,0.7,669.8,100.0,0,normal
2027-03-07 08:12:11.021249,23.78,83.51,23.56,6.22,0.78,569.92,40.0,0,normal
2026-08-19 01:12:10.727876,22.16,73.61,24.54,6.35,0.96,829.71,100.0,0,normal
2026-07-05 10:12:10.666563,24.24,73.1,24.61,6.09,0.8,865.1,100.0,0,normal
2026-06-16 01:12:10.640405,25.35,69.29,24.06,6.24,0.84,434.05,40.0,0,normal
2026-11-14 04:12:10.854585,22.29,74.81,24.9,6.01,0.56,822.86,100.0,0,normal
2027-04-02 18:12:11.061439,26.63,73.08,25.09,6.14,1.23,587.88,40.0,0,normal
2026-05-25 06:12:10.605353,26.16,76.73,24.51,6.15,0.35,455.08,40.0,0,normal
2027-04-01 11:12:11.058758,23.2,76.05,23.89,6.12,0.79,715.68,100.0,0,normal
2026-09-19 19:12:10.772520,27.69,71.58,24.24,6.39,1.5,847.64,100.0,0,normal
2026-12-08 21:12:10.892249,21.84,73.53,25.26,6.17,1.09,334.85,40.0,0,normal
2027-06-13 12:12:11.167839,24.11,78.57,25.08,6.29,0.79,663.89,100.0,0,normal
2027-02-13 06:12:10.987595,25.18,79.57,24.9,5.92,0.9,631.12,100.0,0,normal
2027-06-03 17:12:11.153086,22.63,73.45,24.33,6.22,1.5,715.57,100.0,0,normal
2027-04-20 16:12:11.087692,26.75,73.42,24.94,6.14,0.76,926.59,100.0,0,normal
2027-01-04 21:12:10.932392,20.11,70.33,25.23,6.6,1.21,464.59,40.0,0,normal
2027-01-25 00:12:10.959865,21.96,75.06,25.74,5.81,1.01,354.47,40.0,0,normal
2026-10-10 08:12:10.802990,22.72,65.0,26.04,6.18,0.62,954.1,100.0,0,normal
2027-01-02 16:12:10.929328,23.44,79.08,24.94,5.76,0.82,882.94,100.0,0,normal
2026-09-05 17:12:10.752343,23.49,77.72,24.7,6.02,0.67,940.75,100.0,0,normal
2027-04-27 03:12:11.096730,22.81,83.62,23.97,6.26,0.92,353.06,40.0,0,normal
2026-09-08 20:12:10.756468,19.67,68.73,26.71,6.23,0.92,810.28,100.0,0,normal
2026-12-27 01:12:10.919027,22.3,77.41,25.04,5.94,0.06,411.25,40.0,0,normal
2026-10-16 03:12:10.811490,23.62,76.13,24.92,6.67,0.62,639.97,100.0,0,normal
2027-05-14 00:12:11.120847,23.35,69.28,24.6,6.1,0.69,622.36,100.0,0,normal
2026-08-09 13:12:10.714771,17.0,71.87,24.0,5.78,1.14,704.38,100.0,0,normal
2026-05-31 20:12:10.617331,24.74,78.98,25.07,6.37,1.07,930.8,100.0,0,normal
2026-07-27 21:12:10.697787,22.45,69.15,27.0,5.78,1.16,524.27,40.0,0,normal
2027-04-19 17:12:11.086387,21.6,76.19,25.02,6.16,1.3,739.73,100.0,0,normal
2026-10-14 11:12:10.809103,25.2,73.89,25.19,6.01,0.14,443.1,40.0,0,normal
2026-08-13 03:12:10.719928,24.03,83.54,26.87,6.02,0.68,657.2,100.0,0,normal
2026-09-16 17:12:10.768152,18.94,65.0,23.0,6.34,0.73,808.23,100.0,0,normal
2027-06-12 19:12:11.166799,23.58,79.43,25.72,6.77,0.61,485.98,40.0,0,normal
2026-07-16 23:12:10.682177,27.46,75.76,25.78,6.08,0.64,678.62,100.0,0,normal
2027-05-11 17:12:11.117756,25.61,72.39,27.0,6.19,1.03,678.48,100.0,0,normal
2026-07-28 12:12:10.698619,26.5,74.4,26.12,5.82,0.49,749.5,100.0,0,normal
2026-12-28 08:12:10.921417,25.48,80.87,24.19,6.07,0.79,712.48,100.0,0,normal
2026-08-15 21:12:10.723606,26.62,74.54,26.07,5.54,0.67,656.75,100.0,0,normal
2026-06-05 03:12:11.206191,23.5,75.0,25.0,6.15,0.75,3.46,0.0,1,low_light
2026-08-22 12:12:10.732729,26.21,75.65,25.15,6.28,0.52,300.27,40.0,0,normal
2027-01-28 15:12:10.964657,26.66,66.82,24.76,5.64,0.67,648.4,100.0,0,normal
2026-06-01 21:12:10.618766,27.29,72.97,24.1,6.44,0.79,390.12,40.0,0,normal
2027-06-16 03:12:11.172149,20.14,71.75,24.55,6.36,0.3,634.24,100.0,0,normal
2027-06-04 22:12:11.154751,28.02,70.17,26.33,5.56,0.56,1102.73,100.0,0,normal
2026-10-25 01:12:10.823984,21.82,75.96,24.32,5.7,0.46,1003.6,100.0,0,normal
2026-08-14 11:12:10.721719,22.86,84.18,26.7,6.29,0.83,512.23,40.0,0,normal
2027-03-09 05:12:11.024018,23.0,71.78,26.05,5.79,0.71,655.77,100.0,0,normal
2026-11-14 11:12:10.854981,23.91,71.41,25.49,5.89,1.01,700.66,100.0,0,normal
2026-08-09 22:12:10.715281,24.88,70.8,25.53,5.66,0.73,216.78,40.0,0,normal
2026-08-06 05:12:10.710223,23.82,82.72,24.0,6.25,0.88,457.68,40.0,0,normal
2027-02-05 18:12:10.976057,27.53,75.94,24.87,6.34,0.86,627.58,100.0,0,normal
2027-06-14 18:12:11.169539,24.77,65.0,24.7,5.5,0.56,789.9,100.0,0,normal
2027-02-07 20:12:10.979398,23.02,69.48,23.99,6.38,0.81,838.49,100.0,0,normal
2026-11-13 09:12:10.853421,23.42,69.84,23.56,5.92,1.03,542.89,40.0,0,normal
2026-05-31 09:12:10.616574,25.41,74.41,25.38,5.84,0.26,574.64,40.0,0,normal
2027-05-28 12:12:11.143809,21.89,77.44,24.56,6.29,1.29,568.69,40.0,0,normal
2027-02-15 14:12:10.990993,27.73,79.86,26.43,6.23,0.65,752.62,100.0,0,normal
2027-06-18 03:12:11.176028,24.1,80.45,24.71,6.07,1.2,742.79,100.0,0,normal
2026-06-26 07:12:10.654434,22.2,72.07,23.22,6.29,1.11,490.88,40.0,0,normal
2026-11-16 18:12:10.859042,19.54,75.42,23.76,6.03,0.83,468.08,40.0,0,normal
2027-01-08 17:12:10.937992,23.87,74.64,24.4,6.25,0.69,129.27,40.0,0,normal
2026-09-05 08:12:10.751833,26.02,73.16,25.94,6.33,0.84,745.61,100.0,0,normal
2026-05-26 22:12:10.608869,25.94,67.66,24.58,5.5,0.67,360.57,40.0,0,normal
2027-05-25 06:12:11.138390,27.87,74.54,25.98,6.12,0.52,859.89,100.0,0,normal
2027-01-25 15:12:10.960689,26.6,72.66,25.5,6.01,0.47,625.41,100.0,0,normal
2027-04-28 12:12:11.098612,25.34,71.04,23.98,6.09,1.4,691.76,100.0,0,normal
2027-05-17 20:12:11.126750,24.0,78.64,24.96,6.12,0.62,562.38,40.0,0,normal
2027-03-30 02:12:11.054778,25.75,77.43,26.62,6.22,0.17,348.48,40.0,0,normal
2026-05-22 06:12:10.600704,25.53,75.4,24.92,5.64,0.64,475.65,40.0,0,normal
2026-12-30 15:12:10.924918,24.64,78.81,24.69,6.09,0.66,683.44,100.0,0,normal
2027-06-05 16:12:11.155754,25.91,68.42,24.7,6.67,0.7,766.85,100.0,0,normal
2026-11-18 05:12:10.861235,20.91,68.71,24.68,6.61,0.73,243.61,40.0,0,normal
2026-07-05 08:12:10.666451,18.33,72.45,25.33,6.3,0.91,723.61,100.0,0,normal
2026-09-06 23:12:10.753981,21.61,80.75,24.95,6.54,1.08,659.5,100.0,0,normal
2027-05-08 11:12:11.113102,23.24,85.0,23.89,6.21,1.07,48.33,40.0,0,normal
2026-10-24 16:12:10.823500,20.53,69.88,25.51,6.02,0.68,717.19,100.0,0,normal
2026-10-15 14:12:10.810737,23.2,72.92,25.87,6.52,0.99,611.9,100.0,0,normal
2027-03-09 03:12:11.023910,24.06,76.45,25.36,5.94,1.12,678.92,100.0,0,normal
2027-02-28 00:12:11.009458,20.23,70.62,24.32,6.12,0.89,681.22,100.0,0,normal
2027-01-11 07:12:10.941436,26.86,65.19,25.36,6.27,0.81,781.06,100.0,0,normal
2026-07-27 22:12:10.697842,19.05,79.03,24.17,6.48,1.12,511.03,40.0,0,normal
2026-08-02 06:12:10.704947,22.07,77.65,23.35,6.75,0.99,483.53,40.0,0,normal
2027-06-15 03:12:11.170024,19.37,70.94,26.43,6.3,1.14,1011.0,100.0,0,normal
2026-10-27 21:12:10.827954,25.3,82.5,23.7,6.5,0.52,594.22,40.0,0,normal
2026-06-18 01:12:11.202246,23.5,75.0,11.61,6.15,1.91,600.0,0.0,1,drought
2026-08-03 10:12:10.706503,25.83,80.92,24.42,6.54,0.89,656.85,100.0,0,normal
2027-01-02 02:12:10.928500,25.08,76.61,26.71,6.57,0.99,599.51,40.0,0,normal
2026-09-13 04:12:10.763023,24.7,75.51,25.16,5.85,0.53,418.0,40.0,0,normal
2026-09-02 01:12:10.747495,17.29,74.21,24.09,6.01,0.42,752.64,100.0,0,normal
2027-02-26 19:12:11.007524,19.16,78.5,27.0,5.92,0.18,337.97,40.0,0,normal
2027-03-05 04:12:11.017161,18.4,70.25,23.76,6.06,0.92,768.32,100.0,0,normal
2027-04-18 00:12:11.083809,27.16,74.46,24.21,6.05,0.94,672.37,100.0,0,normal
2026-11-13 07:12:10.853301,27.6,66.93,24.97,6.14,0.8,785.58,100.0,0,normal
2027-02-11 12:12:10.985102,21.0,76.02,24.77,6.47,1.17,726.59,100.0,0,normal
2026-05-31 17:12:10.617168,19.81,65.0,24.89,6.19,0.57,509.94,40.0,0,normal
2027-05-01 03:12:11.102244,25.07,74.2,26.51,5.94,0.58,650.5,100.0,0,normal
2027-04-02 02:12:11.060113,25.58,70.24,25.62,5.79,0.66,695.52,100.0,0,normal
2027-02-03 01:12:10.972455,25.61,74.85,25.11,6.09,0.76,799.92,100.0,0,normal
2026-10-18 21:12:10.815549,26.37,80.94,24.66,5.63,1.11,628.53,100.0,0,normal
2027-02-08 01:12:10.979695,26.56,79.57,27.0,6.8,1.03,488.59,40.0,0,normal
2026-12-01 01:12:10.880418,22.01,69.84,24.02,5.56,0.91,598.21,40.0,0,normal
2026-05-27 06:12:10.609315,24.66,77.68,24.87,5.7,0.4,859.67,100.0,0,normal
2027-04-05 10:12:11.065514,22.27,78.6,25.86,6.26,0.54,409.74,40.0,0,normal
2027-02-05 14:12:10.975837,21.44,75.77,23.48,6.57,0.95,833.8,100.0,0,normal
2026-07-15 01:12:10.679616,20.97,72.65,25.21,5.97,0.6,684.84,100.0,0,normal
2026-08-12 09:12:10.718815,20.69,70.24,24.46,6.02,0.92,586.57,40.0,0,normal
2027-06-20 22:12:11.180589,23.48,77.15,25.04,6.11,0.43,857.72,100.0,0,normal
2027-06-19 01:12:11.177797,20.73,71.31,24.08,6.34,0.94,511.2,40.0,0,normal
2027-01-16 15:12:10.948790,21.27,75.28,25.46,5.5,0.59,486.45,40.0,0,normal
2027-04-26 17:12:11.096189,24.8,72.54,24.46,6.1,0.77,344.89,40.0,0,normal
2026-09-27 15:12:10.784155,20.75,65.0,25.82,6.49,1.3,536.35,40.0,0,normal
2027-06-18 19:12:11.177435,28.24,82.66,24.94,5.69,0.77,565.82,40.0,0,normal
2027-03-04 19:12:11.016677,30.0,79.91,25.22,6.47,0.6,584.65,40.0,0,normal
2027-06-13 15:12:11.168001,25.22,69.9,24.34,6.43,0.91,723.25,100.0,0,normal
2027-04-06 18:12:11.067536,25.65,76.94,25.7,5.81,0.52,329.77,40.0,0,normal
2026-10-08 10:12:10.799678,18.7,80.63,25.11,6.16,0.6,542.28,40.0,0,normal
2027-04-27 13:12:11.097306,25.51,78.52,23.77,5.99,0.11,440.43,40.0,0,normal
2027-06-18 11:12:11.177002,19.52,72.66,23.85,6.72,0.74,981.15,100.0,0,normal
2027-01-21 15:12:10.955379,23.37,78.33,25.81,6.17,0.44,843.19,100.0,0,normal
2027-02-17 03:12:10.993371,25.33,83.21,23.43,6.01,0.8,506.74,40.0,0,normal
2026-09-15 14:12:10.766678,19.94,70.42,23.66,6.14,1.02,682.98,100.0,0,normal
2026-06-29 07:12:10.658443,22.91,82.46,23.0,5.96,0.59,322.63,40.0,0,normal
2026-07-29 15:12:10.700124,17.86,79.26,24.96,6.49,1.1,896.59,100.0,0,normal
2026-12-21 11:12:10.910714,24.22,80.41,25.66,6.1,0.96,593.58,40.0,0,normal
2026-12-21 15:12:10.910955,20.98,72.89,25.14,5.57,1.04,659.57,100.0,0,normal
2026-11-30 14:12:10.879757,24.83,82.95,24.43,5.85,0.42,619.67,100.0,0,normal
2027-03-01 18:12:11.011989,23.02,82.56,25.87,6.2,0.8,560.86,40.0,0,normal
2026-06-06 05:12:10.625219,22.49,75.12,25.38,6.13,0.65,405.93,40.0,0,normal
2026-08-18 14:12:10.727281,26.24,77.19,24.2,6.29,0.48,276.88,40.0,0,normal
2027-04-26 15:12:11.096058,25.26,74.65,26.45,6.06,0.54,343.06,40.0,0,normal
2027-05-20 06:12:11.131027,25.55,76.81,23.0,5.92,0.79,454.78,40.0,0,normal
2026-05-24 08:12:10.604007,21.12,79.01,24.21,6.54,0.65,822.33,100.0,0,normal
2026-06-17 15:12:10.642581,27.69,85.0,23.52,6.72,0.7,570.12,40.0,0,normal
2026-06-03 15:12:10.621315,25.34,79.65,23.63,6.13,0.55,874.4,100.0,0,normal
2027-01-19 04:12:10.952133,22.34,67.91,23.87,6.24,0.62,703.16,100.0,0,normal
2026-07-14 05:12:10.678515,22.6,68.6,24.82,6.3,0.74,432.31,40.0,0,normal
2026-11-22 17:12:10.868287,21.34,68.61,24.17,5.86,0.43,548.45,40.0,0,normal
2026-10-20 21:12:10.818268,19.2,71.06,24.0,6.68,0.84,581.66,40.0,0,normal
2026-11-10 16:12:10.848572,22.33,73.18,24.49,5.89,0.69,616.18,100.0,0,normal
2026-09-18 23:12:10.771256,25.72,75.03,23.48,6.35,0.78,833.4,100.0,0,normal
2027-02-16 14:12:10.992358,29.65,76.79,25.76,5.91,0.99,1009.89,100.0,0,normal
2026-12-26 09:12:10.917334,20.77,76.92,24.88,6.24,1.19,486.33,40.0,0,normal
2027-06-17 22:12:11.175747,22.38,72.0,26.18,6.24,0.58,667.37,100.0,0,normal
2027-03-07 02:12:11.020917,29.25,72.06,23.3,6.35,0.47,881.72,100.0,0,normal
2027-03-19 17:12:11.039558,22.29,74.13,24.58,6.24,0.69,469.7,40.0,0,normal
2026-09-07 02:12:10.754153,19.44,76.45,24.81,5.5,0.61,886.43,100.0,0,normal
2026-08-29 18:12:10.743145,24.0,72.97,25.17,6.23,0.92,612.39,100.0,0,normal
2026-06-12 20:12:10.635281,22.35,78.2,24.64,5.5,0.85,690.67,100.0,0,normal
2027-02-11 17:12:10.985369,23.13,80.3,25.28,5.82,0.95,623.21,100.0,0,normal
2027-03-08 22:12:11.023603,20.67,66.33,25.58,6.03,1.1,916.8,100.0,0,normal
2027-02-24 06:12:11.003810,21.82,82.79,25.7,6.35,0.9,831.52,100.0,0,normal
2026-10-31 13:12:10.833367,25.52,78.52,25.01,6.44,0.52,290.5,40.0,0,normal
2026-06-13 12:12:11.202371,23.5,75.0,17.82,6.15,2.37,600.0,43.88,1,drought
2027-01-09 18:12:10.939393,21.06,71.55,23.96,6.02,1.15,100.55,40.0,0,normal
2027-06-15 22:12:11.171827,24.58,66.77,23.82,6.07,0.55,768.13,100.0,0,normal
2027-04-18 13:12:11.084516,23.17,79.37,24.18,6.12,0.4,709.11,100.0,0,normal
2027-04-02 11:12:11.060893,21.42,71.61,23.45,5.8,0.75,394.97,40.0,0,normal
2027-02-28 10:12:11.009993,22.97,68.09,25.3,6.35,0.35,277.11,40.0,0,normal
2026-06-19 00:12:10.644463,26.04,81.53,24.45,6.31,0.6,642.32,100.0,0,normal
2026-11-12 13:12:10.851958,22.0,77.91,25.24,6.6,0.79,771.01,100.0,0,normal
2026-06-18 19:12:10.644174,26.22,80.28,25.65,6.13,0.6,919.5,100.0,0,normal
2026-10-05 03:12:10.795091,26.68,75.72,25.25,6.27,0.48,593.54,40.0,0,normal
2026-08-08 16:12:10.713621,17.31,74.86,24.78,5.8,0.46,344.87,40.0,0,normal
2027-05-10 01:12:11.115298,25.86,65.0,23.4,6.21,0.42,611.87,100.0,0,normal
2027-06-04 20:12:11.154641,20.76,73.31,23.93,6.53,0.31,590.3,40.0,0,normal
2027-04-07 08:12:11.068321,23.04,78.39,25.05,6.16,0.56,534.27,40.0,0,normal
2027-01-28 08:12:10.964263,23.75,68.37,23.73,6.49,0.61,454.85,40.0,0,normal
2027-01-30 19:12:10.967614,24.86,78.55,24.69,5.85,1.15,603.42,100.0,0,normal
2027-02-05 23:12:10.976627,28.84,80.3,24.8,5.88,0.58,638.68,100.0,0,normal
2027-03-24 07:12:11.046685,27.9,65.0,25.48,6.25,0.72,618.9,100.0,0,normal
2027-04-13 07:12:11.076872,19.67,72.81,25.13,6.41,0.78,511.46,40.0,0,normal
2026-06-22 17:12:10.649431,23.61,75.09,25.93,5.98,1.02,704.5,100.0,0,normal
2027-02-06 15:12:10.977523,28.33,73.86,24.83,6.28,0.88,915.56,100.0,0,normal
2026-08-09 11:12:10.714664,30.0,73.62,25.29,6.29,0.96,576.51,40.0,0,normal
2026-10-28 03:12:10.828280,21.97,77.35,25.95,6.17,1.11,479.33,40.0,0,normal
2027-02-07 06:12:10.978519,22.51,80.08,23.0,6.01,0.97,722.09,100.0,0,normal
2026-11-17 05:12:10.859688,24.69,76.17,26.2,6.24,0.62,1088.88,100.0,0,normal
2027-01-09 02:12:10.938488,21.29,65.17,26.04,5.71,0.87,396.18,40.0,0,normal
2027-04-17 22:12:11.083670,22.78,79.43,25.44,6.26,1.07,567.81,40.0,0,normal
2026-11-11 13:12:10.850275,20.82,80.19,25.88,6.29,1.03,239.25,40.0,0,normal
2027-01-25 20:12:10.960957,25.41,75.04,24.34,5.95,0.67,516.86,40.0,0,normal
2026-10-18 04:12:10.814507,24.83,81.27,24.25,6.26,1.02,431.81,40.0,0,normal
2026-09-17 01:12:10.768599,18.13,74.84,24.45,6.38,0.8,632.42,100.0,0,normal
2027-01-04 02:12:10.931322,18.84,75.47,24.29,5.93,0.0,912.4,100.0,0,normal
2026-10-13 17:12:10.807800,23.46,78.88,26.07,6.27,0.86,385.28,40.0,0,normal
2027-02-09 16:12:10.982371,22.1,78.22,24.85,5.78,0.79,766.24,100.0,0,normal
2026-05-27 18:12:10.610847,24.49,75.36,23.41,6.26,0.52,851.07,100.0,0,normal
2027-03-11 12:12:11.027679,20.02,70.51,23.91,6.34,1.39,540.35,40.0,0,normal
2026-12-11 21:12:10.896695,25.5,78.22,25.28,5.93,0.53,370.94,40.0,0,normal
2026-08-20 21:12:10.730467,22.7,71.37,27.0,6.4,0.65,367.89,40.0,0,normal
2027-04-09 03:12:11.070896,23.34,74.89,26.94,5.99,0.94,789.75,100.0,0,normal
2026-10-01 10:12:10.789530,27.31,79.35,24.81,6.04,0.56,384.78,40.0,0,normal
2026-12-10 07:12:10.894432,17.0,80.48,26.62,6.36,0.32,487.23,40.0,0,normal
2026-12-01 06:12:10.880710,25.27,68.8,25.31,6.3,0.23,654.83,100.0,0,normal
2026-12-21 04:12:10.910334,23.39,80.77,25.68,6.8,1.05,446.02,40.0,0,normal
2027-04-05 17:12:11.065923,20.45,82.29,26.48,6.71,0.81,481.37,40.0,0,normal
2026-11-15 14:12:10.856715,23.98,75.36,25.46,5.71,0.31,434.68,40.0,0,normal
2026-07-16 12:12:10.681558,24.36,75.19,25.63,5.77,0.29,726.76,100.0,0,normal
2027-03-09 19:12:11.024824,19.34,68.77,26.74,5.95,0.69,699.36,100.0,0,normal
2027-03-07 06:12:11.021141,21.22,76.44,26.05,5.77,1.03,650.02,100.0,0,normal
2027-04-21 02:12:11.088234,24.11,72.92,24.0,5.68,0.82,510.73,40.0,0,normal
2027-02-06 02:12:10.976791,23.85,82.42,26.52,6.21,0.84,474.26,40.0,0,normal
2026-05-24 06:12:11.206682,33.46,75.0,14.89,6.15,3.08,600.0,23.36,1,combined_stress
2027-03-04 18:12:11.016623,21.44,65.0,24.37,6.29,1.19,906.48,100.0,0,normal
2026-11-26 19:12:10.874124,24.75,77.17,25.3,6.41,1.03,943.27,100.0,0,normal
2026-12-02 18:12:10.883092,19.99,74.13,25.9,6.0,0.94,432.45,40.0,0,normal
2027-03-09 13:12:11.024447,23.72,72.52,24.19,6.33,0.76,884.39,100.0,0,normal
2026-07-13 05:12:10.677193,24.86,68.68,26.52,6.08,1.03,698.79,100.0,0,normal
2026-10-09 15:12:10.801777,25.67,75.1,25.24,6.12,0.85,221.25,40.0,0,normal
2026-09-16 07:12:10.767608,28.68,81.58,25.11,6.37,1.0,628.46,100.0,0,normal
2026-12-04 16:12:10.886095,21.48,78.66,26.31,6.44,0.91,371.89,40.0,0,normal
2027-02-18 17:12:10.995610,22.7,76.78,25.0,5.83,0.75,442.93,40.0,0,normal
2026-12-10 11:12:10.894695,22.29,82.22,27.0,6.08,0.81,418.83,40.0,0,normal
2027-04-16 06:12:11.081149,23.45,76.87,24.87,5.8,0.45,741.18,100.0,0,normal
2027-05-14 13:12:11.121571,22.66,75.45,27.0,5.98,1.25,808.87,100.0,0,normal
2027-05-08 04:12:11.112726,25.46,74.93,25.36,5.72,0.06,612.55,100.0,0,normal
2026-07-05 22:12:10.667221,22.03,76.57,24.96,5.88,0.82,746.89,100.0,0,normal
2026-11-19 20:12:10.863945,27.18,70.28,25.76,5.59,0.89,908.38,100.0,0,normal
2026-06-23 03:12:10.650016,23.31,77.14,23.0,6.51,1.1,658.33,100.0,0,normal
2027-05-26 10:12:11.140602,26.57,74.83,25.37,6.41,0.82,496.95,40.0,0,normal
2026-06-01 10:12:10.618128,24.82,77.25,24.17,6.05,0.44,313.92,40.0,0,normal
2027-03-19 16:12:11.039505,20.58,75.68,24.07,6.4,0.58,629.44,100.0,0,normal
2026-10-11 12:12:10.804637,21.41,69.42,24.72,6.68,0.61,870.22,100.0,0,normal
2026-12-15 09:12:10.901822,21.27,71.23,25.59,6.16,0.99,712.99,100.0,0,normal
2026-11-27 09:12:10.874953,19.84,74.73,25.78,5.81,0.4,1151.54,100.0,0,normal
2027-01-08 22:12:10.938270,22.21,73.9,24.0,6.24,0.62,807.44,100.0,0,normal
2027-04-17 20:12:11.083553,22.58,71.23,24.65,6.33,0.62,486.7,40.0,0,normal
2026-06-20 21:12:10.646944,20.87,69.7,24.61,6.09,0.58,588.34,40.0,0,normal
2026-06-21 19:12:11.202593,23.5,75.0,16.56,6.15,3.27,600.0,37.64,1,drought
2026-08-15 09:12:10.722933,19.08,73.25,26.39,6.62,0.31,710.22,100.0,0,normal
2027-01-26 22:12:10.962386,23.22,75.38,27.0,6.27,0.89,725.78,100.0,0,normal
2027-02-21 01:12:10.999022,20.33,75.64,25.23,6.53,1.08,512.72,40.0,0,normal
2027-03-19 22:12:11.039826,22.38,76.64,25.2,5.81,0.7,872.44,100.0,0,normal
2026-11-12 03:12:10.851260,27.66,73.76,23.9,6.03,0.96,435.83,40.0,0,normal
2026-12-08 10:12:10.891526,27.28,82.73,24.08,5.76,0.63,884.77,100.0,0,normal
2027-06-21 00:12:11.180698,20.4,77.36,25.12,6.29,0.24,265.51,40.0,0,normal
2027-03-15 13:12:11.033594,18.0,78.49,24.67,6.8,1.14,153.29,40.0,0,normal
2027-03-17 15:12:11.036519,26.1,74.75,24.22,5.89,0.75,373.95,40.0,0,normal
2026-07-21 21:12:10.689354,22.61,82.58,25.66,6.41,0.59,641.49,100.0,0,normal
2027-01-26 14:12:10.961950,26.56,70.51,25.68,6.34,0.62,534.48,40.0,0,normal
2026-08-13 09:12:10.720278,20.42,74.6,23.9,5.92,0.93,733.18,100.0,0,normal
2027-04-27 16:12:11.097469,25.21,75.9,24.41,6.15,0.2,606.45,100.0,0,normal
2026-06-07 21:12:10.627994,23.27,82.98,24.6,6.18,0.68,813.43,100.0,0,normal
2026-06-07 01:12:10.626823,18.06,76.1,24.99,6.17,0.77,605.0,100.0,0,normal
2027-06-19 14:12:11.178779,27.37,77.99,24.51,6.08,0.93,429.74,40.0,0,normal
2027-06-21 05:12:11.180976,20.81,72.29,25.52,6.09,0.87,719.52,100.0,0,normal
2026-07-29 02:12:10.699401,28.63,66.62,24.29,6.31,0.21,615.98,100.0,0,normal
2026-06-12 06:12:11.201409,33.72,45.85,25.0,6.15,0.75,600.0,42.0,1,high_temp
2026-12-07 09:12:10.889967,25.78,72.33,24.94,6.59,0.87,888.02,100.0,0,normal
2027-06-19 22:12:11.179217,26.79,71.76,24.93,6.34,0.77,554.97,40.0,0,normal
2027-03-08 11:12:11.023013,27.22,75.56,24.86,6.17,0.68,198.76,40.0,0,normal
2026-11-01 14:12:10.834750,19.46,69.48,24.79,6.26,0.45,596.35,40.0,0,normal
2026-11-11 07:12:10.849929,24.68,73.84,26.67,6.59,1.1,862.9,100.0,0,normal
2027-03-28 10:12:11.052505,23.54,81.07,23.71,6.11,0.91,701.26,100.0,0,normal
2027-05-07 16:12:11.112041,24.36,77.97,24.71,6.06,1.0,263.06,40.0,0,normal
2026-08-21 10:12:10.731199,28.3,66.22,23.76,6.53,0.79,970.46,100.0,0,normal
2026-07-03 08:12:10.663807,25.96,81.87,23.04,6.15,0.81,643.47,100.0,0,normal
2026-12-21 13:12:10.910839,26.71,70.96,25.46,6.4,1.47,768.93,100.0,0,normal
2027-03-27 03:12:11.050524,23.1,76.96,24.22,6.03,0.74,464.59,40.0,0,normal
2027-03-26 18:12:11.050037,20.95,69.96,25.15,6.21,0.72,699.24,100.0,0,normal
2027-05-31 14:12:11.148701,24.03,66.78,25.17,6.23,0.31,696.21,100.0,0,normal
2026-09-18 16:12:10.770881,21.08,65.97,26.11,5.76,0.59,688.48,100.0,0,normal
2026-05-22 10:12:10.601098,20.69,78.15,25.35,5.71,0.8,407.15,40.0,0,normal
2026-08-06 15:12:10.710765,18.5,75.04,23.33,5.84,0.79,371.73,40.0,0,normal
2026-12-08 05:12:10.891152,21.13,85.0,25.38,6.38,0.38,808.08,100.0,0,normal
2026-06-01 16:12:10.618451,26.79,69.32,24.24,6.02,0.94,592.17,40.0,0,normal
2027-03-10 19:12:11.026420,24.75,70.04,24.73,6.12,1.13,650.24,100.0,0,normal
2027-01-15 02:12:10.946581,21.52,83.87,24.31,5.94,0.78,116.3,40.0,0,normal
2026-10-07 13:12:10.798525,21.14,77.55,24.0,6.24,0.75,199.72,40.0,0,normal
2027-04-08 11:12:11.070000,28.41,74.75,25.82,6.61,0.94,425.7,40.0,0,normal
2026-07-26 22:12:10.696487,23.52,76.6,25.5,5.5,1.06,574.78,40.0,0,normal
2026-06-29 13:12:10.658771,25.94,71.56,26.39,6.12,1.06,674.98,100.0,0,normal
2026-09-14 20:12:10.765617,27.32,76.53,26.43,5.6,0.65,985.94,100.0,0,normal
2027-04-15 20:12:11.080592,25.37,73.19,24.18,5.86,0.7,188.49,40.0,0,normal
2027-02-01 13:12:10.969911,23.86,65.0,25.47,6.46,1.01,515.79,40.0,0,normal
2026-12-29 17:12:10.923410,24.79,72.49,24.82,6.07,0.48,507.17,40.0,0,normal
2027-03-22 17:12:11.043893,25.59,65.0,24.04,6.27,0.91,375.95,40.0,0,normal
2027-03-13 23:12:11.031316,19.98,71.5,24.51,6.57,0.26,738.0,100.0,0,normal
2027-01-28 19:12:10.964882,19.19,76.93,25.57,6.07,0.38,945.27,100.0,0,normal
2026-10-26 08:12:10.825902,27.77,83.13,24.6,6.47,0.68,1029.04,100.0,0,normal
2026-12-09 12:12:10.893170,27.68,79.37,25.23,5.85,0.6,413.82,40.0,0,normal
2026-12-14 21:12:10.901059,23.87,68.57,25.4,6.25,0.61,536.19,40.0,0,normal
2026-06-13 12:12:10.636355,23.89,75.83,23.0,6.01,0.31,560.96,40.0,0,normal
2027-03-29 20:12:11.054449,20.21,72.62,26.44,6.21,0.34,478.86,40.0,0,normal
2026-09-13 10:12:10.763619,22.36,76.19,24.73,6.33,1.22,569.57,40.0,0,normal
2026-10-24 00:12:10.822602,22.55,78.0,23.81,6.31,0.55,806.8,100.0,0,normal
2027-03-02 04:12:11.012626,26.17,67.94,25.53,6.3,0.47,263.24,40.0,0,normal
2027-06-15 02:12:11.169970,24.91,73.33,25.46,6.09,0.76,824.94,100.0,0,normal
2026-11-24 05:12:10.870426,19.0,67.62,25.57,5.84,0.33,686.36,100.0,0,normal
2026-06-18 20:12:10.644228,23.23,75.15,24.19,6.2,0.76,453.62,40.0,0,normal
2027-04-02 16:12:11.061329,23.6,83.13,26.48,6.5,0.75,445.64,40.0,0,normal
2027-05-13 06:12:11.119854,27.41,77.47,25.91,6.19,0.65,17.3,0.0,0,normal
2026-12-19 00:12:10.907291,25.96,80.33,24.4,6.15,0.06,699.89,100.0,0,normal
2026-07-17 10:12:10.682838,22.69,72.64,24.69,6.46,0.89,986.06,100.0,0,normal
2027-03-14 11:12:11.032006,27.5,69.18,26.03,5.93,0.88,479.57,40.0,0,normal
2026-06-09 20:12:11.204212,23.5,75.0,25.0,6.15,1.81,600.0,95.6,1,high_salinity
2027-05-17 23:12:11.126992,26.4,65.0,24.33,5.98,0.94,737.13,100.0,0,normal
2026-09-11 16:12:10.760841,22.4,73.62,23.57,6.17,0.87,254.68,40.0,0,normal
2026-10-07 19:12:10.798852,22.36,69.51,24.69,6.44,0.56,743.67,100.0,0,normal
2027-04-22 14:12:11.090307,25.43,76.1,25.81,5.95,1.03,173.52,40.0,0,normal
2026-10-18 09:12:10.814776,24.57,66.58,25.06,6.17,1.09,253.31,40.0,0,normal
2027-06-19 07:12:11.178120,23.68,81.36,25.08,6.19,1.06,675.39,100.0,0,normal
2027-01-12 06:12:10.942704,25.26,75.36,24.07,6.06,0.96,583.74,40.0,0,normal
2026-10-09 17:12:10.801889,20.62,78.76,25.37,6.1,1.01,974.03,100.0,0,normal
2026-07-13 09:12:10.677409,22.28,80.93,25.44,6.1,0.32,475.85,40.0,0,normal
2027-02-03 23:12:10.973675,18.62,81.68,24.68,5.92,0.99,908.88,100.0,0,normal
2026-12-30 21:12:10.925272,20.39,76.2,26.25,6.02,0.54,323.79,40.0,0,normal
2026-11-12 00:12:10.850984,29.63,74.26,24.3,5.92,1.2,667.84,100.0,0,normal
2026-12-12 15:12:10.897772,24.59,75.25,23.95,5.99,0.56,384.9,40.0,0,normal
2026-08-07 05:12:10.711547,28.26,79.3,25.13,5.87,0.89,725.32,100.0,0,normal
2027-02-09 05:12:10.981765,25.41,72.76,24.78,6.17,0.4,478.35,40.0,0,normal
2026-05-26 13:12:11.205185,23.5,75.0,25.0,4.52,0.75,600.0,60.0,1,ph_acidic
2026-08-17 18:12:10.726185,27.61,75.48,24.78,5.96,0.78,510.25,40.0,0,normal
2026-05-27 14:12:10.610632,28.54,73.46,25.68,5.95,1.06,936.31,100.0,0,normal
2026-12-17 14:12:10.905136,28.89,81.27,25.01,6.07,0.98,944.06,100.0,0,normal
2026-06-29 17:12:10.658995,23.96,76.28,25.91,5.82,0.82,747.52,100.0,0,normal
2026-06-25 08:12:10.653121,24.99,71.18,24.22,6.11,0.68,927.7,100.0,0,normal
2027-04-02 17:12:11.061384,23.5,79.4,26.25,6.73,0.64,935.12,100.0,0,normal
2026-07-24 20:12:10.693583,23.22,77.88,25.53,6.21,0.86,294.83,40.0,0,normal
2026-07-11 15:12:10.675092,30.0,72.67,25.02,6.26,1.28,357.94,40.0,0,normal
2026-06-12 01:12:10.634185,26.26,77.22,26.07,6.03,0.9,620.62,100.0,0,normal
2027-02-18 03:12:10.994846,25.84,71.02,25.42,5.62,0.66,496.56,40.0,0,normal
2026-09-27 01:12:10.783382,26.35,75.16,25.16,5.62,0.29,576.61,40.0,0,normal
2027-06-04 15:12:11.154368,26.69,80.66,23.77,5.69,0.35,581.71,40.0,0,normal
2027-05-17 08:12:11.125563,20.84,70.65,25.01,6.02,1.12,660.01,100.0,0,normal
2027-02-21 20:12:11.000092,21.84,76.83,25.29,6.02,1.12,476.74,40.0,0,normal
2027-06-12 10:12:11.166293,29.39,80.51,25.05,5.97,0.05,677.1,100.0,0,normal
2026-10-23 14:12:10.822061,25.1,71.78,25.69,6.66,0.63,1224.0,100.0,0,normal
2026-12-10 02:12:10.894083,28.44,83.73,27.0,6.26,0.76,459.99,40.0,0,normal
2026-12-05 21:12:10.887726,20.79,69.79,24.77,6.37,1.1,302.41,40.0,0,normal
2026-11-15 21:12:10.857131,27.87,81.87,26.08,6.46,0.89,1020.74,100.0,0,normal
2026-05-28 22:12:11.205422,23.5,75.0,25.0,5.17,0.75,600.0,60.0,1,ph_acidic
2027-05-28 02:12:11.143257,26.12,77.77,26.66,5.93,0.7,645.26,100.0,0,normal
2026-11-12 11:12:10.851843,23.99,68.78,24.56,5.62,0.87,791.18,100.0,0,normal
2026-12-28 22:12:10.922265,25.06,81.22,27.0,5.98,1.27,581.06,40.0,0,normal
2026-09-20 20:12:10.773893,22.32,70.59,26.01,6.54,0.28,1041.25,100.0,0,normal
2027-02-20 13:12:10.998309,23.27,85.0,25.45,6.25,0.79,695.74,100.0,0,normal
2026-08-05 11:12:10.709225,23.81,79.26,24.94,6.33,0.8,668.98,100.0,0,normal
2026-10-14 07:12:10.808840,23.22,85.0,25.5,6.38,0.35,769.37,100.0,0,normal
2027-03-27 04:12:11.050592,20.65,80.29,24.95,6.75,0.59,570.13,40.0,0,normal
2026-09-29 22:12:10.787421,21.51,73.99,26.75,5.9,0.48,675.76,100.0,0,normal
2027-06-15 12:12:11.171201,26.34,76.88,24.44,5.66,0.65,555.06,40.0,0,normal
2026-07-16 05:12:10.681176,23.32,78.05,23.85,6.8,0.91,759.84,100.0,0,normal
2026-11-17 17:12:10.860354,23.24,72.89,24.99,5.8,0.54,594.02,40.0,0,normal
2027-03-30 07:12:11.055062,23.96,69.92,24.64,6.75,0.62,483.44,40.0,0,normal
2027-05-19 15:12:11.129878,26.0,76.5,25.06,5.79,0.45,472.09,40.0,0,normal
2027-05-19 04:12:11.129232,23.12,77.99,24.2,6.18,0.84,825.44,100.0,0,normal
2026-05-27 14:12:11.200672,36.19,52.01,25.0,6.15,0.75,600.0,0.0,1,high_temp
2027-01-07 22:12:10.936909,22.31,73.77,26.51,6.05,0.43,568.44,40.0,0,normal
2027-02-03 05:12:10.972677,23.33,73.47,24.38,5.77,1.1,615.74,100.0,0,normal
2026-07-25 05:12:10.694102,21.04,77.6,24.85,6.29,0.57,264.37,40.0,0,normal
2027-06-18 02:12:11.175974,24.32,66.52,25.01,6.6,0.57,640.09,100.0,0,normal
2026-09-10 18:12:10.759006,22.54,73.95,24.1,6.14,0.64,538.57,40.0,0,normal
2026-06-10 19:12:11.205461,23.5,75.0,25.0,4.38,0.75,600.0,60.0,1,ph_acidic
2027-02-09 02:12:10.981605,23.51,69.87,24.12,6.4,0.67,893.16,100.0,0,normal
2026-07-10 16:12:10.673807,22.33,79.15,24.77,6.33,0.73,563.36,40.0,0,normal
2026-12-28 14:12:10.921757,26.14,67.43,24.05,6.05,0.72,650.05,100.0,0,normal
2026-07-25 07:12:10.694212,21.41,70.54,24.63,6.27,0.74,637.29,100.0,0,normal
2027-03-12 01:12:11.028379,22.66,81.7,23.73,6.3,0.9,770.24,100.0,0,normal
2026-09-04 20:12:10.751176,21.95,65.58,23.51,5.5,1.47,598.42,40.0,0,normal
2026-06-30 18:12:10.660359,21.33,84.13,24.78,6.07,0.95,787.23,100.0,0,normal
2027-03-19 18:12:11.039612,27.16,66.14,24.6,6.13,0.77,419.96,40.0,0,normal
2027-02-26 12:12:11.007112,26.04,69.43,24.91,6.34,0.38,857.89,100.0,0,normal
2026-12-09 23:12:10.893833,21.58,75.96,24.34,6.61,1.17,332.01,40.0,0,normal
2027-03-01 10:12:11.011548,25.24,73.73,25.28,5.72,0.57,697.8,100.0,0,normal
2027-04-20 19:12:11.087856,23.33,74.49,26.04,6.31,0.58,922.96,100.0,0,normal
2026-11-18 11:12:10.861854,29.14,68.78,24.73,5.83,0.69,519.41,40.0,0,normal
2027-05-28 21:12:11.144330,26.4,69.94,24.18,6.8,1.1,543.05,40.0,0,normal
2026-12-30 07:12:10.924236,21.35,73.79,26.19,5.99,0.03,864.41,100.0,0,normal
2027-03-23 11:12:11.045548,21.15,75.81,25.47,5.98,0.37,399.57,40.0,0,normal
2027-06-15 13:12:11.171257,23.94,65.93,26.11,6.21,0.83,705.4,100.0,0,normal
2026-12-05 02:12:10.886665,17.41,75.75,23.4,6.15,0.84,435.5,40.0,0,normal
2027-02-18 14:12:10.995450,21.22,80.68,23.32,6.18,0.97,582.15,40.0,0,normal
2026-12-29 02:12:10.922509,24.45,75.64,25.12,5.91,1.5,409.23,40.0,0,normal
2026-12-23 02:12:10.912908,23.44,71.78,24.59,6.56,0.81,1025.78,100.0,0,normal
2027-04-14 13:12:11.078678,26.59,70.8,25.22,6.09,0.98,555.57,40.0,0,normal
2026-08-19 21:12:10.729005,24.0,79.33,26.52,6.02,0.7,586.28,40.0,0,normal
2026-07-05 07:12:10.666383,20.66,72.55,26.55,5.84,0.51,392.14,40.0,0,normal
2026-07-09 16:12:10.672486,24.96,79.86,25.63,6.27,0.66,681.94,100.0,0,normal
2026-10-20 13:12:10.817818,22.78,72.8,23.88,6.01,0.94,594.53,40.0,0,normal
2027-04-05 20:12:11.066087,24.14,74.57,24.13,5.69,1.07,554.32,40.0,0,normal
2027-01-09 21:12:10.939554,20.54,77.15,23.05,6.16,1.26,746.95,100.0,0,normal
2027-03-17 17:12:11.036645,26.34,71.36,26.39,6.02,0.81,798.23,100.0,0,normal
2026-11-25 04:12:10.871765,26.42,65.0,25.22,5.95,1.05,551.21,40.0,0,normal
2027-03-20 19:12:11.041072,21.09,77.32,25.77,5.74,0.74,594.22,40.0,0,normal
2026-12-15 13:12:10.902108,23.86,74.67,25.14,5.81,0.4,762.92,100.0,0,normal
2027-05-04 08:12:11.107002,21.96,65.0,24.61,5.91,0.79,232.42,40.0,0,normal
2026-06-24 11:12:11.206162,23.5,75.0,25.0,6.15,0.75,0.91,0.0,1,low_light
2026-12-14 03:12:10.899841,25.99,74.33,25.62,6.26,1.33,505.25,40.0,0,normal
2026-09-14 23:12:10.765777,27.12,79.57,25.83,5.71,0.58,168.95,40.0,0,normal
2026-06-20 22:12:10.646997,28.28,80.54,27.0,6.06,0.75,546.38,40.0,0,normal
2026-09-03 07:12:10.749141,23.05,77.55,24.11,6.1,0.81,691.71,100.0,0,normal
2026-11-19 17:12:10.863775,21.93,78.37,27.0,6.09,0.79,760.05,100.0,0,normal
2026-11-11 20:12:10.850676,25.92,79.22,25.86,5.84,1.2,220.0,40.0,0,normal
2027-04-23 19:12:11.092072,26.43,75.04,25.38,5.78,0.0,949.34,100.0,0,normal
2026-06-14 01:12:11.204052,23.5,75.0,28.72,6.15,0.75,600.0,50.0,1,overwater
2026-06-07 12:12:10.627484,21.95,66.37,24.7,6.47,1.25,919.53,100.0,0,normal
2027-03-17 11:12:11.036304,24.28,73.26,25.06,6.06,1.15,498.42,40.0,0,normal
2026-06-22 23:12:11.204863,23.5,75.0,25.0,6.15,8.44,600.0,2.82,1,high_salinity
2026-11-25 05:12:10.871821,23.76,82.21,27.0,5.94,0.61,716.05,100.0,0,normal
2026-07-17 22:12:10.683541,24.45,73.64,25.89,6.47,1.5,651.39,100.0,0,normal
2026-06-09 20:12:11.201058,37.84,46.31,25.0,6.15,0.75,600.0,0.0,1,high_temp
2027-05-23 04:12:11.135273,21.58,76.3,26.26,5.79,0.99,467.35,40.0,0,normal
2027-01-23 14:12:10.957984,24.19,77.79,23.77,6.51,0.73,457.37,40.0,0,normal
2026-12-15 01:12:10.901298,21.01,65.0,24.1,5.8,0.46,445.18,40.0,0,normal
2026-09-20 11:12:10.773403,25.59,70.51,25.97,6.0,0.69,690.42,100.0,0,normal
2027-01-12 05:12:10.942651,27.96,76.01,23.76,6.14,0.65,752.94,100.0,0,normal
2026-10-25 23:12:10.825383,23.36,74.38,26.25,6.31,1.12,728.2,100.0,0,normal
2026-10-12 09:12:10.805840,19.98,71.22,25.23,5.78,0.47,402.29,40.0,0,normal
2027-03-24 14:12:11.047064,19.17,81.01,25.79,5.73,0.67,261.51,40.0,0,normal
2027-03-01 15:12:11.011824,18.23,71.63,26.0,5.98,0.58,443.7,40.0,0,normal
2026-08-19 08:12:10.728302,24.28,67.52,25.63,5.64,0.68,769.68,100.0,0,normal
2026-12-20 17:12:10.909681,23.59,77.07,25.29,6.46,0.65,829.24,100.0,0,normal
2026-12-19 10:12:10.907868,27.75,78.97,25.74,6.02,0.79,455.34,40.0,0,normal
2026-07-26 12:12:10.695942,24.04,85.0,23.61,6.04,0.71,530.71,40.0,0,normal
2026-11-08 00:12:10.844306,18.16,85.0,25.95,6.05,0.57,568.82,40.0,0,normal
2026-07-07 19:12:10.669885,22.34,80.2,24.28,6.06,0.69,608.01,100.0,0,normal
2026-09-15 03:12:10.765990,23.49,71.73,23.78,6.07,0.14,521.29,40.0,0,normal
2026-09-22 16:12:10.776798,27.53,82.82,24.58,5.5,0.2,685.58,100.0,0,normal
2026-09-03 09:12:10.749264,22.08,78.68,26.56,6.66,0.13,114.0,40.0,0,normal
2027-01-26 13:12:10.961897,21.29,66.56,24.55,5.97,0.33,604.67,100.0,0,normal
2027-05-26 12:12:11.140756,18.04,82.69,25.58,5.85,0.8,1220.81,100.0,0,normal
2027-03-16 13:12:11.035077,20.81,78.22,23.59,6.62,1.1,307.75,40.0,0,normal
2026-06-21 09:12:10.647620,22.78,80.96,25.77,6.12,0.23,819.08,100.0,0,normal
2027-04-03 04:12:11.062023,29.65,75.26,25.17,5.82,0.77,467.58,40.0,0,normal
2027-04-01 08:12:11.058597,18.57,72.84,24.97,6.07,0.72,406.32,40.0,0,normal
2026-06-08 05:12:10.628485,23.04,81.19,24.29,6.03,0.69,1102.7,100.0,0,normal
2027-01-16 10:12:10.948523,25.44,85.0,25.36,6.8,0.82,776.46,100.0,0,normal
2027-04-06 13:12:11.067032,29.38,66.23,24.76,6.04,1.0,614.28,100.0,0,normal
2026-06-25 10:12:10.653242,26.21,77.52,25.21,6.13,0.77,744.08,100.0,0,normal
2026-10-05 04:12:10.795156,20.66,77.58,24.51,6.77,1.23,786.0,100.0,0,normal
2026-11-03 15:12:10.837760,23.07,80.17,23.92,6.37,0.24,797.94,100.0,0,normal
2027-05-24 01:12:11.136483,23.14,70.65,25.23,6.8,0.68,176.18,40.0,0,normal
2027-05-03 03:12:11.105159,22.31,85.0,25.29,6.2,1.39,388.13,40.0,0,normal
2026-06-08 10:12:10.628772,26.95,72.43,26.15,6.4,0.51,484.69,40.0,0,normal
2027-02-27 05:12:11.008074,21.59,71.5,24.74,6.06,1.18,463.6,40.0,0,normal
2027-05-30 16:12:11.147293,21.64,79.74,27.0,5.78,1.26,966.85,100.0,0,normal
2026-08-16 19:12:10.724905,27.41,70.97,25.54,5.76,0.85,766.01,100.0,0,normal
2027-05-29 18:12:11.145631,30.0,76.56,25.56,6.07,0.72,906.99,100.0,0,normal
2026-10-09 14:12:10.801724,21.44,72.1,24.95,6.25,0.79,460.46,40.0,0,normal
2027-01-15 15:12:10.947344,18.91,73.99,25.87,6.3,0.6,700.94,100.0,0,normal
2026-11-09 04:12:10.846146,24.06,75.28,25.34,6.48,1.32,778.17,100.0,0,normal
2026-11-20 13:12:10.864974,17.0,77.65,24.11,6.08,0.77,949.15,100.0,0,normal
2027-04-08 20:12:11.070498,21.34,80.54,25.09,5.72,1.22,559.1,40.0,0,normal
2026-07-05 11:12:10.666618,26.31,70.92,23.0,6.01,0.59,833.93,100.0,0,normal
2026-11-01 02:12:10.834100,25.65,74.72,24.27,6.45,0.58,552.58,40.0,0,normal
2027-01-07 17:12:10.936576,24.64,72.53,23.82,6.45,0.77,699.6,100.0,0,normal
2027-04-20 11:12:11.087402,23.02,81.86,24.41,6.21,0.71,869.29,100.0,0,normal
2027-01-01 12:12:10.927686,26.41,75.73,24.2,6.66,0.88,749.45,100.0,0,normal
2027-01-15 21:12:10.947693,26.86,77.97,24.69,6.31,0.97,704.25,100.0,0,normal
2026-09-13 03:12:10.762968,24.0,72.01,26.19,6.06,0.91,417.99,40.0,0,normal
2026-12-18 13:12:10.906609,24.05,77.03,24.87,5.86,0.65,462.64,40.0,0,normal
2026-11-04 17:12:10.839199,24.39,83.28,25.75,5.83,0.9,759.59,100.0,0,normal
2026-08-31 04:12:10.745005,24.03,74.8,25.5,5.92,0.62,475.64,40.0,0,normal
2027-03-02 18:12:11.013590,25.1,83.19,24.96,6.18,0.91,362.56,40.0,0,normal
2026-07-31 08:12:10.702383,20.78,70.57,26.15,5.75,0.85,853.3,100.0,0,normal
2026-06-26 12:12:10.654704,25.94,71.04,25.64,5.8,0.78,719.45,100.0,0,normal
2027-02-08 16:12:10.980760,27.12,72.47,25.68,6.12,1.11,634.15,100.0,0,normal
2027-06-04 16:12:11.154426,23.22,65.0,24.17,6.25,0.57,449.5,40.0,0,normal
2027-01-21 23:12:10.955830,22.74,67.05,24.7,6.12,0.71,243.5,40.0,0,normal
2027-05-12 08:12:11.118598,28.18,69.57,25.63,6.45,0.54,601.17,100.0,0,normal
2026-09-17 08:12:10.768974,23.52,85.0,24.22,6.02,0.39,494.76,40.0,0,normal
2026-11-30 04:12:10.878999,19.18,74.16,23.47,6.2,0.89,720.28,100.0,0,normal
2026-06-22 05:12:11.201263,33.63,52.83,25.0,6.15,0.75,600.0,42.0,1,high_temp
2027-06-09 16:12:11.162233,24.58,75.31,24.43,5.78,0.56,460.78,40.0,0,normal
2026-09-02 18:12:10.748428,22.09,78.91,23.0,5.83,1.04,700.42,100.0,0,normal
2027-03-05 18:12:11.017999,24.73,80.96,24.72,5.79,0.95,733.16,100.0,0,normal
2027-03-25 23:12:11.048894,22.86,77.6,25.51,6.08,0.78,739.37,100.0,0,normal
2026-09-17 18:12:10.769526,21.77,69.16,25.27,6.01,1.13,579.64,40.0,0,normal
2027-02-23 18:12:11.003139,23.07,73.47,26.2,6.18,0.8,810.81,100.0,0,normal
2027-01-22 02:12:10.955993,25.73,71.42,25.17,6.36,0.68,596.17,40.0,0,normal
2026-11-23 13:12:10.869483,27.68,74.37,23.98,6.48,1.35,544.97,40.0,0,normal
2027-03-27 06:12:11.050701,19.93,76.1,25.75,6.1,1.05,628.22,100.0,0,normal
2027-02-16 05:12:10.991838,20.42,69.84,23.37,6.02,1.11,736.94,100.0,0,normal
2026-09-02 08:12:10.747869,23.07,76.93,25.07,6.44,1.42,465.97,40.0,0,normal
2027-02-21 18:12:10.999983,27.58,81.82,24.84,6.24,1.14,721.35,100.0,0,normal
2026-08-19 06:12:10.728184,28.86,75.39,26.15,6.65,0.77,453.68,40.0,0,normal
2026-12-24 05:12:10.914381,27.41,77.02,25.3,6.43,0.89,550.23,40.0,0,normal
2026-06-02 14:12:11.203468,23.5,75.0,34.36,6.15,0.75,600.0,0.0,1,overwater
2026-09-13 09:12:10.763564,23.29,68.75,25.69,6.09,0.42,227.22,40.0,0,normal
2027-03-20 06:12:11.040278,27.45,78.9,25.76,6.1,0.22,475.42,40.0,0,normal
2026-10-15 03:12:10.809961,24.38,73.4,26.07,6.27,0.89,693.14,100.0,0,normal
2026-07-31 00:12:10.701947,21.09,74.78,26.13,5.61,1.05,734.34,100.0,0,normal
2026-11-15 02:12:10.855833,23.83,81.34,25.17,6.2,1.0,567.79,40.0,0,normal
2026-09-30 04:12:10.787744,27.74,70.44,24.37,5.71,1.11,361.06,40.0,0,normal
2027-04-25 19:12:11.094809,26.3,67.64,25.89,6.0,0.19,655.64,100.0,0,normal
2027-03-09 21:12:11.025050,22.35,79.59,25.88,6.18,0.6,332.92,40.0,0,normal
2026-06-15 05:12:10.638969,23.81,78.54,24.69,6.1,0.81,643.92,100.0,0,normal
2026-11-07 15:12:10.843805,26.62,82.91,24.17,5.89,1.14,563.49,40.0,0,normal
2026-10-08 08:12:10.799571,29.41,70.12,25.09,6.08,0.38,742.71,100.0,0,normal
2027-03-26 13:12:11.049767,26.09,71.71,24.2,6.0,1.22,949.27,100.0,0,normal
2026-10-22 01:12:10.819935,28.07,76.71,23.0,5.96,0.55,575.72,40.0,0,normal
2026-06-14 08:12:10.637668,19.02,67.43,25.18,6.33,1.06,772.78,100.0,0,normal
2026-12-26 06:12:10.917172,17.0,82.42,24.52,5.5,0.96,890.52,100.0,0,normal
2027-04-12 06:12:11.075474,25.41,72.42,26.22,5.88,0.98,541.47,40.0,0,normal
2026-06-12 09:12:10.634683,20.39,71.79,26.97,5.7,0.96,690.88,100.0,0,normal
2026-07-06 02:12:10.667453,24.7,73.36,26.51,5.86,1.11,429.91,40.0,0,normal
2026-07-30 09:12:10.701121,24.61,75.55,25.17,6.25,0.64,480.07,40.0,0,normal
2027-06-09 13:12:11.162070,21.67,81.41,23.52,6.42,0.52,762.37,100.0,0,normal
2026-08-10 12:12:10.716061,25.86,68.32,25.17,6.25,0.56,652.16,100.0,0,normal
2026-06-24 11:12:11.202880,23.5,75.0,17.14,6.15,2.88,600.0,40.37,1,drought
2026-07-08 23:12:10.671536,21.99,79.05,26.11,6.22,1.09,386.19,40.0,0,normal
2026-09-17 07:12:10.768920,23.37,72.49,24.26,5.89,0.68,753.53,100.0,0,normal
2027-01-24 22:12:10.959758,24.41,83.32,24.1,6.05,1.28,632.85,100.0,0,normal
2027-05-03 05:12:11.105268,26.43,85.0,24.06,6.17,0.88,892.01,100.0,0,normal
2027-05-29 05:12:11.144904,24.54,83.01,25.1,5.97,0.5,275.78,40.0,0,normal
2026-06-21 05:12:11.204374,23.5,75.0,25.0,6.15,3.49,600.0,72.08,1,high_salinity
2026-12-23 18:12:10.913779,17.56,83.6,26.12,5.56,0.93,868.11,100.0,0,normal
2026-06-25 15:12:10.653544,24.5,75.97,26.48,6.29,0.44,300.96,40.0,0,normal
2027-05-03 08:12:11.105636,29.52,71.43,24.72,5.73,0.52,125.85,40.0,0,normal
2026-12-06 01:12:10.887941,28.08,78.74,23.73,6.18,0.23,628.64,100.0,0,normal
2026-06-16 18:12:11.203646,23.5,75.0,33.31,6.15,0.75,600.0,0.0,1,overwater
2026-06-17 12:12:10.642397,19.37,74.48,23.67,6.31,0.8,632.11,100.0,0,normal
2026-11-24 02:12:10.870237,26.84,73.42,25.68,6.2,1.23,362.61,40.0,0,normal
2027-03-01 08:12:11.011436,19.08,78.97,24.69,6.49,0.45,389.55,40.0,0,normal
2027-04-19 20:12:11.086550,18.43,74.35,24.73,5.86,0.99,777.1,100.0,0,normal
2027-03-13 00:12:11.029857,25.59,75.73,24.82,6.05,0.62,660.48,100.0,0,normal
2027-03-08 07:12:11.022551,25.53,77.27,23.28,5.68,0.53,631.24,100.0,0,normal
2026-11-10 15:12:10.848517,21.96,70.03,25.75,5.95,0.88,596.83,40.0,0,normal
2027-03-10 20:12:11.026474,26.22,77.9,26.5,6.41,0.0,711.54,100.0,0,normal
2027-06-08 16:12:11.160905,23.46,75.36,24.11,6.09,0.12,530.04,40.0,0,normal
2026-06-27 13:12:10.656086,21.0,69.59,23.0,6.51,1.17,642.06,100.0,0,normal
2026-12-10 22:12:10.895322,23.76,82.07,24.31,6.25,1.15,190.92,40.0,0,normal
2026-12-29 12:12:10.923123,24.91,71.76,25.71,5.5,1.17,853.6,100.0,0,normal
2026-12-25 15:12:10.916310,27.94,75.89,25.4,6.69,0.67,813.45,100.0,0,normal
2026-05-22 05:12:10.600642,22.98,82.1,24.36,5.5,0.87,294.6,40.0,0,normal
2026-09-26 04:12:10.782123,21.3,78.78,23.79,5.8,0.92,713.1,100.0,0,normal
2027-01-14 04:12:10.945231,21.36,75.33,25.83,5.94,0.65,821.29,100.0,0,normal
2026-09-29 05:12:10.786479,23.06,71.39,27.0,5.83,0.95,268.6,40.0,0,normal
2026-09-02 20:12:10.748535,22.31,83.49,23.19,6.51,0.8,607.78,100.0,0,normal
2026-10-29 15:12:10.830493,19.47,68.6,27.0,5.51,0.94,472.79,40.0,0,normal
2026-12-07 02:12:10.889545,23.6,69.33,25.81,5.99,0.47,925.55,100.0,0,normal
2027-03-30 22:12:11.055988,22.63,72.22,25.56,6.05,0.41,684.36,100.0,0,normal
2027-02-15 02:12:10.990216,23.26,76.04,23.8,6.48,0.59,681.5,100.0,0,normal
2027-02-08 06:12:10.979981,26.46,67.57,26.18,6.64,0.39,883.32,100.0,0,normal
2026-07-08 21:12:10.671425,22.91,72.34,24.57,6.29,0.68,870.18,100.0,0,normal
2026-06-14 23:12:10.638623,22.03,69.17,24.64,6.48,0.89,848.11,100.0,0,normal
2026-10-26 02:12:10.825577,20.73,74.44,23.98,6.32,0.66,522.11,40.0,0,normal
2026-11-10 19:12:10.848738,24.97,69.64,23.88,6.42,0.62,500.63,40.0,0,normal
2026-06-26 14:12:10.654819,18.23,77.46,25.05,6.24,1.23,788.82,100.0,0,normal
2027-01-23 16:12:10.958092,24.39,76.37,24.83,5.93,0.91,865.86,100.0,0,normal
2027-06-15 23:12:11.171922,21.14,79.1,25.35,6.38,0.81,513.53,40.0,0,normal
2027-02-21 15:12:10.999807,26.54,78.66,24.41,6.25,0.99,671.19,100.0,0,normal
2027-01-27 03:12:10.962674,22.17,67.2,27.0,5.75,0.28,569.17,40.0,0,normal
2027-06-07 20:12:11.159002,22.71,75.36,23.0,6.22,0.61,400.83,40.0,0,normal
2026-11-25 08:12:10.871987,20.53,71.52,26.26,6.07,0.83,523.92,40.0,0,normal
2027-04-27 14:12:11.097360,22.42,70.08,24.71,5.84,1.34,464.25,40.0,0,normal
2027-02-23 08:12:11.002214,20.57,80.51,24.97,6.0,0.91,1093.55,100.0,0,normal
2026-08-28 17:12:10.741776,24.58,79.66,25.6,6.23,0.77,560.71,40.0,0,normal
2026-12-07 05:12:10.889735,26.16,78.96,27.0,6.8,0.34,615.1,100.0,0,normal
2027-04-20 01:12:11.086845,22.74,71.5,25.73,6.37,0.55,691.73,100.0,0,normal
2026-09-21 23:12:10.775556,21.5,70.23,24.91,6.14,1.25,404.84,40.0,0,normal
2027-01-11 10:12:10.941598,20.51,67.98,23.61,5.97,0.65,400.76,40.0,0,normal
2027-03-08 12:12:11.023068,22.77,69.49,23.52,5.92,0.77,769.65,100.0,0,normal
2027-05-20 05:12:11.130924,22.69,67.96,23.67,5.64,0.24,566.88,40.0,0,normal
2026-08-06 18:12:10.710952,23.37,65.52,24.57,6.4,1.07,577.69,40.0,0,normal
2027-01-26 11:12:10.961790,26.28,85.0,25.8,6.2,1.22,628.72,100.0,0,normal
2026-06-13 10:12:10.636248,22.9,82.85,25.86,6.02,0.52,595.9,40.0,0,normal
2026-09-15 23:12:10.767159,30.0,75.45,23.47,5.73,0.57,669.24,100.0,0,normal
2027-01-18 18:12:10.951599,20.36,80.51,24.06,6.8,1.07,540.71,40.0,0,normal
2027-01-10 05:12:10.940000,23.57,73.42,25.44,6.53,0.43,409.01,40.0,0,normal
2027-03-18 07:12:11.037515,19.57,75.26,25.14,5.5,1.37,535.24,40.0,0,normal
2027-03-24 00:12:11.046279,23.44,81.27,24.39,6.66,0.78,499.26,40.0,0,normal
2027-04-02 01:12:11.060056,25.79,71.52,24.94,5.79,0.52,789.9,100.0,0,normal
2027-04-24 09:12:11.092856,22.67,73.81,24.93,6.29,0.99,284.58,40.0,0,normal
2026-06-23 17:12:10.650812,25.35,73.7,23.49,5.58,0.91,459.18,40.0,0,normal
2026-07-19 18:12:10.686172,22.23,84.98,25.35,5.76,0.37,708.92,100.0,0,normal
2026-05-28 11:12:10.611788,20.62,77.04,24.52,6.41,0.27,790.39,100.0,0,normal
2027-04-12 07:12:11.075528,18.27,83.83,25.63,6.25,0.71,411.75,40.0,0,normal
2026-09-24 10:12:10.779246,27.43,70.12,26.46,5.78,0.83,651.47,100.0,0,normal
2026-07-31 07:12:10.702329,24.24,78.75,26.74,6.25,1.0,546.0,40.0,0,normal
2026-11-05 07:12:10.839987,28.46,74.7,25.59,6.41,1.0,831.98,100.0,0,normal
2027-03-28 16:12:11.052888,22.57,72.76,23.9,5.83,0.91,578.8,40.0,0,normal
2026-10-30 00:12:10.831143,22.69,73.05,23.39,5.54,1.1,461.01,40.0,0,normal
2026-09-12 22:12:10.762506,25.66,69.45,24.14,5.91,0.69,461.53,40.0,0,normal
2026-08-09 00:12:10.714071,17.77,83.11,24.46,5.93,0.85,574.46,40.0,0,normal
2027-01-03 19:12:10.930918,23.96,77.4,25.21,6.11,1.01,520.22,40.0,0,normal
2026-06-14 18:12:10.638282,22.97,66.05,26.69,5.79,0.69,628.37,100.0,0,normal
2027-02-25 14:12:11.005739,21.21,72.46,24.21,6.31,0.99,867.83,100.0,0,normal
2027-01-20 23:12:10.954509,21.33,72.96,26.53,6.77,0.71,19.33,40.0,0,normal
2026-08-05 17:12:10.709547,21.98,65.0,26.68,6.0,0.39,469.64,40.0,0,normal
2027-05-03 16:12:11.106113,25.36,79.09,23.53,6.25,0.25,1003.35,100.0,0,normal
2026-10-10 11:12:10.803160,26.45,74.26,25.02,5.5,0.84,473.66,40.0,0,normal
2026-10-07 16:12:10.798687,24.75,85.0,26.71,6.69,0.61,666.19,100.0,0,normal
2026-06-14 00:12:11.206535,34.96,75.0,13.8,6.15,2.68,600.0,25.04,1,combined_stress
2027-01-31 07:12:10.968259,21.97,71.16,25.78,6.38,0.47,807.69,100.0,0,normal
2026-09-23 00:12:10.777234,22.72,77.24,25.72,6.51,0.75,268.92,40.0,0,normal
2026-07-01 21:12:10.661862,27.23,75.58,23.47,6.53,0.92,925.74,100.0,0,normal
2026-05-29 23:12:10.614477,23.06,76.11,24.22,6.24,1.24,121.6,40.0,0,normal
2027-06-14 20:12:11.169647,21.67,79.06,25.63,5.5,0.47,944.44,100.0,0,normal
2026-12-20 01:12:10.908717,17.14,75.54,24.92,6.54,0.82,729.8,100.0,0,normal
2026-06-20 04:12:10.646013,22.37,72.83,23.61,6.05,0.81,647.56,100.0,0,normal
2026-06-02 21:12:11.204042,23.5,75.0,28.69,6.15,0.75,600.0,50.0,1,overwater
2026-06-16 07:12:10.640767,26.38,77.29,25.29,5.98,0.74,355.12,40.0,0,normal
2026-06-03 14:12:10.621257,28.11,81.55,25.42,6.32,1.26,929.5,100.0,0,normal
2026-10-11 13:12:10.804691,23.43,82.91,25.38,5.76,0.86,629.59,100.0,0,normal
2026-05-30 14:12:11.204546,23.5,75.0,25.0,6.15,3.57,600.0,71.05,1,high_salinity
2026-07-05 05:12:10.666276,24.55,72.38,26.01,5.62,1.5,389.49,40.0,0,normal
2026-10-12 13:12:10.806061,23.84,81.86,24.28,6.19,0.56,337.42,40.0,0,normal
2026-07-05 14:12:10.666780,27.38,76.37,25.07,6.56,1.27,17.3,0.0,0,normal
2026-08-21 22:12:10.731949,21.73,77.36,25.23,5.68,0.42,924.37,100.0,0,normal
2027-06-19 04:12:11.177959,30.0,67.04,25.92,6.45,0.73,953.56,100.0,0,normal
2027-03-23 20:12:11.046064,19.3,73.91,25.12,5.8,0.81,721.08,100.0,0,normal
2027-04-29 01:12:11.099345,24.69,73.5,23.36,5.77,1.07,825.64,100.0,0,normal
2027-04-07 00:12:11.067862,30.0,76.13,24.81,6.29,0.37,886.48,100.0,0,normal
2026-12-01 11:12:10.880999,22.43,85.0,25.83,6.25,1.07,700.7,100.0,0,normal
2027-04-07 04:12:11.068104,18.95,75.74,24.74,6.07,0.61,662.41,100.0,0,normal
2027-06-01 08:12:11.149744,25.49,72.79,24.05,6.45,0.85,289.91,40.0,0,normal
2027-04-20 05:12:11.087059,24.93,71.04,24.72,6.33,1.12,264.95,40.0,0,normal
2027-01-10 09:12:10.940218,21.58,78.96,25.98,5.77,0.45,413.37,40.0,0,normal
2027-06-07 08:12:11.158233,23.71,66.51,27.0,5.6,1.22,691.24,100.0,0,normal
2027-03-10 15:12:11.026202,23.49,82.17,26.49,6.04,0.99,800.91,100.0,0,normal
2026-12-11 22:12:10.896755,28.96,75.44,25.78,5.59,1.47,437.56,40.0,0,normal
2026-05-31 10:12:10.616629,20.16,78.0,26.25,6.14,0.56,198.48,40.0,0,normal
2026-10-08 19:12:10.800185,27.68,77.78,24.87,6.59,0.75,596.63,40.0,0,normal
2027-01-22 16:12:10.956773,23.87,74.28,24.47,6.09,0.6,616.3,100.0,0,normal
2027-05-21 19:12:11.133172,21.33,73.12,25.98,6.11,0.8,975.99,100.0,0,normal
2026-10-12 05:12:10.805596,23.99,77.59,24.78,6.35,0.0,581.0,40.0,0,normal
2026-07-31 14:12:10.702706,18.85,74.78,25.3,5.82,0.5,489.32,40.0,0,normal
2027-03-05 06:12:11.017269,25.71,70.06,23.29,6.29,1.02,714.18,100.0,0,normal
2026-07-04 14:12:10.665468,20.38,68.95,25.38,6.06,0.43,760.55,100.0,0,normal
2026-10-12 15:12:10.806184,23.6,66.46,24.57,6.05,0.36,410.64,40.0,0,normal
2027-04-22 11:12:11.090146,24.4,73.72,24.18,6.42,0.73,433.57,40.0,0,normal
2027-06-07 03:12:11.157904,27.23,75.43,24.92,5.83,0.72,506.09,40.0,0,normal
2026-06-12 01:12:11.206521,33.28,75.0,16.94,6.15,2.14,600.0,27.31,1,combined_stress
2026-12-05 08:12:10.886989,23.74,68.78,24.92,6.25,0.38,508.4,40.0,0,normal
2026-11-25 09:12:10.872043,22.06,77.33,25.74,5.5,0.09,699.02,100.0,0,normal
2026-07-11 19:12:10.675308,23.91,83.91,24.05,6.62,1.0,655.84,100.0,0,normal
2027-01-27 16:12:10.963381,22.69,67.39,23.03,6.26,0.58,693.86,100.0,0,normal
2026-06-11 05:12:11.203656,23.5,75.0,29.85,6.15,0.75,600.0,50.0,1,overwater
2026-11-04 04:12:10.838463,20.17,72.02,26.03,6.24,0.67,870.34,100.0,0,normal
2026-12-12 16:12:10.897828,28.79,72.17,24.57,6.53,1.09,395.29,40.0,0,normal
2027-06-21 13:12:11.181407,25.92,75.51,25.01,5.55,0.62,581.16,40.0,0,normal
2026-11-25 06:12:10.871876,27.33,75.75,24.03,6.34,0.81,783.4,100.0,0,normal
2027-03-07 09:12:11.021321,22.31,72.65,26.07,5.84,0.56,465.86,40.0,0,normal
2027-01-14 12:12:10.945662,25.88,67.51,24.27,5.78,1.5,930.53,100.0,0,normal
2027-05-05 01:12:11.108092,25.62,71.77,23.83,6.0,0.84,944.17,100.0,0,normal
2026-06-30 21:12:10.660537,20.59,70.53,24.81,5.95,0.44,768.29,100.0,0,normal
2026-09-18 14:12:10.770771,26.33,77.64,25.53,5.96,0.87,620.12,100.0,0,normal
2026-11-22 18:12:10.868372,23.98,83.66,24.86,5.83,0.54,807.92,100.0,0,normal
2026-12-15 06:12:10.901632,22.8,74.61,26.31,6.07,0.42,754.19,100.0,0,normal
2026-09-22 10:12:10.776160,24.74,72.79,25.2,6.01,0.67,566.51,40.0,0,normal
2026-08-21 17:12:10.731571,22.23,72.84,24.65,5.72,1.08,323.64,40.0,0,normal
2026-05-26 03:12:10.607221,22.29,80.42,26.58,6.36,0.91,550.95,40.0,0,normal
2026-06-24 08:12:11.205136,23.5,75.0,25.0,5.07,0.75,600.0,60.0,1,ph_acidic
2026-09-05 14:12:10.752158,22.23,74.02,25.78,6.12,1.27,403.83,40.0,0,normal
2027-05-08 22:12:11.113784,24.85,74.76,23.13,6.5,0.62,379.64,40.0,0,normal
2026-11-13 00:12:10.852894,18.22,80.99,23.87,6.4,0.83,390.13,40.0,0,normal
2026-06-27 02:12:11.202444,23.5,75.0,10.58,6.15,2.95,600.0,0.0,1,drought
2027-01-07 20:12:10.936766,18.38,72.95,23.0,5.7,0.69,600.43,100.0,0,normal
2026-07-29 17:12:10.700232,24.3,77.75,25.87,6.0,0.87,617.93,100.0,0,normal
2027-02-04 06:12:10.974065,28.03,78.17,23.0,6.45,0.87,749.32,100.0,0,normal
2027-02-08 08:12:10.980088,17.98,69.49,23.58,6.34,0.48,614.08,100.0,0,normal
2026-11-25 12:12:10.872210,20.01,73.8,25.21,6.26,0.13,678.2,100.0,0,normal
2026-07-09 03:12:10.671753,26.9,80.05,25.33,5.84,1.05,628.46,100.0,0,normal
2026-08-24 00:12:10.734725,26.49,81.27,25.99,6.02,1.24,368.58,40.0,0,normal
2026-10-01 03:12:10.789125,20.34,74.36,23.98,6.32,0.58,436.46,40.0,0,normal
2027-03-26 09:12:11.049528,25.48,71.72,26.7,6.27,0.17,731.55,100.0,0,normal
2027-03-16 07:12:11.034736,25.77,75.4,24.57,6.06,0.2,496.99,40.0,0,normal
2026-09-28 13:12:10.785505,22.73,73.34,26.23,5.5,0.72,499.02,40.0,0,normal
2026-11-27 13:12:10.875175,27.98,68.4,25.98,6.28,0.82,481.73,40.0,0,normal
2027-01-03 00:12:10.929790,22.46,68.17,25.4,6.61,0.62,597.47,40.0,0,normal
2026-08-15 10:12:10.722986,18.44,67.32,23.97,6.22,0.97,844.32,100.0,0,normal
2027-06-09 17:12:11.162287,28.03,72.66,23.74,6.45,0.56,664.32,100.0,0,normal
2027-05-24 08:12:11.137082,26.32,74.64,24.65,5.78,0.48,351.63,40.0,0,normal
2026-07-01 02:12:11.204470,23.5,75.0,25.0,6.15,1.61,600.0,98.52,1,high_salinity
2026-06-01 23:12:10.618969,20.87,77.9,27.0,5.77,0.29,597.34,40.0,0,normal
2026-11-07 06:12:10.842771,22.52,74.75,24.41,6.49,0.76,529.88,40.0,0,normal
2027-01-07 15:12:10.936458,17.53,81.86,26.5,6.04,1.17,744.21,100.0,0,normal
2027-02-21 17:12:10.999927,28.78,71.69,25.24,6.25,0.7,780.18,100.0,0,normal
2027-04-25 09:12:11.094270,26.16,76.53,24.91,6.26,0.85,847.4,100.0,0,normal
2027-04-26 20:12:11.096351,25.19,80.17,23.85,5.94,0.74,769.97,100.0,0,normal
2026-08-05 03:12:10.708770,21.81,77.17,25.36,6.48,0.7,531.0,40.0,0,normal
2026-12-05 09:12:10.887042,20.63,73.74,25.19,6.04,1.19,925.14,100.0,0,normal
2026-08-29 10:12:10.742707,27.27,79.18,26.73,6.11,0.98,470.98,40.0,0,normal
2027-02-24 23:12:11.004892,26.78,84.9,26.84,6.54,0.99,592.53,40.0,0,normal
2027-01-17 00:12:10.949271,22.46,81.2,25.06,5.81,0.68,237.53,40.0,0,normal
2026-08-11 16:12:10.717605,25.83,67.41,24.37,6.31,0.68,857.13,100.0,0,normal
2026-09-23 01:12:10.777288,18.52,83.45,26.16,6.22,0.61,636.74,100.0,0,normal
2027-05-18 17:12:11.128545,25.8,68.26,25.33,6.29,0.96,717.29,100.0,0,normal
2026-08-06 20:12:10.711059,21.59,69.34,26.59,6.21,0.67,778.97,100.0,0,normal
2026-08-02 07:12:10.705002,23.13,65.0,24.65,6.8,0.64,1063.82,100.0,0,normal
2026-09-20 08:12:10.773222,20.47,77.3,27.0,6.42,0.96,534.56,40.0,0,normal
2027-05-04 11:12:11.107273,22.12,74.73,23.92,6.66,0.09,622.84,100.0,0,normal
2026-08-12 19:12:10.719369,22.14,76.94,26.5,6.15,1.16,603.51,100.0,0,normal
2026-06-27 18:12:11.201519,36.9,47.63,25.0,6.15,0.75,600.0,0.0,1,high_temp
2027-02-18 19:12:10.995780,21.95,78.7,24.95,6.27,0.91,617.46,100.0,0,normal
2027-03-13 19:12:11.031084,21.77,65.0,25.91,6.13,0.31,479.77,40.0,0,normal
2026-09-16 04:12:10.767447,22.5,83.08,25.16,6.17,1.2,910.54,100.0,0,normal
2026-06-18 12:12:10.643795,27.65,73.97,25.35,5.75,1.36,662.31,100.0,0,normal
2026-09-03 16:12:10.749641,24.3,68.17,26.67,6.14,0.19,440.35,40.0,0,normal
2026-11-16 11:12:10.857985,23.49,76.76,24.29,6.13,0.99,330.24,40.0,0,normal
2027-06-15 04:12:11.170078,19.64,79.79,24.26,6.53,0.73,396.05,40.0,0,normal
2027-05-23 17:12:11.136024,23.9,76.59,25.71,6.19,0.42,912.55,100.0,0,normal
2027-02-08 00:12:10.979641,18.47,74.75,25.92,5.85,0.81,600.97,100.0,0,normal
2026-08-10 11:12:10.716007,28.42,72.81,24.07,6.56,0.4,616.72,100.0,0,normal
2027-03-14 22:12:11.032620,22.71,70.2,26.03,6.2,0.79,453.3,40.0,0,normal
2026-05-30 06:12:10.614883,22.86,78.34,24.4,6.42,0.74,754.63,100.0,0,normal
2027-04-11 02:12:11.073635,22.57,77.86,25.21,6.03,0.7,808.86,100.0,0,normal
2026-09-21 04:12:10.774505,22.3,78.6,24.79,5.86,0.81,492.08,40.0,0,normal
2027-04-20 13:12:11.087509,24.85,77.42,25.43,5.84,1.1,537.3,40.0,0,normal
2026-08-27 00:12:10.739529,22.68,83.71,26.6,6.72,0.6,412.64,40.0,0,normal
2026-11-20 22:12:10.865535,24.24,70.26,24.67,6.03,0.31,348.1,40.0,0,normal
2027-05-30 07:12:11.146806,23.43,74.63,26.28,5.86,1.05,736.94,100.0,0,normal
2026-11-13 19:12:10.854051,25.41,77.03,24.97,5.84,0.75,234.57,40.0,0,normal
2026-05-30 11:12:10.615317,25.83,74.4,26.21,6.13,0.94,497.76,40.0,0,normal
2026-10-15 07:12:10.810195,29.37,70.56,24.37,6.11,0.56,917.5,100.0,0,normal
2026-12-13 12:12:10.898986,22.18,66.62,25.17,5.9,0.73,506.86,40.0,0,normal
2027-01-07 16:12:10.936517,20.11,79.96,24.88,6.72,1.02,775.72,100.0,0,normal
2027-01-18 08:12:10.951037,23.74,78.04,26.17,6.21,1.47,801.37,100.0,0,normal
2026-08-01 04:12:10.703491,27.28,70.65,26.3,6.64,0.87,280.15,40.0,0,normal
2026-12-23 13:12:10.913499,17.1,65.0,24.81,6.23,0.79,518.89,40.0,0,normal
2026-12-26 18:12:10.917849,24.05,75.31,24.55,6.54,1.29,446.37,40.0,0,normal
2027-02-18 01:12:10.994706,26.2,73.61,23.34,6.61,1.05,1010.61,100.0,0,normal
2026-06-04 22:12:11.205127,23.5,75.0,25.0,4.25,0.75,600.0,0.0,1,ph_acidic
2027-01-21 00:12:10.954564,20.92,73.65,26.45,5.79,0.37,464.3,40.0,0,normal
2027-04-27 05:12:11.096848,23.46,82.69,23.53,5.94,0.82,557.23,40.0,0,normal
2026-06-26 15:12:10.654874,24.21,76.73,23.92,6.03,0.41,622.48,100.0,0,normal
2026-12-05 10:12:10.887096,23.68,84.03,25.79,6.54,0.66,594.32,40.0,0,normal
2026-06-20 03:12:10.645960,23.53,75.9,25.87,6.16,1.5,651.56,100.0,0,normal
2026-10-23 01:12:10.821321,24.09,76.01,25.01,6.77,0.24,536.5,40.0,0,normal
2026-07-29 05:12:10.699562,21.21,82.13,25.72,6.32,0.61,867.73,100.0,0,normal
2027-03-21 09:12:11.041851,21.73,70.76,23.76,6.03,0.31,407.49,40.0,0,normal
2027-04-01 19:12:11.059209,21.33,73.02,24.53,6.05,1.04,782.38,100.0,0,normal
2026-10-18 06:12:10.814615,27.68,78.18,25.51,6.36,0.24,944.98,100.0,0,normal
2026-07-14 20:12:10.679345,24.29,82.98,25.15,6.1,0.8,434.6,40.0,0,normal
2027-02-20 10:12:10.998022,24.32,73.62,26.42,5.85,0.5,639.51,100.0,0,normal
2026-08-07 06:12:10.711602,23.61,76.7,25.82,6.07,0.8,432.21,40.0,0,normal
2026-12-26 01:12:10.916893,23.45,81.62,25.96,6.55,0.6,957.66,100.0,0,normal
2026-10-25 20:12:10.825216,21.93,74.57,25.71,6.37,0.96,871.09,100.0,0,normal
2026-10-06 17:12:10.797413,23.47,78.02,24.61,5.97,1.2,202.45,40.0,0,normal
2026-07-23 08:12:10.691448,22.44,65.0,25.19,6.23,0.74,191.93,40.0,0,normal
2027-04-20 03:12:11.086952,25.09,71.34,23.92,5.5,1.04,728.85,100.0,0,normal
2026-08-13 07:12:10.720168,26.12,65.25,26.12,5.97,0.73,515.61,40.0,0,normal
2026-06-18 16:12:10.644012,24.62,72.68,26.28,6.51,1.03,893.81,100.0,0,normal
2026-10-25 05:12:10.824223,22.66,78.27,25.04,5.91,0.88,657.49,100.0,0,normal
2026-11-21 22:12:10.867029,23.21,84.89,25.36,5.88,0.47,617.33,100.0,0,normal
2027-01-07 11:12:10.936096,24.45,70.08,25.79,6.14,0.06,380.41,40.0,0,normal
2027-01-09 08:12:10.938839,23.77,71.65,24.66,6.45,0.92,656.5,100.0,0,normal
2027-05-27 22:12:11.142998,23.46,76.67,26.53,6.4,0.12,467.53,40.0,0,normal
2027-03-31 15:12:11.057203,20.9,76.17,27.0,6.1,0.52,484.07,40.0,0,normal
2027-06-20 19:12:11.180402,25.26,81.17,26.06,6.34,0.7,390.59,40.0,0,normal
2027-01-21 09:12:10.955047,27.51,80.58,24.92,6.2,0.38,842.58,100.0,0,normal
2027-02-28 09:12:11.009939,25.09,77.14,24.81,6.57,0.46,516.64,40.0,0,normal
2026-07-15 11:12:10.680174,28.46,76.05,24.8,5.77,1.42,541.42,40.0,0,normal
2027-03-26 01:12:11.049001,23.67,76.51,25.73,6.68,1.0,758.12,100.0,0,normal
2027-01-10 01:12:10.939770,30.0,71.44,25.44,5.79,0.26,463.55,40.0,0,normal
2026-05-29 20:12:11.203677,23.5,75.0,33.33,6.15,0.75,600.0,0.0,1,overwater
2026-07-30 08:12:10.701066,25.13,70.74,26.13,5.86,0.91,395.93,40.0,0,normal
2027-01-04 03:12:10.931376,24.66,74.86,24.9,6.03,0.54,365.74,40.0,0,normal
2026-06-10 23:12:11.206181,23.5,75.0,25.0,6.15,0.75,1.61,0.0,1,low_light
2026-10-20 04:12:10.817329,23.86,69.74,25.93,5.5,0.52,637.24,100.0,0,normal
2026-09-11 06:12:10.760253,18.1,74.63,24.99,5.72,0.89,575.78,40.0,0,normal
2026-05-31 07:12:11.204417,23.5,75.0,25.0,6.15,6.14,600.0,35.02,1,high_salinity
2027-01-23 12:12:10.957877,22.77,68.38,26.24,6.26,0.79,654.28,100.0,0,normal
2026-09-30 14:12:10.788307,21.69,81.69,25.12,5.89,1.06,431.26,40.0,0,normal
2027-02-23 21:12:11.003309,23.43,78.95,24.5,5.7,0.51,792.75,100.0,0,normal
2026-07-05 04:12:10.666222,27.43,76.6,25.55,6.07,0.47,557.56,40.0,0,normal
2026-12-01 05:12:10.880654,29.29,74.82,26.13,6.39,0.91,962.27,100.0,0,normal
2026-10-04 03:12:10.793614,21.57,79.52,25.54,5.54,0.67,761.22,100.0,0,normal
2026-07-30 23:12:10.701892,18.99,70.29,24.28,6.32,0.65,431.11,40.0,0,normal
2027-03-05 05:12:11.017215,17.0,76.73,27.0,6.66,1.21,784.3,100.0,0,normal
2027-02-11 15:12:10.985263,23.84,71.57,24.88,5.87,0.64,457.79,40.0,0,normal
2027-04-02 15:12:11.061267,22.51,72.6,25.92,6.21,0.29,671.62,100.0,0,normal
2026-08-03 06:12:10.706285,26.66,70.57,24.76,5.97,1.03,573.79,40.0,0,normal
2027-01-27 20:12:10.963616,26.07,70.59,25.71,5.75,0.45,698.04,100.0,0,normal
2026-12-21 05:12:10.910388,20.96,78.13,25.79,6.16,0.71,462.37,40.0,0,normal
2027-05-21 20:12:11.133229,24.71,77.42,25.64,6.37,1.5,616.93,100.0,0,normal
2027-03-26 17:12:11.049983,20.32,75.16,24.92,5.84,0.95,944.51,100.0,0,normal
2026-09-15 07:12:10.766298,17.0,82.18,23.79,5.8,0.41,813.5,100.0,0,normal
2026-06-27 00:12:10.655363,28.35,81.03,23.0,6.36,0.8,666.52,100.0,0,normal
2027-04-14 11:12:11.078571,20.18,72.74,25.33,6.04,0.6,753.32,100.0,0,normal
2026-07-22 21:12:10.690699,17.54,73.36,24.44,6.31,1.17,793.59,100.0,0,normal
2027-03-11 04:12:11.027208,20.39,70.7,24.95,5.64,0.67,493.52,40.0,0,normal
2027-04-08 18:12:11.070377,20.06,75.14,25.61,6.53,0.48,839.27,100.0,0,normal
2027-01-26 02:12:10.961291,22.07,80.73,24.94,5.5,0.75,644.05,100.0,0,normal
2026-12-21 23:12:10.911391,27.61,74.94,25.77,5.73,0.56,907.67,100.0,0,normal
2026-05-30 15:12:10.615541,25.22,75.71,25.3,6.8,0.01,807.38,100.0,0,normal
2026-11-25 01:12:10.871595,21.62,76.75,23.99,6.59,1.21,724.44,100.0,0,normal
2027-03-07 03:12:11.020978,20.16,74.19,25.54,5.72,1.05,678.59,100.0,0,normal
2027-06-03 15:12:11.152974,25.61,72.22,24.17,6.44,0.93,682.15,100.0,0,normal
2027-03-05 23:12:11.018580,23.49,75.64,23.67,5.82,0.42,670.96,100.0,0,normal
2026-06-11 23:12:10.634077,23.6,74.24,25.41,6.11,0.96,686.02,100.0,0,normal
2027-03-25 18:12:11.048624,26.16,76.35,27.0,6.09,0.65,688.12,100.0,0,normal
2026-07-03 21:12:10.664526,23.09,74.94,25.32,6.42,0.87,602.29,100.0,0,normal
2026-10-29 01:12:10.829707,23.98,78.6,25.37,6.17,1.18,257.86,40.0,0,normal
2027-04-24 23:12:11.093710,24.51,82.83,24.15,6.05,0.19,418.0,40.0,0,normal
2026-12-18 17:12:10.906879,22.7,75.6,25.05,5.7,0.48,603.61,100.0,0,normal
2026-05-25 19:12:11.204104,23.5,75.0,29.61,6.15,0.75,600.0,50.0,1,overwater
2027-04-26 19:12:11.096297,26.75,65.5,24.21,5.96,0.94,575.4,40.0,0,normal
2026-09-12 20:12:10.762399,21.78,75.32,25.97,6.56,0.51,272.28,40.0,0,normal
2027-05-31 21:12:11.149116,22.79,73.84,24.16,6.74,0.57,1016.48,100.0,0,normal
2026-09-01 07:12:10.746493,24.97,75.41,26.05,6.1,0.42,930.8,100.0,0,normal
2027-03-18 16:12:11.038022,22.09,65.0,25.61,6.08,0.74,295.67,40.0,0,normal
2026-09-28 09:12:10.785284,22.67,75.43,25.21,6.24,0.9,774.38,100.0,0,normal
2027-05-06 17:12:11.110626,21.33,72.72,25.64,5.73,0.76,364.97,40.0,0,normal
2027-02-07 15:12:10.979130,19.14,77.53,26.0,6.37,1.17,530.67,40.0,0,normal
2026-09-28 04:12:10.785009,22.57,73.26,23.19,5.75,0.46,683.2,100.0,0,normal
2027-02-03 17:12:10.973328,27.14,72.03,24.78,6.8,1.17,471.67,40.0,0,normal
2026-10-17 10:12:10.813372,22.4,75.16,24.13,6.26,1.1,740.89,100.0,0,normal
2027-01-22 13:12:10.956611,19.8,68.71,25.28,6.42,1.08,575.51,40.0,0,normal
2026-06-07 08:12:10.627225,30.0,76.09,23.47,5.9,1.09,623.25,100.0,0,normal
2027-02-26 17:12:11.007418,30.0,65.0,26.1,6.28,1.25,509.37,40.0,0,normal
2027-01-11 03:12:10.941219,23.83,73.31,25.48,5.74,0.73,323.12,40.0,0,normal
2026-12-27 03:12:10.919142,29.39,78.19,25.11,6.16,0.53,601.8,100.0,0,normal
2026-06-27 22:12:11.203288,23.5,75.0,13.09,6.15,2.15,600.0,0.0,1,drought
2026-09-11 08:12:10.760408,27.52,78.38,25.7,6.16,0.17,361.89,40.0,0,normal
2026-08-14 12:12:10.721773,20.42,82.91,27.0,6.02,1.04,605.34,100.0,0,normal
2027-01-04 16:12:10.932098,20.1,77.97,24.32,6.23,0.29,538.35,40.0,0,normal
2026-09-06 01:12:10.752782,19.42,80.56,24.39,6.17,0.36,309.28,40.0,0,normal
2027-04-20 15:12:11.087616,23.46,66.56,23.0,6.46,0.55,951.58,100.0,0,normal
2026-05-24 17:12:10.604555,27.3,69.12,24.83,5.52,0.59,579.88,40.0,0,normal
2026-08-15 23:12:10.723712,24.77,65.0,24.83,6.38,1.22,773.0,100.0,0,normal
2026-12-27 21:12:10.920255,24.25,77.53,25.93,5.99,0.28,668.59,100.0,0,normal
2027-03-18 09:12:11.037644,24.38,82.21,25.13,6.64,0.4,732.78,100.0,0,normal
2027-05-18 21:12:11.128803,25.59,70.83,24.61,5.9,0.37,376.79,40.0,0,normal
2027-05-14 04:12:11.121083,21.31,68.71,24.43,5.97,1.31,1057.59,100.0,0,normal
2027-02-09 20:12:10.982761,21.69,80.74,25.72,6.23,0.74,382.36,40.0,0,normal
2026-12-10 12:12:10.894754,17.35,79.48,24.06,6.19,0.75,57.54,40.0,0,normal
2026-12-11 16:12:10.896379,24.15,72.42,26.99,6.2,0.57,596.48,40.0,0,normal
2027-06-12 05:12:11.165973,24.76,69.62,24.32,5.59,1.08,1121.58,100.0,0,normal
2026-06-27 15:12:10.656195,23.38,74.72,24.12,5.67,0.74,577.16,40.0,0,normal
2027-05-12 10:12:11.118708,21.68,80.89,24.7,6.35,1.34,577.32,40.0,0,normal
2027-04-16 21:12:11.082150,19.86,76.76,25.75,6.16,0.72,925.45,100.0,0,normal
2027-03-04 00:12:11.015469,27.27,78.25,24.04,5.71,1.17,586.45,40.0,0,normal
2027-04-15 21:12:11.080645,27.76,79.23,24.84,6.2,0.71,956.44,100.0,0,normal
2027-02-14 08:12:10.989210,23.86,75.97,24.29,6.04,0.71,591.24,40.0,0,normal
2027-04-14 22:12:11.079178,27.64,76.66,24.32,6.51,0.79,571.83,40.0,0,normal
2026-07-03 09:12:10.663860,21.22,72.58,24.7,5.86,0.54,634.55,100.0,0,normal
2027-06-20 12:12:11.180026,23.18,68.94,23.52,6.3,0.82,461.23,40.0,0,normal
2027-04-04 22:12:11.064723,24.88,79.61,24.81,6.25,1.09,501.81,40.0,0,normal
2026-07-02 12:12:10.662692,22.82,71.35,24.71,5.99,1.35,538.74,40.0,0,normal
2026-11-17 02:12:10.859522,24.68,72.38,24.41,6.04,1.01,436.25,40.0,0,normal
2026-05-28 18:12:10.612166,19.54,80.34,23.74,6.06,1.07,963.59,100.0,0,normal
2027-01-13 12:12:10.944350,23.39,70.64,25.88,6.15,1.19,775.69,100.0,0,normal
2027-03-04 10:12:11.016163,23.85,73.7,24.0,6.47,0.12,421.3,40.0,0,normal
2026-05-24 10:12:11.203354,23.5,75.0,13.23,6.15,1.9,600.0,47.17,1,drought
2027-04-19 22:12:11.086684,24.39,73.46,23.96,6.06,1.17,724.01,100.0,0,normal
2026-10-29 04:12:10.829888,23.53,75.16,25.58,6.49,1.27,769.9,100.0,0,normal
2026-07-03 14:12:10.664131,29.27,70.87,25.92,6.41,0.68,249.0,40.0,0,normal
2026-09-27 02:12:10.783457,24.62,80.25,23.53,6.04,0.82,893.65,100.0,0,normal
2027-04-01 20:12:11.059263,25.64,72.47,26.8,6.22,0.68,758.68,100.0,0,normal
2026-11-02 08:12:10.835778,24.64,76.57,25.8,6.4,0.47,513.23,40.0,0,normal
2026-07-27 02:12:10.696707,28.95,74.28,27.0,6.14,0.1,808.26,100.0,0,normal
2026-09-30 09:12:10.788009,26.52,70.61,24.18,6.03,0.24,406.77,40.0,0,normal
2027-04-29 19:12:11.100344,25.86,71.45,25.76,6.36,0.95,345.45,40.0,0,normal
2026-06-23 08:12:10.650301,25.88,82.45,26.07,6.77,0.57,664.75,100.0,0,normal
2026-06-25 17:12:11.203030,23.5,75.0,17.1,6.15,1.65,600.0,48.93,1,drought
2027-03-13 20:12:11.031151,24.52,72.11,24.01,5.87,0.52,478.93,40.0,0,normal
2027-01-05 15:12:10.933532,24.85,72.55,25.96,6.08,0.58,307.87,40.0,0,normal
2027-02-05 20:12:10.976166,21.25,74.38,25.12,5.88,0.46,559.08,40.0,0,normal
2026-06-23 23:12:11.201446,36.92,48.19,25.0,6.15,0.75,600.0,0.0,1,high_temp
2027-03-11 10:12:11.027540,24.23,78.22,24.38,6.04,0.76,258.52,40.0,0,normal
2026-09-07 21:12:10.755188,18.71,75.59,24.25,6.78,1.1,526.35,40.0,0,normal
2027-03-31 02:12:11.056224,26.33,69.36,23.19,6.26,0.99,677.13,100.0,0,normal
2027-05-08 10:12:11.113048,26.11,77.56,25.07,5.84,1.0,436.56,40.0,0,normal
2027-05-23 09:12:11.135546,24.19,66.7,26.19,6.57,0.09,528.75,40.0,0,normal
2027-01-01 18:12:10.928018,25.09,76.81,24.73,6.43,0.57,491.84,40.0,0,normal
2027-05-25 07:12:11.138446,19.67,79.41,25.6,5.5,1.27,750.94,100.0,0,normal
2026-10-31 03:12:10.832643,29.85,76.08,24.78,6.16,0.71,557.42,40.0,0,normal
2026-10-17 05:12:10.813094,20.5,71.62,25.87,6.48,0.52,502.83,40.0,0,normal
2026-07-24 17:12:10.693413,24.06,69.64,25.28,5.99,0.63,484.47,40.0,0,normal
2026-07-13 20:12:10.678003,19.57,68.6,26.49,5.98,0.9,206.61,40.0,0,normal
2027-04-09 07:12:11.071111,28.15,67.03,24.31,6.42,0.88,538.96,40.0,0,normal
2026-08-09 04:12:10.714288,30.0,71.08,24.72,5.86,0.88,612.01,100.0,0,normal
2026-12-02 03:12:10.882083,24.2,69.0,26.31,6.44,0.23,949.47,100.0,0,normal
2026-09-24 06:12:10.779030,20.79,74.9,25.71,5.64,0.52,643.06,100.0,0,normal
2026-09-12 23:12:10.762560,23.2,69.62,24.8,6.36,1.25,372.07,40.0,0,normal
2026-05-29 22:12:10.614422,21.24,75.2,25.79,6.64,0.66,403.9,40.0,0,normal
2027-06-08 00:12:11.159229,27.84,68.08,23.7,6.45,0.43,543.02,40.0,0,normal
2026-09-13 12:12:10.763726,19.56,67.04,25.71,6.3,0.84,423.42,40.0,0,normal
2026-08-15 08:12:10.722879,25.3,71.4,23.0,6.46,0.78,677.38,100.0,0,normal
2027-04-14 02:12:11.078063,22.88,72.08,25.04,6.22,0.89,486.87,40.0,0,normal
2026-09-05 15:12:10.752217,26.95,74.98,24.07,6.21,0.71,445.96,40.0,0,normal
2027-06-12 11:12:11.166347,21.38,71.82,24.7,6.3,0.78,337.41,40.0,0,normal
2027-05-18 03:12:11.127225,24.18,70.48,25.86,5.79,0.93,678.55,100.0,0,normal
2027-02-12 13:12:10.986644,17.68,75.03,25.08,5.77,0.76,643.5,100.0,0,normal
2026-10-10 02:12:10.802404,21.41,69.46,24.25,6.41,0.56,331.92,40.0,0,normal
2026-11-27 20:12:10.875594,20.07,82.3,24.01,6.23,0.47,876.11,100.0,0,normal
2026-07-10 09:12:10.673431,24.54,74.6,23.7,6.13,0.8,737.47,100.0,0,normal
2027-02-13 13:12:10.987995,23.98,77.91,26.07,5.95,0.53,840.66,100.0,0,normal
2026-12-18 12:12:10.906548,25.53,72.65,24.66,6.4,0.42,879.47,100.0,0,normal
2026-12-29 08:12:10.922884,23.25,73.03,25.92,6.01,0.78,756.23,100.0,0,normal
2026-08-31 10:12:10.745350,21.82,70.56,25.65,6.28,0.8,539.51,40.0,0,normal
2027-03-07 14:12:11.021612,25.95,73.1,24.58,6.31,1.23,630.07,100.0,0,normal
2026-06-23 02:12:10.649960,21.62,70.31,25.69,6.22,0.64,823.44,100.0,0,normal
2026-07-31 06:12:10.702275,23.81,77.77,23.74,5.5,0.43,755.52,100.0,0,normal
2027-05-03 19:12:11.106276,21.58,81.31,24.83,6.52,1.21,616.45,100.0,0,normal
2027-01-09 11:12:10.939004,27.42,75.18,24.81,6.2,0.83,638.8,100.0,0,normal
2026-11-22 11:12:10.867946,22.16,66.21,24.41,6.13,0.39,661.83,100.0,0,normal
2026-06-10 11:12:10.631713,23.22,73.22,24.69,6.35,0.81,721.76,100.0,0,normal
2027-02-07 02:12:10.978274,23.91,78.48,24.64,6.18,0.62,719.24,100.0,0,normal
2027-01-15 23:12:10.947894,23.2,80.19,23.72,6.19,1.0,772.08,100.0,0,normal
2026-12-24 08:12:10.914542,19.51,76.94,24.43,6.17,0.55,413.6,40.0,0,normal
2027-01-01 15:12:10.927853,25.2,65.0,24.33,6.46,1.41,860.22,100.0,0,normal
2026-06-26 21:12:10.655196,26.09,82.09,25.23,6.01,0.23,764.11,100.0,0,normal
2027-03-20 23:12:11.041289,23.43,79.66,25.96,5.72,0.47,691.13,100.0,0,normal
